Type,Title,Organization,Status,Availability or Year,Geography,Covered States,Coverage Note,Coverage Source URL,Community,Community Type,Best For,Project Stage,Type of Help,Topics,Summary,Amount or Cost,Match or Cost,Official URL,Last Checked,Record ID
Funding,Community Development Block Grant,ADECA Community and Economic Development,Recurring,Annual workshop in Q1; PY2026 manual posted,Alabama,,,,,,Non-entitlement cities; towns; counties,Mixed,Grant,downtown revitalization; public facilities; planning; infrastructure,"Supports downtown, streetscape, and facility work around recreation hubs.","Small City up to $400,000; Large City and County up to $500,000; Community Enhancement up to $400,000",Varies,https://adeca.alabama.gov/cdbg,2026-06-09,RERC-FND-0003
Funding,Land and Water Conservation Fund,ADECA Federal Initiatives and Recreation Division,Recurring,Fall cycle; 2026 materials posted,Alabama,,,,,,Cities; counties; state agencies; educational institutions,Mixed,Grant,parks; splash pads; ballfields; camping; acquisition,Funds public outdoor recreation facilities in small towns.,Varies; 2025 awards totaled $7.5M,50%,https://adeca.alabama.gov/category/fir/lwcf,2026-06-09,RERC-FND-0007
Funding,Recreational Trails Program,ADECA Federal Initiatives and Recreation Division,Recurring,Fall cycle; 2026 materials posted,Alabama,,,,,,State and federal agencies; local governments,Construction,Grant,trails; trailheads; accessibility; outdoor recreation,Builds trail assets that anchor rural recreation tourism.,"$200,000-$500,000",20% local,https://adeca.alabama.gov/trails,2026-06-09,RERC-FND-0008
Funding,Delta Regional Authority programs,ADECA and DRA,Recurring,Spring annual cycle,Alabama,,,,,,Local; state; regional agencies through LDD partners,Mixed,Grant,infrastructure; transportation; business; entrepreneurship; leadership,Helps Black Belt communities fund enabling infrastructure for visitor economies.,Varies,Varies,https://adeca.alabama.gov/dra,2026-06-09,RERC-FND-0005
Funding,Southeast Crescent Regional Commission SEID,ADECA and SCRC,Recurring,Program active under 2023-2026 state plan,Alabama,,,,,,Eligible local and regional entities through LDDs,Mixed,Grant,infrastructure; business development; natural resources; workforce,Supports natural-resource and infrastructure projects in rural recreation corridors.,Varies,20%-50% by county distress,https://adeca.alabama.gov/scrc,2026-06-09,RERC-FND-0010
Funding,Alabama RC&D Grants,Alabama Association of RC&D Councils,Cycle closed,"The FY2026 application period ended June 30, 2026.",Alabama,,,,,,"Nonprofits, units of government, sub-units of government",Mixed,Grant,natural resources; community development; quality of life; education,"Can support small rural recreation, conservation, education, and community-quality projects that strengthen local recreation-economy capacity.",Varies,Not stated,https://alabamarcd.org/grants,2026-07-13,RERC-FND-0002
Funding,State Energy Program Energy-Efficient Retrofits,Alabama Department of Economic and Community Affairs Energy Division,Recurring,"FY2026 awards announced April 17, 2026; monitor ADECA funding opportunities",Alabama,,,,,,Local governments and nonprofit organizations,Mixed,Grant,energy efficiency; public facilities; nonprofit facilities,"Reduces operating costs for community centers, athletic complexes, visitor facilities, and recreation-serving nonprofits.","2026 awards totaled just over $500,000; listed awards roughly $32,660-$50,000",Not stated,https://adeca.alabama.gov/2026/04/17/gov-ivey-awards-grants-for-energy-efficient-upgrades,2026-06-09,RERC-FND-0011
Funding,"Rehabilitation, Preservation, and Development of Historic Structures Credit",Alabama Department of Revenue and Alabama Historical Commission,Open when checked,Tax years 2018-2027,Alabama,,,,,,Owners of eligible historic residential or commercial properties,Construction,Tax Credit,historic preservation; downtown revitalization; adaptive reuse,"Can help rural downtowns rehabilitate historic buildings for lodging, outfitters, restaurants, visitor centers, and heritage tourism.",25 percent refundable and transferable credit; $20 million annual reservation cap through 2027,Eligible rehabilitation expenses required,https://www.revenue.alabama.gov/tax-types/rehabilitation-preservation-and-development-of-historic-structures-credit,2026-06-09,RERC-FND-0009
Funding,Alabama Power Foundation Good Roots and Gateway,Alabama Power Foundation,Recurring,Annual foundation grantmaking,Alabama,,,,,,Cities; counties; schools; towns; nonprofits,Implementation,Grant,beautification; gateways; tourism marketing; environment,"Small but practical support for gateways, signs, and place-based visitor appeal.","Good Roots up to $1,000; Gateway up to $2,500; broader grants vary",Not stated,https://www.powerofgood.com/,2026-06-09,RERC-FND-0001
Funding,Competitive Grantmaking,Community Foundation of Greater Birmingham,Recurring,"Fall 2026 grant cycle opens July 27, 2026; brief proposals due August 14, 2026",Alabama,,,,,,Nonprofits serving the foundation region,Mixed,Grant,thriving communities; regional cooperation; economic opportunity; poverty reduction,"Can fund nonprofit capacity, public-realm partnerships, workforce, and community-building projects that complement recreation-economy strategies.",Spring 2026 awards totaled $1.6 million to 66 organizations; award size varies,Not stated,https://www.cfbham.org/grants,2026-06-09,RERC-FND-0004
Funding,Forever Wild Land Trust Tract Nomination and Acquisition,Forever Wild Land Trust and Alabama Department of Conservation and Natural Resources,Open when checked,Rolling tract nominations; Board review process,Alabama,,,,,,"Landowners, local governments, conservation partners, and public nominators",Mixed,Grant,land conservation; public access; outdoor recreation; stewardship,"Creates or expands public conservation lands for hiking, paddling, hunting, biking, and rural outdoor destinations.",Fair-market land purchase if selected; 15 percent of appraised value deposited for stewardship,See program,https://www.alabamaforeverwild.com/contact/nominate_land_tracts,2026-06-09,RERC-FND-0006
Funding,Grantmaking Programs,Alaska Conservation Foundation,Open when checked,"Cycles vary by Rapid Response, Discovery, Watchable Wildlife, and other programs",Alaska,,,,,,Alaska conservation organizations and eligible partners,Mixed,Grant,conservation; wildlife; environmental stewardship; grassroots capacity,Conservation capacity and wildlife stewardship directly support nature-based tourism and outdoor recreation assets.,Varies by program,Not stated,https://alaskaconservation.org/community-resources/grant-opportunities,2026-06-09,RERC-FND-0016
Funding,Land and Water Conservation Fund,Alaska DNR Division of Parks and Outdoor Recreation,Recurring,Application period 2026-08-14 to 2026-10-31,Alaska,,,,,,Local; regional; state entities with legal authority for outdoor recreation,Mixed,Grant,parks; outdoor recreation; acquisition; facilities,Funds parks and recreation facilities that serve residents and visitors.,Varies,Unsure,https://dnr.alaska.gov/parks/grants/lwcf.htm,2026-06-09,RERC-FND-0018
Funding,DEC Brownfields Assessment and Cleanup Program,Alaska Department of Environmental Conservation,Recurring,Check with the program,Alaska,,,,,,"public, quasi-public or non-profit entities such as municipalities, tribal governments, native corporations and community development organizations",Planning,Grant,Planning; Conservation; Brownfields; Energy/Climate,"Aid in the development of brownfields inventories, as well as conducting environmental assessments, and creating cleanup and reuse plans.",See program,See program,https://www.epa.gov/brownfields,2026-06-09,RERC-FND-0013
Funding,Historic Preservation Fund,Alaska Department of Natural Resources Division of Parks and Outdoor Recreation,Recurring,Check with the program,Alaska,,,,,,local governments that are certified through the Alaska State Historic Preservation Officer,Mixed,Grant,Recreation; Conservation; Historic/Cultural; Energy/Climate,"Helps eligible local governments identify, evaluate, and protect historic properties in Alaska.",See program,"Yes, 40%",https://dnr.alaska.gov/parks/grants/index.htm,2026-06-09,RERC-FND-0017
Funding,Recreation Trails Program,Alaska Department of Natural Resources Division of Parks and Outdoor Recreation,Recurring,Check with the program,Alaska,,,,,,"non-profit organizations, educational institutions, state, local and federal government entities, native corporations, and tribal governments",Construction,Grant,Recreation; Conservation; Energy/Climate,Develops and repairs recreational trails and trail facilities for motorized and non-motorized use.,See program,See program,https://www.fhwa.dot.gov/environment/recreational_trails,2026-06-09,RERC-FND-0021
Funding,Snowmachine Grant Program,Alaska Department of Natural Resources Division of Parks and Outdoor Recreation,Recurring,Check with the program,Alaska,,,,,,Eligibility varies by opportunity; review the current program page.,Mixed,Grant,Recreation; Conservation,Offers potential funding for eligible snowmachine recreation projects in Alaska. Check current program information for eligible work and cycle details.,See program,See program,https://dnr.alaska.gov/parks/grants/index.htm,2026-06-09,RERC-FND-0024
Funding,Renewable Energy Village Energy Efficiency Program,Alaska Energy Authority,Recurring,"Third RFA applications due February 27, 2026",Alaska,,,,,,Qualified applicants for public buildings and facilities in rural Alaska,Mixed,Grant,renewable energy; energy efficiency; public facilities; cost reduction,"Lowers costs for rural public facilities that support recreation programming, visitor services, and community gatherings.",Not stated in public notice,Not stated,https://aws.state.ak.us/OnlinePublicNotices/Notices/View.aspx?id=222124,2026-06-09,RERC-FND-0022
Funding,Energy Efficiency Revolving Loan Program for Public Facilities,Alaska Housing Finance Corporation,Open when checked,Ongoing loan program,Alaska,,,,,,"Municipalities, state, University of Alaska, and regional educational attendance areas",Mixed,Loan,energy efficiency; public buildings; operating cost reduction,"Helps public recreation, community, and visitor-serving facilities reduce energy burdens in high-cost Alaska communities.",Loan financing based on investment-grade audit; amount varies,Repaid from guaranteed savings,https://www.ahfc.us/efficiency/non-residential-buildings/energy-efficiency-revolving-loan-fund-aeerlp,2026-06-09,RERC-FND-0015
Funding,Community Challenge Grant Program,Anchorage Park Foundation with Anchorage Parks and Recreation and Rasmuson Foundation,Cycle closed,Offered every two years; 2026 round closed and awarded May 2026,Alaska,,,,,,"Neighborhood volunteers, community groups, and public-land partners",Mixed,Grant,parks; trails; outdoor access; stewardship,Funds community-led park and trail improvements that can strengthen visitor access and local recreation stewardship.,"2026 round awarded $311,000 to 14 projects",None,https://anchorageparkfoundation.org/grants,2026-06-09,RERC-FND-0634
Funding,EV Charging Incentive Programs,Chugach Electric Association,Open when checked,Ongoing program; 2026 public fast-charging expansion noted,Alaska,,,,,,Individuals and businesses installing eligible EV charging,Mixed,Rebate,EV charging; mobility; visitor infrastructure,"Supports EV-ready gateway corridors, trailheads, workplaces, fleets, and public charging for visitors.",Bill credit; amount varies by incentive,Customer cost-share inherent,https://www.chugachelectric.com/energy-solutions/electric-vehicles,2026-06-09,RERC-FND-0014
Funding,Alaska Forest Fund,National Forest Foundation with Forest Service and partners,Open when checked,Ongoing fund and partnership model,Alaska,,,,,,"Nonprofit partners, local contractors, and rural communities adjacent to National Forests",Mixed,Grant,forest stewardship; restoration; recreation access; rural contractors,"Helps rural communities near national forests capture stewardship, restoration, and recreation-economy benefits.",Varies,Not stated,https://www.nationalforests.org/regional-programs/pnwprogram/alaska-forest-fund,2026-06-09,RERC-FND-0012
Funding,Rasmuson Foundation Tier 1 and Community Support Grants,Rasmuson Foundation,Open when checked,Apply today; ongoing foundation cycles,Alaska,,,,,,Eligible Alaska organizations,Construction,Grant,capital; park improvements; equipment; community centers,"Funds practical community assets, including park improvements and equipment.","Tier 1 up to $35,000; Community Support up to $250,000",Varies,https://rasmuson.org/find-funding,2026-06-09,RERC-FND-0020
Funding,Rural Alaska Community Grants,RurAL CAP Foundation,Open when checked,2026 deadlines April 30 and November 30,Alaska,,,,,,Rural Alaska nonprofits and governmental agencies,Mixed,Grant,rural community development; culture; leadership; well-being,"Flexible small grants can close gaps for rural recreation programming, cultural tourism, volunteer projects, and community well-being.",Small grants; amount not stated on source page,Not stated,https://www.ruralcapfoundation.org/,2026-06-09,RERC-FND-0023
Funding,American Samoa SSBCI 2.0,American Samoa Department of Commerce,Open when checked,Check DOC and AS-SBDC materials for current borrower and lender requirements.,American Samoa,,,,,,American Samoa small businesses and participating lenders or technical assistance partners listed by the program.,Implementation,Financing,SSBCI; small business; access to capital; technical assistance; entrepreneurship,"Supports small business access to capital, credit support, and technical assistance in American Samoa.","Treasury approved up to $57,000,000; technical assistance grant listed at $470,304.",See program,https://www.doc.as.gov/ssbci,2026-06-24,RERC-FND-0025
Funding,Festival Grants,Arizona Commission on the Arts,Recurring,FY2027 closed; FY2028 opens early 2027,Arizona,,,,,,Arizona nonprofits; local governments; tribal governments; local arts agencies,Implementation,Grant,festivals; arts; culture; marketing; accessibility,Cultural festivals add visitor reasons beyond trails and parks.,"$1,000-$5,000",No cash match required,https://azarts.gov/grant/festival,2026-06-09,RERC-FND-0028
Funding,AZ SMART Fund,Arizona Department of Transportation,Open when checked,Rolling through State Transportation Board approvals,Arizona,,,,,,Cities; towns; counties; ADOT,Mixed,Grant,trails; bike-ped paths; roads; bridges; transit; federal leverage,Helps rural communities compete for larger trail and access grants.,Varies by federal grant need,Supports match for federal discretionary grants,https://azdot.gov/planning/grant-coordination/az-smart-fund,2026-06-09,RERC-FND-0026
Funding,Play Ball Fund Grant Program,Arizona Diamondbacks Foundation and Arizona Complete Health,Open when checked,"Applications considered April-September; entry closes August 31, 2026",Arizona,,,,,,"Arizona youth teams, leagues, and organizations",Mixed,Grant,youth sports; recreation access; equipment; facility upgrades,"Small but practical source for youth recreation access, local sports facilities, and community recreation programming.","Up to $1,000; $90,000 total in 2026 season",None stated,https://www.mlb.com/dbacks/community/youth-sports/play-ball-fund,2026-06-09,RERC-FND-0033
Funding,State Lake Improvement Fund,Arizona State Parks Board,Recurring,Recurring,Arizona,,,,,,Arizona Game and Fish; counties; cities; towns,Mixed,Grant,boat launches; water access; support facilities; safety,Helps lake-based rural destinations improve visitor infrastructure.,"$5,000-$1,040,000 per project",Unsure,https://azstateparks.com/grants,2026-06-09,RERC-FND-0035
Funding,Land and Water Conservation Fund,Arizona State Parks and Trails,Recurring,Recurring state parks grant cycle,Arizona,,,,,,Cities; towns; counties; tribal governments; state and federal agencies,Mixed,Grant,parks; acquisition; playgrounds; pools; splash pads; ADA,Builds public recreation facilities in rural and tribal destinations.,Variable,50% typical LWCF match,https://azstateparks.com/grants,2026-06-09,RERC-FND-0029
Funding,Off-Highway Vehicle Fund Grants,Arizona State Parks and Trails,Open when checked,Current application materials posted through AZParkGrants,Arizona,,,,,,"Federal, state, county, and local governments, and nonprofits",Mixed,Grant,OHV trails; trail maintenance; facilities; stewardship; safety,Funds motorized recreation infrastructure and stewardship that can drive rural visitor spending.,"$4,000,000 available",Not stated on page,https://azstateparks.com/off-highway-vehicle-fund-grants,2026-06-09,RERC-FND-0030
Funding,Off-Highway Vehicle Recreation Fund,Arizona State Parks and Trails,Recurring,Recurring,Arizona,,,,,,Governments; tribes; nonprofits; clubs; law enforcement for LE grants,Mixed,Grant,OHV trails; facilities; law enforcement; signage; education,Supports managed motorized recreation in rural gateway areas.,"About $2M annually; small scale up to $100,000; signage up to $10,000",Unsure,https://azstateparks.com/grants,2026-06-09,RERC-FND-0031
Funding,Recreational Trails Program,Arizona State Parks and Trails,Open when checked,Reauthorized through federal FY2026,Arizona,,,,,,Nonprofits; clubs; local; regional; state; federal; tribal governments,Construction,Grant,motorized trails; nonmotorized trails; trailheads; accessibility; education,Direct source for trail systems that drive outdoor recreation visits.,About $2M available statewide,Unsure,https://azstateparks.com/grants,2026-06-09,RERC-FND-0034
Funding,Comunidad Grants,Community Foundation for Southern Arizona,Recurring,2026 grants funded in June 2026,Arizona,,,,,,Eligible nonprofits and charitable organizations,Mixed,Grant,rural communities; nonprofit capacity; community benefit,Useful for rural southern Arizona communities needing small flexible funds for recreation-linked community projects.,Varies,Not stated,https://cfsaz.org/grants/comunidad-grants,2026-06-09,RERC-FND-0027
Funding,POWER Grants,Trico Electric Cooperative Charitable Trust,Recurring,Fall 2026 opens September 2026,Arizona,,,,,,501(c)(3) nonprofits serving significant numbers in Trico territory,Implementation,Grant,"nonprofits, education, arts, childcare, community services","Can support rural nonprofit projects tied to public spaces, youth, arts, and visitor community vitality.","Up to $10,000 per nonprofit",No match stated,https://trico.coop/community/grants,2026-06-09,RERC-FND-0032
Funding,Giving Tree Grants,Arkansas Community Foundation,Recurring,"January 10-February 15, 2026 cycle listed",Arkansas,,,,,,"501(c)(3) public charities, schools, hospitals, and government agencies serving eligible counties",Mixed,Grant,local needs; nonprofit capacity; community improvement,"Flexible local grants can support recreation events, trail groups, placemaking, and small nonprofit capacity.",Average grant size varies by affiliate,Not stated,https://www.arcf.org/apply-for-giving-tree-grants,2026-06-09,RERC-FND-0039
Funding,Urban and Community Forestry Grants / Free Tree Fridays,Arkansas Department of Agriculture Forestry Division,Recurring,2026 Free Tree Fridays wrapped; forestry grant program recurring,Arkansas,,,,,,Local governments; community partners; residents for tree distribution,Mixed,Grant,tree planting; canopy; green infrastructure; education,"Improves shade, downtown comfort, and trail corridor appearance.",Unsure,Unsure,https://www.fs.usda.gov/managing-land/urban-forests/ucf,2026-06-09,RERC-FND-0049
Funding,FUN Park Grants,"Arkansas Department of Parks, Heritage and Tourism Office of Outdoor Recreation",Open when checked,Opens 2026-05-01; due 2026-08-28,Arkansas,,,,,,"Municipalities under 7,500; unincorporated communities sponsored by counties",Construction,Grant,parks; playgrounds; outdoor facilities; underserved communities,Strong fit for small RERC-type towns needing first recreation assets.,"Up to $100,000",No match,https://adpht.arkansas.gov/office-of-outdoor-recreation/arkansas-outdoor-grants,2026-06-09,RERC-FND-0038
Funding,Great Strides Program,"Arkansas Department of Parks, Heritage and Tourism Office of Outdoor Recreation",Open when checked,Opens 2026-03-09; due 2026-06-30,Arkansas,,,,,,Arkansas public applicants under program rules,Construction,Grant,walking trails; trail renovation; signs; markings,Funds walkable trail assets tied to health and recreation.,Unsure,Unsure,https://adpht.arkansas.gov/office-of-outdoor-recreation/arkansas-outdoor-grants,2026-06-09,RERC-FND-0040
Funding,Outdoor Recreation Matching Grants,"Arkansas Department of Parks, Heritage and Tourism Office of Outdoor Recreation",Open when checked,Opens 2026-05-01; due 2026-08-28,Arkansas,,,,,,Arkansas municipalities and counties,Mixed,Grant,parks; outdoor recreation facilities; land acquisition,"Major source for rural parks, trailheads, and recreation facilities.",No maximum stated,50%,https://adpht.arkansas.gov/office-of-outdoor-recreation/arkansas-outdoor-grants,2026-06-09,RERC-FND-0044
Funding,Recreational Trails Program,Arkansas Department of Transportation,Recurring,2026 nonmotorized due 2026-04-30; motorized reviewed rolling,Arkansas,,,,,,Local public agencies and eligible sponsors,Construction,Grant,motorized trails; nonmotorized trails; trailheads; linkages,Direct trail funding for rural outdoor recreation economies.,Varies,Unsure,https://www.fhwa.dot.gov/environment/recreational_trails,2026-06-09,RERC-FND-0045
Funding,Transportation Alternatives Program,Arkansas Department of Transportation,Recurring,2026 applications due 2026-04-30; recurring,Arkansas,,,,,,Local public agencies,Mixed,Grant,sidewalks; bike-ped infrastructure; trails; Safe Routes,"Builds active transportation links between downtowns, trails, and parks.",Varies,Minimum 20% local,https://www.fhwa.dot.gov/environment/transportation_alternatives,2026-06-09,RERC-FND-0048
Funding,Rural Community Grant Program,Arkansas Economic Development Commission Division of Rural Services,Recurring,FY2026 deadline was 2026-03-12; recurring,Arkansas,,,,,,Rural Arkansas communities,Construction,Grant,community facilities; parks; recreation; museums; beautification,"Small gap funding for parks, museums, and civic visitor assets.","Up to $15,000 typical",Local match required,https://www.arkansasedc.com/Rural-Services/division/grants,2026-06-09,RERC-FND-0046
Funding,Rural Services Block Grants,Arkansas Economic Development Commission Division of Rural Services,Available,Recurring; check AEDC deadlines calendar,Arkansas,,,,,,Rural local governments and eligible rural sponsors,Construction,Grant,community facilities; public safety; quality of life,Helps small towns cover practical facility gaps around recreation growth.,Unsure,None,https://www.arkansasedc.com/Rural-Services/division/grants,2026-06-09,RERC-FND-0635
Funding,Community Grant Program,Arkansas Farm Bureau Foundation,Cycle closed,"2025-2026 applications opened November 3, 2025 and closed January 15, 2026; funding issued by March 31, 2026",Arkansas,,,,,,Arkansas nonprofits and tax-exempt entities,Implementation,Grant,rural communities; agriculture; community ties,"Rural community grants can support local amenities, fairs, agri-tourism links, and recreation-adjacent community projects.",Not stated on source page,Not stated,https://www.arfb.com/pages/foundation/arfb-foundation-grant-recipients,2026-06-09,RERC-FND-0036
Funding,Entergy Solutions for Arkansas Businesses,Entergy Arkansas,Open when checked,Ongoing business programs,Arkansas,,,,,,"Entergy Arkansas business customers, including small businesses and agricultural facilities",Mixed,Rebate,energy efficiency; small business; agricultural business; facility upgrades,"Reduces operating costs for outfitters, lodging, food service, visitor centers, and recreation facilities.",Incentives vary by measure and program,Customer cost-share inherent,https://www.entergyarkansas.com/energyefficiency/business,2026-06-09,RERC-FND-0037
Funding,Small Business Energy Solutions,Entergy Arkansas,Open when checked,Ongoing program year,Arkansas,,,,,,Entergy Arkansas small business customers under 100 kW peak demand,Mixed,Rebate,"lighting, refrigeration, HVAC, insulation, small business",Rural downtown businesses and visitor-serving shops can improve comfort and cut bills.,$0.20-$0.35 per kWh saved; some direct install at full cost,Customer share varies,https://www.entergyarkansas.com/energyefficiency/business/small-business,2026-06-09,RERC-FND-0047
Funding,Green Networks Subawards,Metroplan,Cycle closed,The listed funding rounds have been awarded; watch for a future round.,Arkansas,,,,,,"Municipalities, counties, and nonprofit partners",Mixed,Grant,land preservation; land restoration; tree planting; green networks,"Green networks, restored land, and tree planting improve outdoor access, trails, and recreation-quality landscapes.",$15.5 million subaward pool; Round 2 awarded $5.9 million,Varies by subaward,https://metroplan.org/press-release-greennetworks-funding-2026,2026-07-13,RERC-FND-0041
Funding,Home Region Grants,Walton Family Foundation,Recurring,Rolling or invitation-based foundation cycles,Arkansas,,,,,,Nonprofits and public partners aligned with foundation priorities,Mixed,Grant,trails; public space; conservation; economic opportunity; placemaking,"Major private funder for trail, public realm, and regional recreation systems.",Varies,Varies,https://www.waltonfamilyfoundation.org/grants,2026-06-09,RERC-FND-0042
Funding,Home Region and Design Excellence Grants,Walton Family Foundation,Open when checked,Ongoing strategic grantmaking; no unsolicited cycle,Arkansas,,,,,,"Invited nonprofit, government, and partner organizations; unsolicited proposals not accepted",Mixed,Grant,Northwest Arkansas; Mississippi Delta; design; community systems; rivers,"Major regional funder for trails, public realm, design quality, conservation, and recreation-economy systems in Northwest Arkansas.",Varies,Not stated,https://www.waltonfamilyfoundation.org/grants,2026-06-09,RERC-FND-0043
Funding,Grants Program,California Arts Council,Recurring,Check with the program,California,,,,,,Eligibility varies by opportunity; review the current program page.,Mixed,Grant,Historic/Cultural; Energy/Climate,"Ensure every Californian has the opportunity to create, participate, and flourish through the power of artistic expression.","Up to $75,000",varies by grant,https://arts.ca.gov/grants,2026-06-09,RERC-FND-0056
Funding,"Funding, Grants, Easements",California Department of Conservation,Recurring,Check with the program,California,,,,,,Eligibility varies by opportunity; review the current program page.,Mixed,Grant,Conservation,"Lists funding, grants, and easement programs that help conserve California agricultural land.",varies by grant,varies by grant,https://www.conservation.ca.gov/dlrp/grant-programs,2026-06-09,RERC-FND-0055
Funding,Grants Program,California Department of FIsh and WIldlife,Recurring,Check with the program,California,,,,,,Eligibility varies by opportunity; review the current program page.,Mixed,Grant,General Community Development,"Offers potential funding related to general community development. Check current program information for eligible applicants, activities, and timing.",varies by grant,varies by grant,https://wildlife.ca.gov/Grants,2026-06-09,RERC-FND-0057
Funding,Division of Boating and Waterways,California Department of Parks and Recreation,Recurring,Check with the program,California,,,,,,Eligibility varies by opportunity; review the current program page.,Construction,Grant,Infrastructure; Recreation,"Enhance recreational boating infrastructure and safety statewide from Mission Bay to Lake Shasta and many lakes, rivers, and streams in between.",varies by grant,varies by grant,https://parks.ca.gov/?page_id=1008,2026-06-09,RERC-FND-0053
Funding,Office of Grants and Local Services,California Department of Parks and Recreation,Recurring,Check with the program,California,,,,,,Eligibility varies by opportunity; review the current program page.,Mixed,Grant,Recreation,"Offers potential funding related to recreation. Check current program information for eligible applicants, activities, and timing.",varies by grant,varies by grant,https://parks.ca.gov/?page_id=1008,2026-06-09,RERC-FND-0061
Funding,Certified Local Government Grant Program,California Office of Historic Preservation,Recurring,Annual competitive cycle; forms and deadlines are posted during active application periods,California,,,,,,California local governments that participate in the Certified Local Government Program,Planning and implementation,Grant,historic preservation; planning; surveys; local programs,Provides competitive grants to qualified local governments for local historic preservation planning and programs.,Varies by annual allocation,See current program requirements,https://ohp.parks.ca.gov/?page_id=24493,2026-08-05,RERC-FND-0058
Funding,State Coastal Conservancy Grants,California State Coastal Conservancy,Recurring,Rolling board cycles; verify current solicitation,California,,,,,,Public agencies; tribes; nonprofits; eligible coastal partners,Mixed,Grant,coastal access; trails; habitat; waterfronts; climate resilience,"Supports coastal trail towns, access points, and nature-based visitor infrastructure.",Varies,Varies,https://scc.ca.gov/grants,2026-06-09,RERC-FND-0066
Funding,OHMVR Grants and Cooperative Agreements Program,California State Parks Off-Highway Motor Vehicle Recreation Division,Recurring,"2026 final applications due June 1, 2026; intent to award August 3, 2026",California,,,,,,Eligible agencies and organizations supporting managed OHV recreation,Mixed,Grant,OHV recreation; trails; operations; maintenance; safety; restoration,"Supports managed motorized trail systems, rural visitor use, and stewardship in recreation destinations.",Varies,Varies by grant type,https://ohv.parks.ca.gov/?page_id=1164,2026-06-09,RERC-FND-0060
Funding,Land and Water Conservation Fund,California State Parks Office of Grants and Local Services,Recurring,Recurring; virtual workshops listed,California,,,,,,Local governments; tribes; state agencies,Mixed,Grant,parks; outdoor recreation; acquisition; development,Funds local parks and outdoor recreation facilities.,Varies,50% typical LWCF match,https://www.parks.ca.gov/?page_id=21360,2026-06-09,RERC-FND-0059
Funding,Recreational Trails Program,California State Parks Office of Grants and Local Services,Recurring,Next application cycle expected 2026-2027,California,,,,,,Local; state; federal; nonprofit trail sponsors under RTP rules,Mixed,Grant,trails; trailheads; maintenance; motorized and nonmotorized recreation,Core source for trail networks in rural recreation areas.,Varies,Unsure,https://www.parks.ca.gov/?page_id=29752,2026-06-09,RERC-FND-0063
Funding,Statewide Park Development and Community Revitalization Program,California State Parks Office of Grants and Local Services,Recurring,Final guide expected summer 2026; application period opens summer 2026,California,,,,,,Local agencies and eligible community partners under final guide,Mixed,Grant,parks; underserved communities; recreation access; public health,Can create or renovate parks that serve as visitor and resident anchors.,$188.5M program total,Unsure,https://www.parks.ca.gov/NewsRelease/1523,2026-06-09,RERC-FND-0067
Funding,Bike Program,California Transportation Commission,Recurring,Check with the program,California,,,,,,"federal, state, and local transportation agencies",Mixed,Grant,Infrastructure; Recreation,To fully integrate bicycles into all aspects of the California transportation system and to improve safety and convenience for bicyclists on state and local facilities.,Technical Assistance,See program,https://catc.ca.gov/programs/active-transportation-program,2026-06-09,RERC-FND-0052
Funding,Active Transportation Program,California Transportation Commission and Caltrans,Recurring,Recurring ATP cycles,California,,,,,,Local agencies; regional agencies; transit agencies; tribes; nonprofits through eligible sponsors,Mixed,Grant,walking; biking; Safe Routes; trails; active transportation,"Builds bike-ped links connecting downtowns, parks, trailheads, and schools.",Varies by cycle,Varies,https://catc.ca.gov/programs/active-transportation-program,2026-06-09,RERC-FND-0050
Funding,Public Access Program,California Wildlife Conservation Board,Recurring,Check with the program,California,,,,,,"501(c)(3) nonprofit organizations, local governmental agencies, federal agencies, state agencies, and California Native American tribes",Planning,Grant,Recreation; Planning; Conservation,Provides planning and implementation funds to support wildlife-oriented recreation opportunities.,See program,No,https://wcb.ca.gov/Programs,2026-06-09,RERC-FND-0062
Funding,Wildlife Conservation Board Grant Opportunities,California Wildlife Conservation Board,Open when checked,Ongoing project portal and board-meeting award cycles,California,,,,,,"Eligible public agencies, tribes, nonprofits, and conservation partners",Mixed,Grant,habitat protection; restoration; wildlife crossings; public access,"Protects and restores landscapes and public-access assets that support wildlife viewing, trails, and rural nature tourism.",Recent 2026 approvals include $59.6 million and $80.4 million board actions; awards vary,Varies,https://wcb.ca.gov/,2026-06-09,RERC-FND-0068
Funding,Route to Parks Grants,Parks California,Recurring,2026 cycle reported; verify current window,California,,,,,,Community and tribal organizations,Implementation,Grant,park access; community trips; outdoor equity; tribal and community organizations,Helps underserved rural residents and partners connect to state parks and outdoor experiences.,Unsure,Unsure,https://parkscalifornia.org/route-to-parks,2026-06-09,RERC-FND-0064
Funding,Sierra Nevada Conservancy Grants,Sierra Nevada Conservancy,Recurring,Concept proposals for June 2026 board were due 2025-12-01; recurring consultations,California,,,,,,Public agencies; tribes; nonprofits; eligible regional partners,Mixed,Grant,forest health; watershed; wildfire risk; community capacity; recreation landscapes,"Fits rural mountain recreation communities managing forests, watersheds, and access.",Varies,Varies,https://sierranevada.ca.gov/grants,2026-06-09,RERC-FND-0065
Funding,USDA Forest Service - Forest Legacy Program,USDA Forest Service,Open when checked,"Deadline for FY2028 funding consideration: September 21, 2026.",California,,,,,,"Communities, land trusts, and conservation organizations working through their state lead agency",Acquisition; conservation,Grant,forest conservation; easement; acquisition; recreation; habitat; water quality; working lands,Provides grants to state agencies to permanently conserve important forest lands through purchases or conservation easements.,Check with the program,See program,https://www.fs.usda.gov/managing-land/private-land/forest-legacy,2026-06-23,RERC-FND-0054
Funding,Colorado Creative Districts,"Colorado Creative Industries, OEDIT",Open when checked,certification cycle varies,Colorado,,,,,,"structured local entities including governments, downtown authorities, nonprofits",Mixed,Grant,"creative_placemaking, heritage_tourism, downtown, arts","Helps recreation towns connect arts, culture, downtown identity, and visitor spending.","up to $10,000 for newly certified districts plus TA",local match required,https://oedit.colorado.gov/colorado-creative-districts,2026-06-09,RERC-FND-0071
Funding,Revitalizing Main Streets Program,Colorado DOT,Recurring,Check with the program,Colorado,,,,,,"Local Governments, Business Improvement Districts, Council of Governments, on behalf of a local jurisdiction and with proof of support from that local jurisdiction, University or College",Mixed,Grant,Infrastructure; Economic Development; Energy/Climate,Enhances active transportation safety and strengthens the connection of people to main streets and central economic hubs.,"Up to $250,000","Yes, 10%",https://www.codot.gov/programs/revitalizingmainstreets,2026-06-09,RERC-FND-0079
Funding,Transportation Alternatives Program,Colorado Department of Transportation,Recurring,currently closed; next grant period anticipated October 2026,Colorado,,,,,,"local governments, transportation authorities, transit agencies, natural resource agencies, school districts, tribes",Mixed,Grant,"active_transportation, bike_ped, trails, overlooks, historic_preservation","Funds bike, pedestrian, trail, overlook, and main-street access projects tied to outdoor tourism.",varies by region and solicitation,usually federal match structure; confirm regional guidance,https://www.codot.gov/programs/planning/grants/tap,2026-06-09,RERC-FND-0081
Funding,Charge Ahead Colorado,Colorado Energy Office and Regional Air Quality Council,Open when checked,"Recurring competitive rounds, Spring 2026 round noted",Colorado,,,,,,"Public, workplace, multifamily, community, and other publicly available charging sites",Mixed,Rebate,"EV charging, visitor infrastructure, clean transportation","Helps rural destinations add EV charging at trailheads, downtowns, lodging nodes, and visitor centers.",Varies by charger type and solicitation,Varies by solicitation,https://climate.colorado.gov/charge-ahead-colorado,2026-06-09,RERC-FND-0069
Funding,Colorado Community Revitalization Tax Credit,"Colorado OEDIT, Colorado Creative Industries, Business Funding and Incentives",Open when checked,2026 program guidance and tax-year use,Colorado,,,,,,Capital improvement projects supporting creative industries and workers,Mixed,Rebate,"adaptive reuse, creative districts, mixed-use, downtown revitalization","Useful for reuse of historic or vacant buildings into recreation-economy anchors, maker space, lodging, or community venues.","Income tax credit, program cap reported at about $10M per year",See program,https://oedit.colorado.gov/programs-and-funding/tax-credits/colorado-community-revitalization-tax-credit,2026-06-09,RERC-FND-0070
Funding,Non-Motorized Trails Grants,Colorado Parks and Wildlife,Recurring,next cycle opens 2026-08-01; deadline in October,Colorado,,,,,,"local, county, federal, tribal governments, districts, 501(c)(3)s",Mixed,Grant,"trail_construction, trail_maintenance, trail_planning, stewardship",Trail systems are core visitor infrastructure for RERC communities.,"up to $250,000 construction or maintenance; up to $45,000 planning or support; up to $150,000 stewardship",25% of grant request; 10% of minimum match cash,https://cpw.state.co.us/non-motorized-trails-grants,2026-06-09,RERC-FND-0076
Funding,Partners in the Outdoors Grant Program,Colorado Parks and Wildlife,Open when checked,applications open 2026-06-01; due 2026-07-17,Colorado,,,,,,"nonprofits, tribes, school districts, government entities",Implementation,Grant,"outdoor_access, stewardship, education, partnerships","Useful for small early-win projects, partner events, and outdoor stewardship capacity.","up to $10,000",Not required; strongly recommended,https://cpw.state.co.us/partners-outdoors-grant,2026-06-09,RERC-FND-0078
Funding,Colorado Outdoor Regional Partnerships Initiative Grant Program,Colorado Parks and Wildlife and Great Outdoors Colorado,Recurring,Awards recur; check with the program for the next application window.,Colorado,,,,,,"Regional partnerships, tribes, multi-jurisdictional coalitions",Mixed,Grant,"outdoor recreation, conservation, regional capacity, climate resilience",Funds collaborative outdoor recreation and conservation work beyond standard trail grants.,"About $10M annually, $50M over 2025-2030",Not stated,https://cpw.state.co.us/colorado-outdoor-regional-partnerships-initiative-grant-program,2026-07-13,RERC-FND-0072
Funding,Outdoor Regional Partnerships Initiative Grant Program,Colorado Parks and Wildlife and Great Outdoors Colorado,Open when checked,2026 cycle opened 2026-04-27; final applications due 2026-07-22 by invite,Colorado,,,,,,"tribes, local governments, districts, nonprofits, partnership fiscal sponsors",Mixed,Grant,"outdoor_recreation, conservation, regional_planning, trails",Funds regional recreation and conservation coalitions that rural RERC towns need to implement action plans.,"$50,000 to $2,500,000","Not mandatory on page, match improves competitiveness",https://cpw.state.co.us/colorado-outdoor-regional-partnerships-initiative-grant-program,2026-06-09,RERC-FND-0077
Funding,Tourism Management Grant,Colorado Tourism Office,Recurring,FY25 closed; usual application period December to January,Colorado,,,,,,"nonprofit destination organizations, tourism industry associations, government entities",Implementation,Grant,"tourism_management, visitor_experience, destination_stewardship",Funds visitor experience and stewardship projects that RERC towns often identify.,"up to $20,000","4:1 state-to-local; $5,000 local for $20,000 grant example",https://oedit.colorado.gov/tourism-management-grant,2026-06-09,RERC-FND-0080
Funding,Community Impact Grants,Great Outdoors Colorado,Open when checked,concept papers due 2026-07-23 and 2027-01-21,Colorado,,,,,,"cities, towns, counties, special districts, land conservation organizations, CPW",Mixed,Grant,"parks, trails, outdoor_access, stewardship","Supports parks, trails, natural areas, and outdoor amenities that anchor rural recreation economies.","$100,000 to $2,000,000; larger awards considered FY2027",Varies by budget,https://goco.org/grants/programs/community-impact,2026-06-09,RERC-FND-0073
Funding,GOCO Land Acquisition Program,Great Outdoors Colorado,Open when checked,"Concept papers due 2026-07-23, applications due 2026-09-10, urgent acquisitions accepted anytime",Colorado,,,,,,"Local governments, special districts, land conservation organizations, CPW",Acquisition,Loan,"land conservation, open space, public access, waterways",Supports land-trust and local acquisition projects that can secure recreation access and conservation assets.,"Generally up to $3M per project, larger high-impact awards possible","Leverage scored, no fixed match stated",https://goco.org/grants/programs/land-acquisition,2026-06-09,RERC-FND-0075
Funding,Community Revitalization Tax Credit,OEDIT and Colorado Creative Industries,Open when checked,program years 2025-2029; 2026 rules posted by OEDIT,Colorado,,,,,,"qualified capital projects in creative districts, historic districts, neighborhood commercial centers, or main streets",Mixed,Rebate,"creative_industry, main_street, historic_district, capital_project",Supports catalytic downtown and creative-industry facilities in rural visitor centers.,"up to $3,000,000 credit; up to 25% eligible expenses; $10M annual cap 2025-2029",private capital required,https://oedit.colorado.gov/programs-and-funding/tax-credits/colorado-community-revitalization-tax-credit,2026-06-09,RERC-FND-0074
Funding,Brownfield Municipal Grant Program,CT DECD Office of Brownfield Remediation and Development,Recurring,Round 23 materials posted 2026-01-23; periodic NOFAs,Connecticut,,,,,,"municipalities, economic development agencies, Connecticut brownfield land banks",Mixed,Grant,"brownfields, redevelopment, downtown, economic_development","Converts vacant or contaminated sites into trailheads, waterfront access, lodging, food, or downtown reuse projects.","up to $4,000,000 depending on NOFA",varies by round,https://portal.ct.gov/decd/content/community-development/03_funding_opportunities/brownfields-remediation/brownfield-municipal-grant-program,2026-06-09,RERC-FND-0082
Funding,Connecticut Recreational Trails Program,CT DEEP,Recurring,2025-26 round opened 2025-09-23; application deadline 2025-12-18,Connecticut,,,,,,"municipalities, nonprofits, trail sponsors, public agencies",Mixed,Grant,"trails, accessibility, trailheads, maintenance","Direct trail funding for walk, bike, paddle, and outdoor access actions.",up to 80% of total project cost,20% match; in-kind allowed,https://portal.ct.gov/DEEP/Outdoor-Recreation/Trails/CRT--Funding,2026-06-09,RERC-FND-0085
Funding,Open Space and Watershed Land Acquisition Grant Program,CT DEEP,Recurring,2025 round due 2025-11-03; next round not posted,Connecticut,,,,,,"municipalities, nonprofit land conservation organizations, water companies",Acquisition,Grant,"open_space, conservation, recreation_access, land_acquisition",Protects outdoor assets and public access that underpin recreation-based rural economies.,varies,cost share required; applicant must show match availability,https://portal.ct.gov/DEEP/Open-Space/Open-Space-and-Watershed-Land-Acquisition-Grant-Program,2026-06-09,RERC-FND-0089
Funding,Local Transportation Capital Improvement Program,CTDOT through regional COGs,Recurring,FY2026 regional rounds; SECOG preliminary scoping was due 2025-11-14,Connecticut,,,,,,municipalities through regional councils of governments,Mixed,Grant,"regional_transportation, sidewalks, multiuse_trails, complete_streets",Regional trail and sidewalk funding can connect rural town centers to recreation assets.,varies,not specified on SECOG summary,https://secogct.gov/local-transportation-capital-improvement-program,2026-06-09,RERC-FND-0088
Funding,Connecticut Community Foundation Arts and Culture Grants,Connecticut Community Foundation,Recurring,Spring 2026 deadline 2026-03-17; next arts round not yet posted,Connecticut,,,,,,nonprofits in foundation service area,Implementation,Grant,"arts, culture, community_life, heritage_tourism",Supports cultural programming that can extend visitor stays in rural northwest Connecticut.,"average $5,000 to $15,000",not specified,https://conncf.org/supporting-nonprofits/apply-for-a-grant,2026-06-09,RERC-FND-0084
Funding,Farm Transition Grant,Connecticut Department of Agriculture,Recurring,"2026 applications due 2026-01-12, annual cycle anticipated",Connecticut,,,,,,Connecticut farmers and agricultural cooperatives,Mixed,Grant,"agritourism, farm retail, value-added agriculture, rural business","Supports farm diversification, farm stores, on-farm visitor experiences, and agritourism tied to rural recreation itineraries.","$5,000 microgrants, up to $24,999 for infrastructure or R&D categories",25% to 50% by category,https://portal.ct.gov/doag/adarc/adarc/grants/farm-transition-grant,2026-06-09,RERC-FND-0087
Funding,CTDOT Transportation Alternatives Program,Connecticut Department of Transportation,Recurring,solicitation varies,Connecticut,,,,,,municipalities and eligible public agencies,Mixed,Grant,"active_transportation, bike_ped, recreational_trails, historic_transportation","Funds bike and pedestrian connections between downtowns, trail systems, and recreation assets.",varies,federal match rules apply,https://portal.ct.gov/dot/programs/trail-maintenance,2026-06-09,RERC-FND-0083
Funding,EmPOWER Main Street Fund,"Connecticut Main Street Center with UI, CNG, SCG, Avangrid",Recurring,2025 applications due 2025-11-14; 2026 recipients announced,Connecticut,,,,,,"municipalities, Main Street nonprofits, commissions that are CMSC members in utility territory",Implementation,Grant,"main_street, wayfinding, facades, public_art, lighting",Good small-grant source for downtown vibrancy and visitor-facing public realm improvements.,"$2,500 to $10,000",not specified,https://ctmainstreet.org/how-we-help/empower-main-street-grant-fund,2026-06-09,RERC-FND-0086
Funding,Small Town Economic Assistance Program,Connecticut Office of Policy and Management,Recurring,no current round open; municipalities contacted when open,Connecticut,,,,,,eligible Connecticut municipalities only,Mixed,Financing,"small_towns, downtown, quality_of_life, capital_project","Strong fit for small-town streetscape, public space, and community facility projects.",varies by state bond round,not specified on summary page,https://portal.ct.gov/opm/igpp/grants/steap/small-town-economic-assistance-program---steap,2026-06-09,RERC-FND-0090
Funding,Sustainable CT Community Match Fund,Sustainable CT,Open when checked,"No fixed deadlines, 30-60 day crowdfunding campaign",Connecticut,,,,,,"Residents, nonprofits, community groups, municipalities, schools, libraries, other organizations",Implementation,Grant,"greenways, gardens, tree planting, sustainability, public space","Fast small-dollar match for visible community projects such as greenways, pollinator gardens, bike-walk amenities, and public spaces.","1:1 match up to $6,000",1:1 crowdfunding match,https://sustainablect.org/funding,2026-06-09,RERC-FND-0091
Funding,"Outdoor Recreation, Parks and Trails Program",DNREC Division of Parks and Recreation,Cycle closed,"The 2026 pre-application cycle is closed. Invited full applications are due September 15, 2026.",Delaware,,,,,,"municipal and county governments, park districts",Mixed,Grant,"parks, trails, land_acquisition, outdoor_recreation",A matching grant for public park land.,varies,matching grant; details in guidance,https://dnrec.delaware.gov/parks/planning/recreation-parks-trails/,2026-07-20,RERC-FND-0095
Funding,Transportation Alternatives Program,Delaware Department of Transportation,Recurring,FFY2026 applications were due 2026-04-17,Delaware,,,,,,eligible public project sponsors,Mixed,Grant,"active_transportation, bike_ped, trails, rail_trail, streetscape","Funds bike, pedestrian, and trail access that link downtowns to recreation assets.",varies,federal match rules apply,https://deldot.gov/Programs/tap/index.shtml?dc=apply,2026-06-09,RERC-FND-0097
Funding,EDGE 2.0 Grant Competition,Delaware Division of Small Business,Recurring,"Spring 2026 applications 2026-02-06 to 2026-03-06, recurring",Delaware,,,,,,"Delaware startups and businesses under 7 years, 15 or fewer FTE, under $700K in assets",Implementation,Grant,"small business, startups, outdoor business, tourism business","Can fund small outdoor, hospitality, guide, recreation service, and visitor-facing businesses that first-pass public grant lists may miss.","Entrepreneur pool $400K, STEM pool $750K, no predetermined award amount",Not stated,https://news.delaware.gov/2026/01/15/edge-grant-competition-returns,2026-06-09,RERC-FND-0094
Funding,Site Readiness Fund,Delaware Division of Small Business,Open when checked,Rolling until funds are awarded,Delaware,,,,,,Qualified businesses and local governments,Mixed,Loan,"site readiness, infrastructure, business attraction, utilities","Helps prepare commercial or industrial sites that can support outdoor manufacturing, visitor services, or rural job creation.",Varies,"Public utility advantage required, match not stated",https://business.delaware.gov/site-readiness-fund,2026-06-09,RERC-FND-0096
Funding,Delaware Strategic Fund,Delaware Division of Small Business and Delaware Prosperity Partnership,Open when checked,rolling or negotiated,Delaware,,,,,,eligible businesses and economic development projects,Mixed,Rebate,"economic_development, jobs, capital_investment, infrastructure","Useful for larger tourism, outdoor industry, and downtown employer investments.",varies,negotiated by project,https://business.delaware.gov/incentives,2026-06-09,RERC-FND-0093
Funding,Delaware Division of the Arts Organization Grants,Delaware Division of the Arts,Recurring,annual grant cycles,Delaware,,,,,,Delaware arts organizations and eligible nonprofits,Mixed,Grant,"arts, culture, events, creative_placemaking",Cultural events and creative placemaking extend recreation-economy visitation.,varies by grant category,varies by category,https://arts.delaware.gov/grants-for-organizations,2026-06-09,RERC-FND-0092
Funding,Urban and Community Forestry Grants,"Delaware Forest Service, Department of Agriculture",Open when checked,opens 2026-09-04; due 2026-11-30,Delaware,,,,,,"municipalities, HOAs, 501(c)(3)s, schools, churches",Mixed,Grant,"tree_canopy, shade, heat, streetscape, parks","Adds shade, beautification, and resilience to trailheads, parks, and downtown walking routes.","$500 to $5,000 annual UCF; up to $50,000 IRA disadvantaged community subgrant; other subgrants up to $9,000",UCF and ash removal require 50:50; some subgrants no match,https://agriculture.delaware.gov/forest-service/urban-and-community/funding-opportunities,2026-06-09,RERC-FND-0098
Funding,Florida Communities Trust Parks and Open Space Florida Forever Grant Program,Florida DEP Florida Communities Trust,Recurring,FY2025-26 submission period 2025-11-03 to 2026-01-19,Florida,,,,,,local governments and eligible nonprofit partners,Mixed,Grant,"land_acquisition, parks, open_space, working_waterfronts","Protects lands, waterfronts, and open spaces that generate nature-based tourism.",varies,match and scoring vary by program,https://floridadep.gov/parks/ogt/content/grants,2026-06-09,RERC-FND-0101
Funding,Florida Recreation Development Assistance Program,Florida DEP Land and Recreation Grants,Available,FY2025-26 application period 2025-09-01 to 2025-09-30,Florida,,,,,,local governments,Mixed,Grant,"parks, recreation_facilities, local_government, outdoor_access",Core local park and recreation facility funding for rural quality of life and tourism.,varies by annual appropriation,None,https://floridadep.gov/parks/ogt/content/grants,2026-06-09,RERC-FND-0636
Funding,Land and Water Conservation Fund State Assistance,Florida DEP Land and Recreation Grants,Available,FY2025-26 submission period 2025-11-15 to 2025-12-15,Florida,,,,,,local governments and eligible public sponsors,Mixed,Grant,"outdoor_recreation, parks, land_acquisition, recreation_facilities",Helps build and acquire public outdoor recreation assets in rural communities.,varies by federal apportionment,None,https://floridadep.gov/parks/ogt/content/grants,2026-06-09,RERC-FND-0637
Funding,Resilient Florida Grants,Florida DEP Resilient Florida Program,Open when checked,annual and NOFA-based cycles,Florida,,,,,,"local governments, regional resilience entities, water management districts, others by statute",Mixed,Grant,"resilience, flooding, infrastructure, waterfront, planning",Protects coastal and riverfront recreation districts from flooding and storm impacts.,varies,varies by category and applicant,https://floridadep.gov/ResilientFlorida,2026-06-09,RERC-FND-0104
Funding,Resilient Florida Grant Program,Florida Department of Environmental Protection,Open when checked,"Portal opened 2026-04-01, submissions 2026-07-01 to 2026-09-01",Florida,,,,,,"Counties, municipalities, special districts, regional resilience entities",Mixed,Grant,"flooding, sea level rise, resilience, critical assets, waterfront","Helps coastal and river communities protect recreation assets, waterfront districts, trails, and visitor infrastructure from flooding.",Varies by planning or implementation project,"Cost share varies, reduced cost-share communities listed",https://floridadep.gov/rcp/resilient-florida-program/content/resilient-florida-program-resources,2026-06-09,RERC-FND-0103
Funding,Cultural Facilities Grants,Florida Division of Arts and Culture,Recurring,annual legislative grant cycle,Florida,,,,,,eligible cultural organizations and local governments depending on category,Construction,Grant,"cultural_facilities, heritage_tourism, arts, capital","Funds museums, performance venues, and cultural anchors that broaden recreation-economy appeal.","up to $500,000 typical program cap; confirm current guidelines",match required,https://dos.fl.gov/cultural/grants/grant-programs/cultural-facilities,2026-06-09,RERC-FND-0099
Funding,Florida Boating Improvement Program,Florida Fish and Wildlife Conservation Commission,Recurring,annual cycle,Florida,,,,,,county and municipal governments and other eligible governmental entities,Construction,Grant,"boating_access, ramps, docks, waterways, blueways","Supports boat ramps, docks, and water access central to paddle, fishing, and coastal recreation economies.",varies,varies,https://myfwc.com/boating/grants-programs/fbip,2026-06-09,RERC-FND-0100
Funding,Urban and Community Forestry Grants,"Florida Forest Service, FDACS",Recurring,Current offerings posted at FDACS grants portal,Florida,,,,,,"Local governments, educational institutions, tribes, nonprofit organizations",Mixed,Grant,"tree canopy, parks, public spaces, urban forestry, shade","Funds tree canopy, park shade, and streetscape work that improves outdoor comfort and visitor experience.",Varies by current NOFA,Typically 50-50 match,https://www.fdacs.gov/Forest-Wildfire/For-Communities/Urban-Forestry/Florida-Urban-and-Community-Forestry-Grants,2026-06-09,RERC-FND-0105
Funding,Florida Sports Foundation Grant Programs,Florida Sports Foundation,Open when checked,"Grant program active, 2026 grant policy posted",Florida,,,,,,Communities and host organizations attracting sports events,Mixed,Grant,"sports tourism, events, facilities, visitor economy","Supports sports-event tourism that can fill lodging, activate parks, and build rural or regional recreation demand.",Varies by grant category,Policy-specific,https://playinflorida.com/grants,2026-06-09,RERC-FND-0102
Funding,VISIT FLORIDA Grants,VISIT FLORIDA,Recurring,annual or periodic cycles,Florida,,,,,,"destination organizations, tourism businesses, nonprofits, events depending on category",Implementation,Grant,"tourism_marketing, events, destination_promotion, small_business","Supports promotion of rural visitor experiences, events, trails, and downtown destinations.",varies by grant program,varies by grant program,https://www.visitflorida.org/resources/grants,2026-06-09,RERC-FND-0106
Funding,VISIT FLORIDA Sanctioned Co-op Advertising Program,VISIT FLORIDA,Open when checked,2026-2027 marketing planner and co-op deadlines vary,Florida,,,,,,VISIT FLORIDA marketing partners and tourism businesses,Mixed,Grant,"tourism marketing, destination co-op, America 250, partner advertising",Helps small destinations and outdoor businesses buy into state-negotiated campaigns without creating a standalone marketing grant.,"Discounted media, examples include at least 25% discount and some 50% state investment opportunities",Partner buy-in required,https://www.visitflorida.org/programs/marketing-planner,2026-06-09,RERC-FND-0107
Funding,Georgia Outdoor Stewardship Program,Georgia Department of Natural Resources,Open when checked,2026-27 pre-applications open 2026-08-03 and close 2026-10-16,Georgia,,,,,,"qualified local governments, recreation authorities, state agencies, conservation nonprofits",Mixed,Loan,"parks, trails, conservation, land_protection, state_parks","Major Georgia funding source for parks, trails, and conservation projects in recreation economies.",varies; 2025-26 awards totaled $33.2M,match required per program manual,https://georgiawildlife.com/gosp,2026-06-09,RERC-FND-0108
Funding,Transportation Alternatives Program,Georgia Department of Transportation,Recurring,periodic GDOT calls,Georgia,,,,,,local governments and eligible public entities,Mixed,Grant,"active_transportation, bike_ped, trails, streetscape","Funds trail and pedestrian connections between downtowns, parks, and visitor nodes.",varies,20% non-federal match typical,https://www.dot.ga.gov/GDOT/Pages/TAP.aspx,2026-06-09,RERC-FND-0109
Funding,Georgia ReLeaf Grant,Georgia Forestry Commission and Georgia Tree Council,Available,2026 application period 2026-03-13 to 2026-07-15,Georgia,,,,,,"Municipalities, government agencies, 501(c)(3) nonprofits, educational institutions",Implementation,Grant,"tree planting, canopy, public property, community forestry","Adds shade, tree canopy, and placemaking value to parks, downtown corridors, trailheads, and visitor districts.","Up to $15,000",None,https://gatrees.org/urban-community-forestry/community-forestry-assistance,2026-06-09,RERC-FND-0638
Funding,Visit Dublin GA Tourism Grant Program,Visit Dublin GA,Recurring,FY26 Cycle 2 deadline 2026-03-27,Georgia,,,,,,organizations and events generating Laurens County tourism impact,Implementation,Grant,"tourism_marketing, events, visitor_experience, local_business",Example of local lodging-tax tourism funding for events and visitor experiences.,"FY2026 pool $15,000 across two cycles",reimbursement; match not specified,https://visitdublinga.org/visit-dublin-ga-fy26-cycle-1-tourism-grant-program,2026-06-09,RERC-FND-0110
Funding,Guam Agriculture Development Fund,Guam Economic Development Authority,Recurring,Applications appear to be accepted through GEDA program processes; confirm current requirements before applying.,Guam,,,,,,"Eligible Guam agriculture, aquaculture, mariculture, and fishing businesses.",Implementation,Loan,agriculture; aquaculture; mariculture; fishing; local food; equipment,"Supports agriculture, aquaculture, mariculture, fishing, equipment, fixed assets, and local food business development in Guam.","Loans up to $250,000.",See program,https://www.investguam.com/entrepreneurs-startups,2026-06-24,RERC-FND-0111
Funding,Guam Development Fund Act Loan Program,Guam Economic Development Authority,Recurring,Applications appear to be accepted through GEDA program processes; confirm current requirements before applying.,Guam,,,,,,"Eligible Guam businesses in agriculture, fishing, manufacturing, tourism, and support sectors.",Implementation,Loan,business financing; tourism; manufacturing; agriculture; fishing; working capital,"Supports business start-up, expansion, working capital, equipment, construction, renovation, and job creation in Guam.","Direct loans or lines of credit up to $1,200,000.",See program,https://www.investguam.com/entrepreneurs-startups,2026-06-24,RERC-FND-0112
Funding,Guam Recovery Loan Program,Guam Economic Development Authority,Recurring,"program says the program remains in effect through December 31, 2029; confirm current requirements before applying.",Guam,,,,,,"Eligible Guam businesses in agriculture, fishing, manufacturing, tourism, and support sectors.",Implementation,Loan,tourism; recovery; business expansion; working capital; visitor economy,"Provides recovery financing for eligible Guam businesses, including tourism and support businesses.","Direct loans or lines of credit up to $1,200,000.",See program,https://www.investguam.com/entrepreneurs-startups,2026-06-24,RERC-FND-0113
Funding,Guam SSBCI 2.0 Loan Guarantee Program,Guam Economic Development Authority,Open when checked,Check the current GEDA SSBCI flyer and lender requirements before applying.,Guam,,,,,,Eligible Guam small businesses with 500 employees or fewer working with participating lenders.,Implementation,Financing,SSBCI; loan guarantee; small business; working capital; renovations,"Supports start-up costs, working capital, equipment, inventory, purchase, construction, renovation, and tenant improvements for Guam small businesses.","Guarantee up to 75 percent; maximum guarantee up to $1,000,000.",See program,https://www.investguam.com/wp-content/uploads/2026/docs/SSBCI%202.0%20Flyer%20%28Revised%204.10.26%29.pdf,2026-06-24,RERC-FND-0114
Funding,DHHL Native Hawaiian Development Grants,Department of Hawaiian Home Lands,Open when checked,FY2026 RFPs and awards posted in 2026,Hawaii,,,,,,Nonprofits demonstrating benefit to Native Hawaiians and homestead communities,Mixed,Grant,homestead facilities; capacity building; disaster resilience; Native Hawaiian community development,"Funds community capacity, facilities, and resilience in rural homestead areas that may host cultural and outdoor recreation assets.",FY2026 grants budget referenced as $9M across RFPs,Not stated on program,https://dhhl.hawaii.gov/grants,2026-06-09,RERC-FND-0115
Funding,Holomua Marine Initiative Pāpio Grants 2026,Hawaii Community Foundation,Open when checked,Rolling 2026 deadlines Mar 20; May 15; Aug 28; Nov 6,Hawaii,,,,,,Hawaii nonprofits and eligible community organizations,Mixed,Grant,marine stewardship; nearshore management; community engagement,"Supports reef and coastal stewardship tied to paddling, fishing, beaches, and visitor economies.",Unsure,Unsure,https://www.hawaiicommunityfoundation.org/grants/open-applications,2026-06-09,RERC-FND-0118
Funding,Hawaii Energy 2025-2026 Business Rebates,Hawaii Energy,Cycle closed,"The 2025-2026 rebate period ended June 30, 2026.",Hawaii,,,,,,Businesses and eligible facilities in Hawaii Energy service territory,Mixed,Rebate,energy efficiency; operating cost reduction; small business,"Reduces utility burden for rural tourism, food, lodging, and recreation-serving businesses.","Varies by equipment; available through June 30, 2026 while funds last",Not a match program; rebate basis varies,https://hawaiienergy.com/uncategorized/hawaii-energy-launches-2025-2026-rebates-for-homes-and-businesses,2026-07-13,RERC-FND-0116
Funding,Hawaii Energy Rebates and Incentives,Hawaii State Energy Office; Hawaii Energy,Recurring,Rolling or program-specific,Hawaii,,,,,,Residents; businesses; facility owners; program-specific,Implementation,Rebate,energy efficiency; operating cost reduction; facilities,"Reduces operating costs for visitor-serving facilities, community buildings, and rural lodging assets.",Varies by measure,Varies,https://energy.hawaii.gov/rebates-and-incentives,2026-06-09,RERC-FND-0117
Funding,Forever Idaho Regional Grant Program,Idaho Community Foundation,Recurring,Deadlines vary by region and fund,Idaho,,,,,,"Idaho nonprofits, schools, and community organizations",Mixed,Grant,community projects; nonprofits; beautification; culture; open space,Can support local nonprofit projects that strengthen rural recreation places and visitor amenities.,ICF distributes over $12M annually across grant programs,Unsure,https://www.idahocf.org/grants-scholarships.php,2026-06-09,RERC-FND-0119
Funding,Urban and Community Forestry Grants,Idaho Department of Lands,Cycle closed,"2026-2027 applications closed May 8, 2026; awards May 22, 2026",Idaho,,,,,,"Cities, counties, tribes, 501(c)(3) nonprofits, and public education institutions",Mixed,Grant,urban forestry; shade; public spaces; workforce; tree planting,"Improves trailheads, downtowns, parks, and recreation corridors through shade, hazard reduction, and public-space stewardship.","$10,000-$100,000; $200,000 available for 2026-2027",No cost or in-kind match required,https://www.idl.idaho.gov/about-forestry/urban-and-community-forestry/ucf-grants,2026-06-09,RERC-FND-0126
Funding,Idaho Recreational Vehicle Fund,Idaho Department of Parks and Recreation,Recurring,Annual IDPR recreation grant cycle,Idaho,,,,,,Public agencies,Mixed,Grant,campgrounds; dump stations; RV access; visitor facilities,Supports campgrounds and RV infrastructure used by recreation visitors.,Approximately $4.8M annually,Unsure,https://parksandrecreation.idaho.gov/grants-and-funding/your-recreation-dollars-at-work-for-you-the-idaho-recreational-vehicle-rv-fund,2026-06-09,RERC-FND-0121
Funding,Land and Water Conservation Fund,Idaho Department of Parks and Recreation,Recurring,Applications not accepted until Aug 2026,Idaho,,,,,,Public agencies,Mixed,Grant,parks; outdoor recreation; acquisition; facilities,"Builds and preserves parks, trails, and recreation facilities in gateway communities.",Varies,Typically 50 percent cost share,https://parksandrecreation.idaho.gov/grants-and-funding/the-land-and-water-conservation-fund,2026-06-09,RERC-FND-0122
Funding,Off-Road Motor Vehicle Fund,Idaho Department of Parks and Recreation,Recurring,Annual IDPR recreation grant cycle,Idaho,,,,,,Government entities and public-land managers,Mixed,Grant,OHV trails; trail maintenance; equipment; facilities,Supports motorized trail assets used by rural recreation visitors.,Varies within IDPR recreation grants,Match varies,https://parksandrecreation.idaho.gov/grants-and-funding,2026-06-09,RERC-FND-0123
Funding,Recreational Trails Program,Idaho Department of Parks and Recreation,Recurring,Application window opens early Oct and ends last Friday in Jan,Idaho,,,,,,Government entities and eligible recreation providers,Mixed,Grant,trails; trailheads; maintenance; motorized; nonmotorized,Core funding for trail systems that anchor rural outdoor recreation economies.,Approximately $1.5M annually,Match varies; 20 percent common,https://parksandrecreation.idaho.gov/grants-and-funding/the-recreational-trails-program,2026-06-09,RERC-FND-0124
Funding,Waterways Improvement Fund,Idaho Department of Parks and Recreation,Recurring,Annual IDPR recreation grant cycle,Idaho,,,,,,Public agencies and eligible boating access providers,Mixed,Grant,boating; boat ramps; docks; water access; safety,"Funds water-access assets for paddling, boating, fishing, and lake tourism towns.",Approximately $1.2M annually,Unsure,https://parksandrecreation.idaho.gov/grants-and-funding/waterways-improvement-fund,2026-06-09,RERC-FND-0127
Funding,Idaho Power Business Energy Efficiency Incentives,Idaho Power,Open when checked,Ongoing; program terms subject to change,Idaho,,,,,,Idaho Power business customers,Mixed,Rebate,energy efficiency; commercial buildings; small business; renovation,"Lowers operating and renovation costs for rural outfitters, lodges, food businesses, and public facilities.",Varies; custom projects may receive $0.20 per kWh saved up to 70% of eligible project cost,Incentive cap and eligibility vary by measure,https://www.idahopower.com/energy-environment/ways-to-save/savings-for-your-business,2026-06-09,RERC-FND-0120
Funding,Transportation Alternatives Program,Idaho Transportation Department; LHTAC,Recurring,Applications are accepted on a two-year cycle; the next application date is not announced.,Idaho,,,,,,Local public agencies and eligible sponsors,Mixed,Grant,bike; pedestrian; safety; nonmotorized access,Funding for bicycle and pedestrian projects.,Varies,Federal-aid match requirements,https://itd.idaho.gov/bike-ped/transportation-alternatives-program/,2026-07-20,RERC-FND-0125
Funding,ComEd Business Energy Efficiency Incentives,ComEd,Open when checked,"2026 offers; some additional incentives require final applications by October 31, 2026",Illinois,,,,,,Business and public-sector ComEd customers,Mixed,Rebate,energy efficiency; commercial buildings; public facilities; select communities,"Lowers retrofit costs for visitor centers, lodging, restaurants, outfitters, and rural public facilities.",Varies; 2026 fact sheet allows additional incentives up to 70% when stacked,Not a match program; incentives depend on measure and eligibility,https://www.comed.com/BizIncentives,2026-06-09,RERC-FND-0131
Funding,Advantage Illinois SSBCI Programs,Illinois DCEO,Open when checked,Ongoing through participating lenders and DCEO programs,Illinois,,,,,,Illinois small businesses through participating lenders and related programs,Mixed,Loan,small business; access to capital; underserved entrepreneurs; green business finance,"Can finance rural recreation businesses, local food ventures, equipment, and green business expansion.","Illinois SSBCI allocation up to $354.6M; guarantee coverage referenced from $10,000-$2M in Q1 2026 newsletter",Lender and program terms vary,https://dceo.illinois.gov/smallbizassistance/advantageillinois/ssbci.html,2026-06-09,RERC-FND-0128
Funding,Illinois EDGE Tax Credit Program,Illinois DCEO,Open when checked,Ongoing application/contact process; 2026 webinar materials posted,Illinois,,,,,,"Qualifying businesses creating jobs and capital investment in eligible sectors, including tourism services",Mixed,Rebate,business expansion; job creation; tourism services; training,"Can support larger outdoor, hospitality, manufacturing, and tourism-service expansions in rural communities.",Credit value negotiated; benefits up to 10 years for Tier I and 15 years for Tier II,Project costs must exceed credits; terms vary,https://dceo.illinois.gov/expandrelocate/incentives/edge.html,2026-06-09,RERC-FND-0133
Funding,Route 66 Grant Program,Illinois DCEO,Recurring,Application deadline Jun 11 2026,Illinois,,,,,,Certified convention and visitors bureaus,Implementation,Grant,heritage tourism; wayfinding; preservation; EV tourism; attractions,Supports heritage-road tourism and visitor services in corridor communities.,Current amount Unsure; prior FY26 awards ranged $20k-$1M,No match in prior FY26 posting,https://dceo.illinois.gov/aboutdceo/grantopportunities/grants.html,2026-06-09,RERC-FND-0140
Funding,Tourism Marketing Program - Balance of State,Illinois DCEO Office of Tourism,Recurring,Most recent applications May 18-June 17 2026,Illinois,,,,,,Counties; municipalities; nonprofits; local promotion groups,Implementation,Grant,destination marketing; attractions; events; overnight stays,"Helps rural destinations market outdoor recreation, events, and overnight travel.",$1.25M total; $10k-$100k awards,Yes; up to 50 percent state share,https://dceo.illinois.gov/aboutdceo/grantopportunities/grants.html,2026-06-09,RERC-FND-0141
Funding,CDBG Programs,Illinois Department of Commerce and Economic Opportunity,Recurring,Program-specific cycles,Illinois,,,,,,Non-entitlement local governments,Mixed,Grant,public infrastructure; housing rehab; economic development; disaster,Can fund infrastructure and downtown needs in rural gateway towns.,Public infrastructure up to $1.5M; economic development up to $1M,CDBG rules; match Unsure,https://dceo.illinois.gov/communitydevelopment/cdbg_programs.html,2026-06-09,RERC-FND-0130
Funding,Boat Access Area Development Program,Illinois Department of Natural Resources,Recurring,FY26 cycle July 1-Sept 30 2026,Illinois,,,,,,Local government agencies,Mixed,Grant,boat ramps; canoe access; docks; restrooms; parking,"Improves river and lake access for paddling, fishing, and boating tourism.",Up to $200k motorized sites; $80k nonmotorized sites,Up to 100 percent construction; 90 percent land acquisition,https://dnr.illinois.gov/grants/boataccessareadevelopmentprogram.html,2026-06-09,RERC-FND-0129
Funding,Federal Recreational Trails Program,Illinois Department of Natural Resources,Recurring,2026 schedule listed as not yet posted on IDNR grants page,Illinois,,,,,,Governments and private organizations,Mixed,Grant,motorized trails; nonmotorized trails; trail maintenance,Funds trail assets central to outdoor recreation economies.,Varies,20 percent non-federal match minimum,https://dnr.illinois.gov/aeg/federalrecreationaltrailsprogram.html,2026-06-09,RERC-FND-0132
Funding,Land and Water Conservation Fund,Illinois Department of Natural Resources,Recurring,Next round available May 2026,Illinois,,,,,,Units of local government,Mixed,Grant,parks; land acquisition; outdoor recreation; conservation,Preserves and develops public outdoor recreation assets.,Up to $750k for acquisition projects,Up to 50 percent eligible expenses,https://dnr.illinois.gov/grants/lwcf.html,2026-06-09,RERC-FND-0135
Funding,Open Space Lands Acquisition and Development Program,Illinois Department of Natural Resources,Recurring,FY26 deadline extended to Oct 1 2026,Illinois,,,,,,Units of local government with park authority,Mixed,Grant,parks; open space; playgrounds; trails; recreation facilities,"Major capital source for rural parks, trailheads, campgrounds, and recreation facilities.",Up to $1.125M acquisition; $600k development for most applicants,Usually cost-share; distressed community rules apply,https://dnr.illinois.gov/grants/openspacelandsaquisitiondevelopment-grant.html,2026-06-09,RERC-FND-0137
Funding,Illinois Transportation Enhancement Program,Illinois Department of Transportation,Available,Cycle 17 applications Aug 1-Oct 5 2026,Illinois,,,,,,Local public agencies and eligible sponsors,Mixed,Grant,bike-ped; trails; streetscapes; historic transportation; overlooks,"Funds trails, streetscapes, overlooks, and bike-ped links in recreation communities.",$157M cycle; max $5M per project; up to $1.25M state match assistance,None,https://idot.illinois.gov/transportation-system/local-transportation-partners/county-engineers-and-local-public-agencies/funding-programs/itep/contacts.html,2026-06-09,RERC-FND-0639
Funding,Illinois Prairie Community Foundation Environment and Nature Grants,Illinois Prairie Community Foundation,Recurring,"Next cycle listed for September 1-30, 2026",Illinois,,,,,,Eligible nonprofits and public/religious tax-exempt organizations serving the foundation region,Implementation,Grant,environment; nature; biodiversity; resource conservation; environmental justice,"Small regional grants can support habitat, river cleanup, outdoor education, and local stewardship projects.","2026 awards totaled $26,587 across 8 grants",Not stated on program,https://ilprairiecf.org/fall-grants,2026-06-09,RERC-FND-0134
Funding,Lumpkin Family Foundation Nature-Based Climate Action Program,Lumpkin Family Foundation,Open when checked,2026 LOIs accepted June 29-July 31; invited applications due September 8; awards October 9,Illinois,,,,,,Organizations aligned with program focus,Mixed,Grant,habitat restoration; carbon drawdown; rural climate action; land stewardship,Funds rural habitat and climate projects that can improve outdoor recreation landscapes and community health.,"Varies; program information reports $3,408,955 donated across 91 grants",Not stated on program,https://lumpkinfoundation.org/grant-program/nature-based-climate-action-program,2026-06-09,RERC-FND-0136
Funding,Prairie State Conservation Fund Land Acquisition and Conservation Easements,Prairie State Conservation Coalition,Recurring,Full proposals currently closed; award notices late spring after review,Illinois,,,,,,501(c)(3) nonprofits and units of local government with open-space authority,Acquisition,Grant,land acquisition; conservation easements; public access; wildlife habitat,Protects publicly accessible natural areas that can become rural recreation and conservation tourism assets.,Not stated on page; fund capitalized by $47M final ICECF grant,At least 20% of purchase price,https://prairiestateconservation.org/land-acquisition,2026-06-09,RERC-FND-0138
Funding,Prairie State Conservation Fund Stewardship Challenge Grant Program,Prairie State Conservation Coalition,Recurring,Full proposals currently closed; award notices late spring after review,Illinois,,,,,,501(c)(3) organizations,Mixed,Grant,habitat restoration; volunteer stewardship; equipment; public access,"Helps local groups restore and maintain public natural areas that support trails, paddling, wildlife viewing, and outdoor education.","Up to $30,000","3:1 cash donation match up to $21,000; volunteer and equipment categories included",https://prairiestateconservation.org/stewardship-challenge-grant-program,2026-06-09,RERC-FND-0139
Funding,Duke Energy Foundation Indiana Grants,Duke Energy Foundation,Open when checked,Rolling applications after contacting state representative,Indiana,,,,,,Nonprofits and eligible organizations in Duke Energy Indiana counties,Mixed,Grant,community revitalization; local economic development; land conservation; climate resilience,"Supports rural community revitalization, conservation, and resilience projects in utility-service counties.","$20,000 or less accepted on rolling basis",Not stated,https://foundation.duke-energy.com/grants/indiana,2026-06-09,RERC-FND-0145
Funding,Hoosier Energy Economic Development Assistance,Hoosier Energy,Open when checked,Ongoing assistance,Indiana,,,,,,Organizations and businesses considering operations in Hoosier Energy member-service areas,Mixed,Rebate,site readiness; rural development; business attraction; USDA coordination,"Helps rural communities package sites, incentives, and utility financing for recreation-economy employers.",Not a direct grant amount; assistance and USDA coordination vary,Not applicable,https://www.hoosierenergy.com/economic-development/economic-development-assistance,2026-06-09,RERC-FND-0148
Funding,Arts Project Support,Indiana Arts Commission,Recurring,FY27 fall opens Jul 7 2026 and due Sept 3 2026,Indiana,,,,,,Nonprofits; 501(c)(6) tourism entities; local governments; schools; libraries,Implementation,Grant,arts festivals; exhibits; public art; cultural planning; tourism entities,Supports cultural events and public art that strengthen recreation-town visitor appeal.,Varies; FY26 awards commonly up to $4k,Unsure,https://www.in.gov/arts/programs-and-services/funding/arts-project-support,2026-06-09,RERC-FND-0142
Funding,Land and Water Conservation Fund,Indiana DNR Division of State Parks,Recurring,program information current; application timing per DNR,Indiana,,,,,,Eligible governmental units,Mixed,Grant,parks; trails; campgrounds; boating; natural areas,Funds parks and outdoor recreation facilities used by residents and visitors.,Varies,50 percent cost share,https://www.in.gov/dnr/state-parks/recreation/grants/land-and-water-conservation-fund,2026-06-09,RERC-FND-0151
Funding,Indiana EDGE Tax Credit,Indiana Economic Development Corporation,Open when checked,Ongoing IEDC incentive process,Indiana,,,,,,Businesses creating jobs and investing in Indiana,Mixed,Rebate,job creation; capital investment; business expansion,"Can support outdoor product, hospitality, logistics, and recreation-adjacent businesses expanding in rural areas.",Negotiated performance-based tax credit,Company performance requirements,https://www.iedc.in.gov/indiana-advantages/investments/economic-development-for-a-growing-economy-tax-credit/overview,2026-06-09,RERC-FND-0150
Funding,Indiana Brownfields Program Financial Assistance,Indiana Finance Authority / Indiana Brownfields Program,Recurring,Financial assistance remains a program area; check with the program for a current round.,Indiana,,,,,,Public and private borrowers; subgrants to eligible political subdivisions and nonprofits,Mixed,Rebate,brownfields; redevelopment; environmental cleanup; infill,"Helps convert vacant or contaminated rural properties into trailheads, lodging, food hubs, parks, or downtown assets.",Program includes $2M five-year statewide assessment grant and RLF incentive; project amounts vary,Loan/subgrant terms vary,https://www.in.gov/ifa/brownfields/financial-assistance,2026-07-13,RERC-FND-0149
Funding,CreatINg Places,Indiana Housing and Community Development Authority and Patronicity,Open when checked,Rolling until funds disbursed,Indiana,,,,,,501(c)(3) or 501(c)(4) nonprofits; local units of government,Implementation,Grant,placemaking; plazas; parks; riverwalks; canoe livery; trails; wayfinding,Flexible match for small public-space projects in rural recreation communities.,$5k-$50k match,Dollar-for-dollar crowdfunding match,https://www.in.gov/ihcda/placemaking-indiana/creating-places,2026-06-09,RERC-FND-0144
Funding,Efroymson Family Endangered Places Grants,Indiana Landmarks,Recurring,"2026 grant and loan information active; related education grant deadlines February 28 and September 30, 2026",Indiana,,,,,,Nonprofit organizations,Mixed,Loan,historic preservation; structural assessments; restoration estimates; downtown buildings,Helps reuse historic rural downtown and visitor-facing buildings before capital funding is available.,"$1,000-$10,000; average about $5,000",Not stated,https://www.indianalandmarks.org/resources/grants-and-loans,2026-06-09,RERC-FND-0146
Funding,CDBG Construction Grants,Indiana Office of Community and Rural Affairs,Recurring,2026 Round 1 applications due Jun 7 2026,Indiana,,,,,,Rural units of local government,Mixed,Grant,public facilities; main street; stormwater; water; blight,"Funds downtown, public facility, and infrastructure needs in rural recreation towns.",Varies; stormwater up to $750k,10 percent match for stormwater; other rules vary,https://www.in.gov/ocra/cdbg/cdbg-construction-grants,2026-06-09,RERC-FND-0143
Funding,Taking Care of Main Street,Indiana Office of Community and Rural Affairs,Recurring,Program-specific cycle,Indiana,,,,,,Indiana Accredited or Nationally Accredited Main Street organizations,Mixed,Grant,main street capacity; accreditation; operations; downtown management,Builds the local organization capacity needed to manage visitor-serving downtown districts.,$5k-$25k; $150k total awards,1:1 cash match,https://www.in.gov/ocra/mainstreet/taking-care-of-main-street,2026-06-09,RERC-FND-0153
Funding,Empowering Energy Partnerships in Indiana Communities,Indiana Office of Energy Development,Open when checked,Current deadline not verified,Indiana,,,,,,Nonprofits; for-profits; higher education; local governments,Mixed,Grant,energy efficiency; resilience; alternative fueling; clean energy,Can reduce costs and improve resilience for visitor-serving community facilities.,Approximately $2.5M total; expected $300k-$500k awards,At least 20 percent match,https://www.in.gov/oed/grants-and-funding-opportunities/epic,2026-06-09,RERC-FND-0147
Funding,NIPSCO Environmental Action Grant,NIPSCO and NiSource Charitable Foundation,Recurring,2026 cycle opened February 2026; recipients announced around Earth Day,Indiana,,,,,,501(c)(3) or other IRS-recognized nonprofits with environmental restoration or education projects,Implementation,Grant,environmental restoration; outdoor education; habitat; stewardship,"Funds trailside habitat, land-trust programming, pollinator projects, and outdoor education in northern Indiana.","Generally $500-$5,000; 2026 recipients announced",Not stated,https://www.nipsco.com/environmental-action-grant,2026-06-09,RERC-FND-0152
Funding,Iowa Business Rebates and Custom Rebates,Alliant Energy,Open when checked,Ongoing,Iowa,,,,,,"Iowa commercial, industrial, farm, and small business customers",Implementation,Rebate,"foodservice, EV chargers, refrigeration, custom efficiency",Rural Iowa visitor businesses can combine standard and custom efficiency support.,Measure-specific,Customer pays remaining cost,https://www.alliantenergy.com/rebates,2026-06-09,RERC-FND-0158
Funding,Small-town Dreams Initiative,Community Foundation of Greater Dubuque,Open when checked,Community participation campaign; no single public deadline posted,Iowa,,,,,,Participating small towns and affiliate community foundations,Mixed,Grant,rural vitality; community endowment; placemaking; local leadership,"Builds durable local funding for rural quality-of-place, downtown, trail, and visitor-community projects.","Match structure varies; example builds $450,000 community endowment",Local fundraising match required,https://dbqfoundation.org/pages/small-town-dreams-initiative,2026-06-09,RERC-FND-0161
Funding,Community Attraction and Tourism Grant,Enhance Iowa Board; Iowa Economic Development Authority,Recurring,The official program page does not list a current application deadline; contact the program before applying.,Iowa,,,,,,Cities; counties; public nonprofit organizations; school districts with local partner,Mixed,Financing,attractions; recreation; culture; entertainment; vertical infrastructure; trails,Grant support for recreation.,Varies; FY2025 allocation was $10M,Local financing required; see guidelines,https://industrypartners.traveliowa.com/community-attraction-and-tourism/,2026-07-20,RERC-FND-0155
Funding,REAP City Parks and Open Space,Iowa DNR,Recurring,Annual REAP cycles by category,Iowa,,,,,,Cities and local sponsors by REAP category,Mixed,Grant,city parks; open space; conservation; recreation,Supports parkland expansion and recreation development in small communities.,Varies by annual REAP appropriation,Unsure,https://www.iowadnr.gov/programs-services/resource-enhancement-protection-reap/reap-funding-opportunities,2026-06-09,RERC-FND-0159
Funding,Choose Iowa Dairy Innovation Grants,Iowa Department of Agriculture and Land Stewardship / Choose Iowa,Cycle closed,The listed 2026 application round has ended; watch for the next annual round.,Iowa,,,,,,Eligible dairy farmers and processors,Mixed,Grant,local food; value-added processing; agritourism-adjacent business; rural enterprise,Supports local food production and farm-based experiences that can strengthen rural visitor economies.,Amount not stated in retrieved press snippet; program has leveraged about $6.34M in on-farm investment since launch,Cost-share; exact 2026 match should be confirmed in application materials,https://iowaagriculture.gov/news/choose-iowa-dairy-innovation,2026-07-13,RERC-FND-0154
Funding,Federal Recreational Trails Program,Iowa Department of Transportation,Recurring,Federal application deadline Oct 1 annually,Iowa,,,,,,Eligible public and nonprofit trail sponsors,Mixed,Grant,trails; trailheads; trail-related projects,Supports motorized and nonmotorized trail assets used by visitors.,Varies,Federal-aid match requirements,https://iowadot.gov/modes-travel/trails/federal-state-recreational-trails,2026-06-09,RERC-FND-0157
Funding,State Recreational Trails Program,Iowa Department of Transportation,Open when checked,Applications due Jul 1 2026; awards anticipated Oct 2026,Iowa,,,,,,State or local government agencies; municipal corporations; counties; nonprofits,Mixed,Grant,recreational trails; acquisition; construction; improvement,Direct trail capital funding for rural recreation corridors.,Varies,Unsure,https://iowadot.gov/modes-travel/trails/federal-state-recreational-trails,2026-06-09,RERC-FND-0162
Funding,Transportation Alternatives Set-Aside,Iowa Department of Transportation; MPOs; RPAs,Recurring,Statewide applications generally due Oct 1; regional deadlines vary,Iowa,,,,,,Cities; counties; school districts; eligible organizations,Mixed,Grant,bike-ped; recreational trails; safe routes; historic preservation; habitat connectivity,"Connects trails, sidewalks, and visitor districts in rural towns.",Statewide program retains $5M per apportionment year,Federal-aid match requirements,https://iowadot.gov/transportation-development/local-systems/grant-programs/transportation-alternatives,2026-06-09,RERC-FND-0163
Funding,Community Catalyst Building Remediation Program,Iowa Economic Development Authority,Recurring,"New Chapter 45 rule effective May 20, 2026",Iowa,,,,,,Cities applying for remediation or redevelopment of underutilized buildings,Mixed,Grant,downtown buildings; remediation; redevelopment; underutilized buildings,"Supports rural downtown building reuse for visitor services, food, lodging, outfitters, and community hubs.","Historically up to $100,000; current amount should be verified against the FY27 NOFA",Local match requirements should be verified against current NOFA,https://rules.iowa.gov/Notice/Details/0205D,2026-06-09,RERC-FND-0156
Funding,Regional Sports Authority District Program,Iowa Tourism Office; Iowa Economic Development Authority,Open when checked,FY2026 cycle,Iowa,,,,,,Convention and visitors bureaus with eligible district board,Implementation,Grant,sports tourism; event promotion; overnight stays,Supports sports events that bring visitors to rural and regional recreation destinations.,$750k total; $75k per participant,50 percent cash match,https://industrypartners.traveliowa.com/regional-sports-authority,2026-06-09,RERC-FND-0160
Funding,Public Art and Murals Grant,Kansas Arts Commission,Recurring,February 23 to March 23 2026; annual grant period July 1 to June 30,Kansas,,,,,,Kansas 501c3s; local governments; federally recognized tribes,Implementation,Grant,public art; murals; placemaking; cultural tourism,Supports visible placemaking and destination identity in rural main streets and trail towns.,up to $10000,1:1 cash/in-kind match,https://www.kansascommerce.gov/program/kansas-creative-arts-and-industries-commission-kcaic/public-art-murals-grant,2026-06-09,RERC-FND-0167
Funding,Historic Economic Asset Lifeline,Kansas Department of Commerce Office of Rural Prosperity,Recurring,HEAL 7.0 to be announced later in 2026,Kansas,,,,,,local governments; tribes; Main Street programs; EDCs; chambers; 501c3 or 501c6; community foundations,Construction,Grant,downtown; adaptive reuse; arts; housing; entrepreneurship,"Reuses vacant downtown buildings for visitor-serving businesses, arts, housing, and civic uses.",up to $100000 typical,1:1 cash match,https://www.kansascommerce.gov/program/community-programs/heal,2026-06-09,RERC-FND-0165
Funding,Historic Economic Asset Lifeline Program,Kansas Department of Commerce; Office of Rural Prosperity,Recurring,"2026 awards announced May 13, 2026; future rounds anticipated but not dated in reviewed source",Kansas,,,,,,Rural Kansas building owners and community partners for underused downtown buildings,Construction,Grant,rural downtown; building rehab; adaptive reuse; entrepreneurship,"Reuses vacant rural buildings for visitor-serving businesses, civic hubs, arts, food, and lodging.","Building grants up to $30 per square foot; max $100,000",1:1 cash match from building owner,https://www.kansascommerce.gov/program/community-programs/heal,2026-06-09,RERC-FND-0166
Funding,Attraction Development Grant,Kansas Tourism; Kansas Department of Commerce,Recurring,"2026 awards announced Mar. 11, 2026; next cycle not stated in reviewed source",Kansas,,,,,,"Public, private, and nonprofit attraction developers",Mixed,Grant,tourism product; attractions; visitor experience; capital enhancement,Supports construction or enhancement of visitor attractions rather than advertising only.,"2026 round totaled $1,000,000; example awards $16,000-$100,000","Local match required; 2026 recipients leveraged over $12,000,000",https://www.kansascommerce.gov/2026/03/kansas-tourism-fuels-visitor-experiences-with-1-million-in-attraction-development-grants,2026-06-09,RERC-FND-0164
Funding,Foundation for Appalachian Kentucky Grant Opportunities,Foundation for Appalachian Kentucky,Open when checked,rolling/opportunity-specific cycles,Kentucky,,,,,,organizations and community leaders serving Appalachian Kentucky,Mixed,Grant,civic life; community resilience; Appalachian development; local projects,"Offers flexible regional funding for community capacity, civic projects, and quality-of-place work.",varies; Thompson 2026 total up to $250000,varies,https://www.appalachianky.org/grant-opportunities,2026-06-09,RERC-FND-0170
Funding,Thompson Charitable Regranting Program,Foundation for Appalachian Kentucky; Thompson Charitable Foundation,Recurring,2026 applications Apr. 15-May 31,Kentucky,,,,,,"501(c)(3) nonprofits serving Bell, Clay, Laurel, or Leslie counties",Mixed,Grant,community resilience; economic development; nonprofit capacity,Flexible rural-community funding can support quality-of-life and visitor-readiness projects.,"2026 total up to $250,000; grants $5,000-$25,000",Not stated in reviewed source,https://www.appalachianky.org/thompson-charitable-regranting-program,2026-06-09,RERC-FND-0174
Funding,County Agricultural Incentives Program: Value-Added and Agritourism Development,Kentucky Agricultural Development Fund; Kentucky Office of Agricultural Policy,Open when checked,"2026 guidelines effective Jan. 1, 2026",Kentucky,,,,,,Kentucky agricultural producers through county agricultural development councils,Mixed,Rebate,agritourism; value-added agriculture; farm visitor infrastructure,"Funds on-farm agritourism facilities, safety/site prep, and value-added visitor products.",County-determined limits; eligible agritourism items reimbursed at 50%; value-added items often 75%,Producer cost share required,https://www.kyagr.com/agpolicy/documents/2026-Program-Guidelines-Applications/ADF_APP_caip-26_valueadded-mktg.pdf,2026-06-09,RERC-FND-0169
Funding,Community Development Block Grant,Kentucky Department for Local Government,Open when checked,2026 applications accepted April 1 to September 2 or January 30 depending category,Kentucky,,,,,,eligible non-entitlement cities and counties,Mixed,Grant,public facilities; infrastructure; housing; economic development,"Funds the basic facilities, infrastructure, and downtown improvements rural recreation towns need.",up to $750000 for community projects; other categories vary,varies,https://kydlgweb.ky.gov/FederalGrants/16_CDBG.cfm,2026-06-09,RERC-FND-0168
Funding,Regional Marketing and Matching Funds Program,Kentucky Department of Tourism,Recurring,annual; 2025-2026 reimbursements due August 1 2026,Kentucky,,,,,,local nonprofit tourism organizations,Implementation,Grant,tourism marketing; events; visitor promotion; websites; media,"Helps rural DMOs market trails, downtowns, festivals, heritage routes, and outdoor assets.",$2M awarded statewide in 2026; local awards vary,matching funds program,https://industry.kentuckytourism.com/matching-funds,2026-06-09,RERC-FND-0173
Funding,Kentucky Proud Grant Opportunities,Kentucky Proud; Kentucky Department of Agriculture,Recurring,Applications are reviewed monthly. Use the current Kentucky Proud application on the program information.,Kentucky,,,,,,"Kentucky Proud members, restaurants, events, and farm-impact businesses",Mixed,Grant,local food; farm retail; agritourism; events; marketing,Marketing and local-food cost-share opportunities for eligible Kentucky Proud members.,Up to 50% reimbursement for eligible future advertising and marketing expenses,Cost share varies by grant,https://www.kyagr.com/grants/,2026-07-13,RERC-FND-0171
Funding,Tourism Development Incentive Program,Kentucky Tourism Arts and Heritage Cabinet,Open when checked,authority meets monthly,Kentucky,,,,,,eligible tourism project developers,Mixed,Rebate,tourism attraction; lodging; entertainment; historic building reuse,"Supports destination-scale attractions, lodging, and adaptive reuse that drive visitor spending.",up to 25 percent of approved development costs over 10 years; some projects higher,applicant pays required study; no grant match,https://industry.kentuckytourism.com/tourism-development,2026-06-09,RERC-FND-0175
Funding,Transportation Alternatives Program,Kentucky Transportation Cabinet Office of Local Programs,Cycle closed,FFY26 cycle closed January 26 2026,Kentucky,,,,,,local public agencies; eligible entities partnering with local government,Mixed,Grant,bike/ped; Safe Routes; historic transportation; environmental mitigation,"Funds walk-bike access between downtowns, schools, parks, trailheads, and visitor nodes.",varies,20 percent local match,https://transportation.ky.gov/LocalPrograms/Pages/TAP.aspx,2026-06-09,RERC-FND-0176
Funding,Mountain Association Energy and Lending Support,Mountain Association,Open when checked,Rolling inquiry,Kentucky,,,,,,"Businesses, nonprofits, governments, schools, and commercial energy users",Mixed,Loan,rural business; nonprofit facilities; energy savings; Appalachia,"Offers finance and technical help for eastern Kentucky outdoor, food, lodging, and community facilities.","Energy efficiency loans up to $50,000 at 5% interest with up to 72-month terms",No formal match stated; loan underwriting applies,https://mtassociation.org/energy/,2026-08-11,RERC-FND-0172
Funding,Transportation Alternatives Program,Louisiana Department of Transportation and Development,Recurring,2025 application materials posted; next cycle not yet confirmed,Louisiana,,,,,,local public agencies and eligible sponsors,Mixed,Grant,bike/ped; Safe Routes; scenic; historic transportation,"Supports walking, biking, and trail links between rural town centers and outdoor assets.",varies,typically 80 percent federal; 20 percent local,https://dotd.la.gov/about/office-of-project-delivery/engineering/road-design/transportation-alternatives-program,2026-06-09,RERC-FND-0182
Funding,Louisiana Outdoors Forever,Louisiana Department of Wildlife and Fisheries,Cycle closed,"The 2026 pre-application deadline was January 23, 2026; invited full applications were due May 4, 2026. The next cycle is not announced.",Louisiana,,,,,,public agencies; nonprofits; conservation partners,Mixed,Grant,conservation; habitat; land management; public access,Conservation funding for land.,varies,designed to provide match or leverage for other grants,https://www.wlf.louisiana.gov/page/louisiana-outdoors-forever,2026-07-20,RERC-FND-0181
Funding,Historic Preservation Fund Grants 2026-2027,Louisiana Division of Historic Preservation,Cycle closed,"The 2026 letter-of-interest deadline was April 29. Applications were open May 1-31, 2026.",Louisiana,,,,,,"Local governments, nonprofits, and preservation partners depending on project type",Mixed,Grant,historic preservation; surveys; nominations; heritage interpretation,"Funds heritage documentation and interpretation that can support cultural routes, visitor sites, and downtown reuse.",Amount not stated in reviewed page,Match not stated in reviewed page,https://www.crt.state.la.us/cultural-development/historic-preservation/grants/national-park-service-historic-preservation-fund-grants/index,2026-07-13,RERC-FND-0179
Funding,Community Water Enrichment Fund and Local Government Assistance Program,Louisiana Office of Community Development Local Government Assistance,Available,annual legislative/program cycle,Louisiana,,,,,,local governments,Mixed,Grant,water; sewer; public facilities; local infrastructure,"Water, sewer, and local facility upgrades often unlock visitor-serving recreation and downtown projects.",varies by legislative appropriation,None,https://locd.la.gov/local-government-assistance,2026-06-09,RERC-FND-0640
Funding,LCDBG Make a Difference Program,Louisiana Office of Community Development Local Government Assistance,Available,FY2026 awards announced April 1 2026; future cycle expected,Louisiana,,,,,,units of general local government in eligible areas,Mixed,Grant,comprehensive community development; infrastructure; facilities; revitalization,"Flexible CDBG source for rural downtown, public facility, and infrastructure improvements.",varies; admin request up to $100000,None,https://locd.la.gov/local-government-assistance/cdbg-and-cdbg-cv-programs/make-a-difference-program,2026-06-09,RERC-FND-0641
Funding,Cultural Districts Program,Louisiana Office of Cultural Development,Cycle closed,Letters of interest and applications were closed when checked.,Louisiana,,,,,,local governments; property owners; artists; cultural businesses,Mixed,Rebate,arts; cultural tourism; historic rehab; downtown,"Strengthens cultural districts, art sales, and historic building reuse in visitor corridors.",sales tax exemption for original art; historic rehab credit access varies,no grant match,https://www.crt.state.la.us/cultural-development/arts/cultural-districts/forms-applications/index,2026-07-13,RERC-FND-0178
Funding,Land and Water Conservation Fund,Louisiana Office of State Parks,Recurring,cycle-specific; verify current application packet,Louisiana,,,,,,state and local public agencies,Mixed,Grant,parks; outdoor recreation; public access,"Core capital source for parks, boat launches, playgrounds, trailheads, and outdoor recreation facilities.",varies,typically 50 percent federal,https://www.lastateparks.com/grant-opportunities-for-outdoor-recreation/land-water-conservation,2026-07-13,RERC-FND-0180
Funding,Cooperative Marketing Program FY2026,Louisiana Office of Tourism,Cycle closed,"The 2026 application period closed June 9, 2026.",Louisiana,,,,,,"Louisiana CVBs, tourist commissions, DMOs, and political subdivisions authorized to promote tourism",Implementation,Grant,tourism co-op; events; visitor marketing,Helps rural tourism partners buy media for events and attractions when local budgets are thin.,"Maximum award $10,000",50% match; reimbursement basis,https://www.explorelouisiana.com/industry/cmp-grant,2026-07-13,RERC-FND-0177
Funding,Small Business Loans,"Coastal Enterprises, Inc.",Open when checked,Rolling loan inquiry,Maine,,,,,,Maine entrepreneurs and small businesses,Mixed,Loan,rural business; working waterfront; tourism; food; equipment; real estate,"Can support Maine outdoor recreation, hospitality, food, marine, and local service businesses in rural destinations.",Varies,Repayment required,https://www.ceimaine.org/financing/small-business-loans,2026-06-09,RERC-FND-0193
Funding,Business and Nonprofit Electric Vehicle Rebates,Efficiency Maine,Open when checked,"Limited-time $1,000 bonus expired Apr. 30, 2026; base rebates active per reviewed page",Maine,,,,,,"Businesses, nonprofits, LLCs, partnerships, and similar entities titling vehicles in business name",Implementation,Rebate,EV fleet; clean transportation; shuttle; visitor mobility,"Helps outfitters, shuttle operators, parks partners, and visitor-serving nonprofits reduce fleet costs.","New EV $4,000; used EV $3,000; commercial electric van $12,000-$14,000 with preapproval",Purchase required; lease not eligible,https://www.efficiencymaine.com/electric-vehicle-incentives-for-businesses-and-organizations,2026-06-09,RERC-FND-0183
Funding,Commercial and Industrial Prescriptive Initiatives,Efficiency Maine,Open when checked,Rolling by program and measure,Maine,,,,,,"Businesses, nonprofits, municipalities, schools, higher education, industrial facilities, multifamily with 3+ units, mixed-use buildings",Mixed,Rebate,energy efficiency; heating; cooling; lighting; multifamily; mixed-use,"Lowers operating costs for recreation businesses, inns, restaurants, museums, and municipal visitor facilities.",Measure-based incentives; amount varies,Customer share varies by measure,https://www.efficiencymaine.com/at-work,2026-06-09,RERC-FND-0184
Funding,Commercial and Industrial Prescriptive and Custom Incentives,Efficiency Maine,Open when checked,Ongoing while funds are available,Maine,,,,,,"Commercial, industrial, nonprofit, public, and institutional customers",Mixed,Rebate,"HVAC, lighting, kitchen equipment, custom efficiency, lodging","Lodges, restaurants, outfitters, and public visitor facilities can reduce operating costs.",Measure-specific; custom incentives project-specific,Customer pays remaining cost,https://www.efficiencymaine.com/at-work,2026-06-09,RERC-FND-0185
Funding,Land and Water Conservation Fund,Maine DACF Bureau of Parks and Lands,Cycle closed,"The 2026 deadline was June 26, 2026.",Maine,,,,,,State of Maine; counties; municipalities; school districts; tribal nations,Mixed,Grant,parks; public outdoor recreation; trails; facilities,"Direct funding for parks, trails, waterfront access, and public recreation facilities.",2026 maximum $1000000,up to 50 percent federal,https://www.maine.gov/dacf/parks/grants/land_water_conservation_fund.html,2026-07-13,RERC-FND-0188
Funding,Recreational Trails Program and Maine Trails Program,Maine DACF Bureau of Parks and Lands,Open when checked,2026 applicants directed to Maine Trails Program,Maine,,,,,,municipalities; qualified subdivisions of state government; qualified nonprofits,Mixed,Grant,trails; trail rehabilitation; trail access; motorized; nonmotorized,Builds and repairs the trail networks that drive rural outdoor recreation visitation.,varies,up to 80 percent federal,https://www.maine.gov/dacf/parks/grants/recreational_trails_program.shtml,2026-06-09,RERC-FND-0192
Funding,Land for Maine's Future,"Maine Department of Agriculture, Conservation and Forestry",Open when checked,Board meetings and funding opportunities announced by LMF,Maine,,,,,,"State, local, land trust, and conservation partners",Mixed,Financing,land conservation; public access; working lands; trails,Conserves lands and public access assets that support outdoor recreation economies.,Varies by project and available bond or appropriation funding,Matching funds encouraged and commonly required,https://www.maine.gov/dacf/lmf,2026-06-09,RERC-FND-0189
Funding,Maine CDBG Program,Maine Department of Economic and Community Development,Open when checked,2026 Program Statement governs current cycles,Maine,,,,,,eligible units of general local government,Mixed,Grant,downtown revitalization; public infrastructure; housing; economic development,"Funds downtown, infrastructure, and community development projects for rural visitor centers.",varies by CDBG program; downtown revitalization commonly up to $1000000,varies,https://www.maine.gov/decd/community-development/cdbg-program/statement,2026-06-09,RERC-FND-0190
Funding,Maine Outdoor Heritage Fund,Maine Department of Inland Fisheries and Wildlife; MOHF Board,Recurring,semiannual grant rounds,Maine,,,,,,proposals submitted through authorized natural resource agency representatives,Mixed,Grant,conservation; public lands; outdoor recreation; access,"Supports public lands, access, habitat, and outdoor recreation sites that attract visitors.",varies; more than $28M awarded since inception,no required match; 1/3 cash match receives priority,https://www.maine.gov/ifw/programs-resources/grants/outdoor-heritage-fund.html,2026-06-09,RERC-FND-0191
Funding,Historic Community Buildings Grant Program,Maine Historic Preservation Commission,Recurring,Updated May 2026; applications generally available late winter,Maine,,,,,,"State agencies, counties, municipalities, educational institutions, and private nonprofits; property must meet program criteria",Mixed,Grant,historic buildings; downtown rehab; heritage tourism,Supports historic civic and visitor-facing buildings in rural downtowns and heritage corridors.,"$10,000-$30,000",75:25 match for Historic Preservation Grants; CLG grants require dollar-for-dollar nonfederal match,https://www.maine.gov/mhpc/programs/grants,2026-06-09,RERC-FND-0187
Funding,Community Resilience Partnership Community Action Grants,Maine Office of Community Affairs,Cycle closed,"The 2026 deadline was June 19, 2026.",Maine,,,,,,enrolled municipalities; tribal governments; plantations; townships; unorganized territories,Mixed,Grant,resilience; energy; bike/ped; culverts; flooding; municipal facilities,Funds resilience and access upgrades that protect rural recreation assets from storms and flooding.,$5000 to $75000 individual; up to $175000 group; $5.25M round,no match stated,https://www.maine.gov/future/climate/community-resilience-partnership,2026-07-13,RERC-FND-0186
Funding,Community Resilience Partnership Service Provider Grants,Maine Office of Community Affairs,Available,due June 19 2026,Maine,,,,,,service provider organizations assisting groups of communities,Mixed,Grant,capacity; climate planning; grant readiness; regional assistance,Adds planning capacity for small towns that lack staff to package recreation-resilience projects.,varies by track,None,https://www.maine.gov/future/climate/community-resilience-partnership,2026-06-09,RERC-FND-0642
Funding,Recreational Trails Program,Maryland DOT,Recurring,Check with the program,Maryland,,,,,,"State and local government agencies, nonprofits, and trail organizations in Maryland",Construction,Grant,Recreation; Conservation; Energy/Climate,"Develops and maintains recreational trails for non-motorized and motorized trail users; trail construction, maintenance, restoration, and safety improvements.","Up to $250,000 per project (80% federal / 20% local match)",Yes,https://www.fhwa.dot.gov/environment/recreational_trails,2026-06-09,RERC-FND-0204
Funding,Transportation Alternatives Program,Maryland DOT,Recurring,Check with the program,Maryland,,,,,,"State and local governments, transit agencies, MPOs, and natural resource agencies in Maryland",Construction,Grant,Infrastructure; Recreation; Conservation; Historic/Cultural; Energy/Climate,"Funds non-motorized transportation alternatives: pedestrian/bike infrastructure, scenic byways, historic preservation, environmental mitigation, recreational trails connecting communities.","Varies; federal aid program; projects typically $200,000-$2M (80/20 federal/local match)",Yes,https://www.fhwa.dot.gov/environment/transportation_alternatives,2026-06-09,RERC-FND-0206
Funding,Community Legacy,Maryland Department of Housing and Community Development,Recurring,annual State Revitalization Program cycle,Maryland,,,,,,local governments; community development organizations; nonprofits in Sustainable Communities,Mixed,Loan,revitalization; main street; mixed-use; placemaking; redevelopment,Supports downtown and neighborhood revitalization that makes rural visitor districts investable.,varies,varies,https://dhcd.maryland.gov/Communities/Pages/programs/default.aspx,2026-06-09,RERC-FND-0195
Funding,Community Legacy Program,Maryland Department of Housing and Community Development,Recurring,Check with the program,Maryland,,,,,,Maryland municipalities and counties designated as Community Legacy Areas; local governments,Planning,Grant,Infrastructure; Economic Development; Planning; Conservation; Housing; Energy/Climate,"Revitalizes established communities through business retention, housing rehab, streetscape improvements, and community anchors; funds community reinvestment projects.","Typically $50,000-$500,000 per jurisdiction per cycle",Partial,https://dhcd.maryland.gov/Communities/Pages/programs/default.aspx,2026-06-09,RERC-FND-0196
Funding,Maryland Community Development Block Grant Program,Maryland Department of Housing and Community Development,Recurring,annual CDBG cycle,Maryland,,,,,,non-entitlement counties and municipalities,Mixed,Grant,infrastructure; housing; economic development; public facilities,Funds core infrastructure and community facilities needed by rural recreation gateway towns.,varies,varies,https://dhcd.maryland.gov/Communities/Pages/programs/default.aspx,2026-06-09,RERC-FND-0201
Funding,Operating Assistance Grant,Maryland Department of Housing and Community Development,Available,Available online,Maryland,,,,,,Maryland nonprofit community development organizations and CDCs,Construction,Grant,Economic Development; Conservation; Housing; Energy/Climate,"Provides operating support to Maryland nonprofit community development organizations working on housing, economic development, and community revitalization.",Varies; typically small operating support grants for community development organizations,None,https://dhcd.maryland.gov/Communities/Pages/programs/default.aspx,2026-06-09,RERC-FND-0643
Funding,Sustainable Communities Program,Maryland Department of Housing and Community Development,Recurring,Check with the program,Maryland,,,,,,Municipalities and counties designated as Maryland Sustainable Communities; development projects within those areas,Planning,Grant,Infrastructure; Economic Development; Planning; Conservation; Housing; Energy/Climate,"Revitalizes designated communities through coordinated investment in housing, transportation, economic development, and green infrastructure; promotes livability and sustainability.",Varies; tax credits and targeted investment in designated Sustainable Communities,Partial,https://dhcd.maryland.gov/Communities/Pages/programs/default.aspx,2026-06-09,RERC-FND-0205
Funding,Community Parks and Playgrounds Program,Maryland Department of Natural Resources,Cycle closed,FY2027 application period closed; future cycle expected,Maryland,,,,,,municipal corporations and Baltimore City,Mixed,Grant,parks; playgrounds; green space; older neighborhoods,Rehabilitates or creates parks and playgrounds that support resident quality of life and visitor appeal.,FY2026 budget includes $5000000 for 26 projects,no match stated,https://dnr.maryland.gov/land/pages/programopenspace/cpp.aspx,2026-06-09,RERC-FND-0197
Funding,Kim Lamphier Bikeways Network Program,Maryland Department of Transportation,Recurring,annual MDOT grant cycle,Maryland,,,,,,local jurisdictions and public sponsors,Mixed,Grant,bicycle infrastructure; planning; design; construction,"Helps small towns build bike networks that connect downtowns, trails, parks, and lodging.",varies,varies by solicitation,https://mdot.maryland.gov/tso/pages/Index.aspx?PageId=218,2026-06-09,RERC-FND-0199
Funding,Transportation Alternatives Program and Recreational Trails Program,Maryland Department of Transportation State Highway Administration,Recurring,annual MDOT/SHA call; FFY2026 awards posted,Maryland,,,,,,local governments; state agencies; eligible trail sponsors,Mixed,Grant,bike/ped; trails; Safe Routes; community transportation,"Funds trail systems, bike/ped links, and visitor access improvements.",varies; FFY2026 awards posted,typically 80 percent federal; 20 percent match,https://onestop.md.gov/forms/mdot-tap-rtp-fy25-65fad4f292ba2000dfd805b8,2026-06-09,RERC-FND-0207
Funding,Commercial and Industrial Grant Program,Maryland Energy Administration,Recurring,"FY26 deadline Jan. 30, 2026; FY27 expected around Sep. 2026",Maryland,,,,,,"Maryland commercial, industrial, data center, nonprofit, federal, and agricultural facilities",Mixed,Rebate,energy efficiency; commercial facilities; nonprofits; agricultural facilities,Helps visitor-serving facilities lower operating costs and modernize buildings.,"FY2026 budget $8,400,000; max $200,000; up to 50% of eligible project cost; some low-income-serving facilities up to 100%",Project cost share generally required after other incentives,https://energy.maryland.gov/business/Pages/incentives/empowermdcigp.aspx,2026-06-09,RERC-FND-0194
Funding,Keep Maryland Beautiful Grants,Maryland Environmental Trust; Maryland DNR; MDOT; Maryland Department of Agriculture; Chesapeake Bay Trust,Recurring,"2026 applications due Dec. 1, 2025",Maryland,,,,,,"Volunteer groups, nonprofits, communities, schools, local governments, and land trusts",Mixed,Grant,land trusts; stewardship; environmental education; community greening,"Supports land trusts, rural stewardship, and natural-resource protection connected to outdoor recreation assets.","2026 round about $357,000 total; Community Stewardship Grants $47,000 available",Varies by subprogram; not stated in reviewed release,https://news.maryland.gov/dnr/2025/09/15/keep-maryland-beautiful-grant-applications-now-being-accepted-for-2026,2026-06-09,RERC-FND-0198
Funding,Maryland Heritage Areas Authority Grants,Maryland Heritage Areas Authority; Maryland Historical Trust,Recurring,Annual cycle; verify current FY deadline with heritage area management entity,Maryland,,,,,,"Local governments, nonprofits, and heritage-area partners with eligible projects in certified heritage areas",Mixed,Grant,heritage tourism; interpretation; capital; noncapital; planning,"Supports heritage trails, visitor interpretation, historic sites, and destination infrastructure.","Generally up to $100,000 for capital or noncapital grants; mini-grants smaller",Generally 1:1 match,https://mht.maryland.gov/Documents/grants/Grants_MHAA_Guidelines.pdf,2026-06-09,RERC-FND-0202
Funding,Maryland Heritage Areas Authority Project Grants,Maryland Historical Trust; Maryland Heritage Areas Authority,Recurring,annual MHAA cycle,Maryland,,,,,,nonprofits; local jurisdictions; state and federal agencies; heritage area partners,Mixed,Grant,heritage tourism; museums; trails; interpretation; historic preservation,"Directly funds heritage tourism, trail interpretation, visitor experiences, and cultural assets.",commonly up to $100000 for project grants,generally 1:1 match,https://mht.maryland.gov/planning-protection/maryland-heritage-areas-program/maryland-heritage-areas-program-project-grants,2026-06-09,RERC-FND-0203
Funding,MAERDAF and Rural Maryland Prosperity Investment Fund Grants,Rural Maryland Council,Cycle closed,"The FY2027 full application deadline was July 10, 2026.",Maryland,,,,,,"Rural-serving nonprofits and organizations promoting statewide or regional rural planning, economic development, community development, agriculture, and forestry education",Mixed,Grant,rural economic development; entrepreneurship; infrastructure; agriculture; forestry education,"Flexible rural funding can support recreation-economy planning, entrepreneurship, and community infrastructure.","FY2027 rural funding total $6,047,464; individual awards vary",Not stated in reviewed source,https://rural.maryland.gov/grant-opportunities,2026-07-13,RERC-FND-0200
Funding,Business Rebates and Incentives,Mass Save,Open when checked,Ongoing by equipment form and sponsor,Massachusetts,,,,,,Business customers of participating Mass Save sponsors,Implementation,Rebate,"HVAC, foodservice, lodging, refrigeration, controls","Rural inns, motels, restaurants, and municipal facilities can lower energy costs.",Measure-specific,Customer pays remaining cost,https://www.masssave.com/en/business/rebates-and-incentives,2026-06-09,RERC-FND-0208
Funding,Mass Save Business Rebates and Incentives,Mass Save Sponsors,Open when checked,Ongoing by measure and funding availability,Massachusetts,,,,,,Businesses and commercial properties served by participating utilities,Mixed,Rebate,"energy efficiency, lodging, restaurants, commercial buildings","Reduces operating costs for rural tourism businesses, outfitters, restaurants, lodging, and community facilities.",Varies by technology,Not applicable,https://www.masssave.com/en/business/rebates-and-incentives,2026-06-09,RERC-FND-0209
Funding,Rural Development Fund,Massachusetts Executive Office of Economic Development,Cycle closed,"FY27 One Stop round closed June 3, 2026",Massachusetts,,,,,,Rural or small-town municipalities and public entities,Mixed,Grant,"rural infrastructure, community development, economic development",Funds small-town infrastructure and development work that can support recreation economy project readiness.,$10M FY2026 and $10M FY2027 capital authorization,Not stated,https://budget.digital.mass.gov/capital/fy26/beneficiary-agency/economic-development/eo-of-economic-development/d038,2026-06-09,RERC-FND-0210
Funding,Land and Water Conservation Fund Grants,Michigan DNR,Recurring,April 1 annual DNR recreation grant cycle,Michigan,,,,,,Local units of government and eligible public recreation providers,Mixed,Grant,parks; trails; outdoor recreation; acquisition; development,Funds public outdoor recreation assets central to rural recreation economies.,"Commonly $30,000 to $500,000; guideline controls",50% match,https://www.michigan.gov/dnr/buy-and-apply/grants/rec/lwcf,2026-06-09,RERC-FND-0212
Funding,Michigan Natural Resources Trust Fund,Michigan DNR,Recurring,April 1 annually; recreation plans due February 1,Michigan,,,,,,State and local units of government; eligible recreation authorities; some school districts,Mixed,Grant,parks; trails; land acquisition; public outdoor recreation,"Major Michigan source for community parks, trail systems, waterfront access, and conservation.","$15,000 to $400,000 for development; no stated cap for acquisition",Minimum 25% local match typical; verify guidelines,https://www.michigan.gov/dnr/buy-and-apply/grants/rec/mnrtf,2026-06-09,RERC-FND-0215
Funding,Recreation Passport Grant Program,Michigan DNR,Recurring,April 1 annually; 2026 round opened early 2026,Michigan,,,,,,Local units of government with approved recreation plan,Mixed,Grant,local parks; recreation facilities; accessibility; park improvements,Funds small-town park improvements that improve visitor and resident recreation.,"$7,500 to $150,000 typical",25% minimum typical,https://www.michigan.gov/dnr/about/newsroom/releases/2025/12/09/dnr-approves-recreation-grants-for-local-parks,2026-06-09,RERC-FND-0218
Funding,Waterways Grant-in-Aid Program,Michigan DNR Parks and Recreation Division,Cycle closed,"The 2026 awards were announced May 27, 2026; watch for the next annual round.",Michigan,,,,,,Local units of government and eligible harbor or boating access sponsors,Mixed,Grant,boating; harbors; marinas; water access; dredging,"Water access and harbors drive fishing, paddling, marina, and waterfront tourism.",FY2026 awards totaled about $4.0 million; project amounts vary,Local match required; project-specific,https://www.michigan.gov/dnr/buy-and-apply/grants/rec/waterways,2026-07-13,RERC-FND-0220
Funding,Michigan Coastal Management Program Grants,"Michigan Department of Environment, Great Lakes, and Energy",Available,FY2027 funding opportunity listed on program information,Michigan,,,,,,"Coastal communities, nonprofits, Tribal Nations, public partners",Mixed,Grant,"coastal access, eco-tourism, resilience, coastal habitat","Funds Great Lakes public access, coastal eco-tourism, hazard mitigation, and resilient waterfront economies.",Varies,None,https://www.michigan.gov/coastalmanagement,2026-06-09,RERC-FND-0645
Funding,Fisheries Habitat Grant Program,Michigan Department of Natural Resources,Recurring,"2026 full applications were due January 23, 2026",Michigan,,,,,,"Local, state, federal, and Tribal governments; academic institutions; nonprofits",Mixed,Grant,"fisheries habitat, dam removal, aquatic access, conservation","Improves fishing resources, aquatic habitat, and water-based recreation assets.","Minimum $25,000; up to available theme funds, cited up to $1.5M",10% minimum,https://www.michigan.gov/dnr/buy-and-apply/grants/aq-wl/fish-hab,2026-06-09,RERC-FND-0211
Funding,Wildlife Habitat Grant Program,Michigan Department of Natural Resources,Cycle closed,"The 2026 application deadline was June 25, 2026.",Michigan,,,,,,"Government units, Tribal governments, for-profit and nonprofit organizations",Mixed,Grant,"wildlife habitat, grasslands, wetlands, connectivity","Supports habitat work that can strengthen hunting, birding, nature tourism, and conserved-land stewardship.","$50,000 to $500,000",10% minimum,https://www.michigan.gov/dnr/buy-and-apply/grants/aq-wl/wildlife-hab,2026-07-13,RERC-FND-0221
Funding,Coastal Planning and Construction Grants,Michigan EGLE Coastal Management Program,Available,Annual GFO; 2026 awards posted,Michigan,,,,,,Coastal local governments; nonprofits; universities; Tribal Nations,Mixed,Grant,coastal access; eco-tourism; resilient waterfronts; habitat; maritime heritage,"Helps coastal towns improve public access, waterfront resilience, and eco-tourism assets.","Planning $10,000 to $75,000; low-cost construction $10,000 to $200,000",None,https://www.michigan.gov/egle/regulatory-assistance/funding/wrd/planning-and-construction-grants,2026-06-09,RERC-FND-0644
Funding,Match on Main,Michigan Economic Development Corporation,Recurring,"2026 window March 1 to April 24, 2026",Michigan,,,,,,Eligible RRC or Michigan Main Street applicant organizations applying for selected businesses,Implementation,Grant,downtown business; outdoor space activation; facade-adjacent improvements; marketing,Helps recreation towns convert visitors into spending at local downtown businesses.,"Up to $25,000 per project",No fixed match stated; private investment expected,https://www.miplace.org/small-business/match-on-main,2026-06-09,RERC-FND-0213
Funding,Public Spaces Community Places,Michigan Economic Development Corporation with MML and Patronicity,Open when checked,Rolling project campaigns,Michigan,,,,,,Municipalities; nonprofits; community groups,Implementation,Grant,placemaking; public spaces; parks; plazas; accessibility; public art,"Funds the public spaces, trailhead plazas, murals, and gathering places that convert recreation traffic into downtown spending.","Up to $50,000 MEDC match; up to $75,000 with universal design extension",1:1 crowdfunding match,https://www.miplace.org/programs/public-spaces-community-places/guidelines,2026-06-09,RERC-FND-0217
Funding,Michigan Humanities Grants,Michigan Humanities,Recurring,Regular grant cycles; verify current deadline,Michigan,,,,,,"Cultural, educational, and community-based organizations",Mixed,Grant,heritage; interpretation; museums; culture; public programming,"Supports local stories, museums, interpretive trails, and heritage tourism.","Up to $20,000",Unsure,https://www.michiganhumanities.org/humanities-grants,2026-06-09,RERC-FND-0214
Funding,Michigan Saves Commercial Loans,Michigan Saves,Open when checked,"Ongoing, lender-based",Michigan,,,,,,Commercial and municipal customers,Construction,Loan,"energy efficiency, renewable energy, municipal facilities, commercial buildings","Provides low-cost capital for energy upgrades at tourism businesses, public facilities, and nonprofit recreation assets.","$5,000 to $450,000,000 depending lender",Not applicable,https://michigansaves.org/commercial-loans,2026-06-09,RERC-FND-0216
Funding,Small Business Loans and Consulting,Venture North Funding and Development,Open when checked,Rolling loan and consulting inquiry,Michigan,,,,,,Northwest Michigan small business owners not qualifying for bank financing,Mixed,Loan,rural entrepreneurship; shoreline communities; small business expansion,"Supports recreation-adjacent businesses in northern Michigan trail, lake, and downtown tourism communities.",Varies,Repayment required,https://www.venturenorthfunding.org/home,2026-06-09,RERC-FND-0219
Funding,Parks and Trails Legacy Grant Program,Greater Minnesota Regional Parks and Trails Commission with Minnesota DNR administration,Recurring,Annual GMRPTC process; legislative appropriation cycle,Minnesota,,,,,,Counties and cities with regionally significant parks or trails,Mixed,Grant,regionally significant parks; trails; outdoor recreation,Designed for Greater Minnesota regional parks and trails that draw visitors.,Varies by legislative recommendation,Varies,https://www.dnr.state.mn.us/grants/recreation/pt_legacy.html,2026-06-09,RERC-FND-0228
Funding,"Rural Needs and Economic, Community and Workforce Development Grants",Initiative Foundation and partners,Cycle closed,"The listed Rural Needs round ended June 30, 2026; check for another 2026 cycle.",Minnesota,,,,,,Central Minnesota nonprofits and eligible organizations,Mixed,Grant,"rural needs, economic development, workforce, community capacity","Funds rural pilots, planning, and community capacity that can support recreation-economy businesses and amenities.",Varies,Not stated,https://ifound.org/grants/grants-available,2026-07-13,RERC-FND-0230
Funding,Environment and Natural Resources Trust Fund,Legislative-Citizen Commission on Minnesota Resources,Recurring,Annual LCCMR RFP and legislative appropriation cycle,Minnesota,,,,,,"Public agencies, nonprofits, universities, local partners, Tribal partners depending RFP",Mixed,Grant,"conservation, education, outdoor recreation, natural resources","Supports nonstandard conservation, education, parks, trails, nature access, and outdoor recreation projects.",FY2027 appropriations listed at about $102M,Not stated,https://www.lccmr.mn.gov/projects/2026/2026_appropriations_by_subdivision.html,2026-06-09,RERC-FND-0224
Funding,Clean Water Legacy Partners Grant Program,Minnesota Board of Water and Soil Resources,Recurring,"FY27 RFP open February 18 to May 19, 2026",Minnesota,,,,,,Eligible partner organizations and local governments,Mixed,Grant,"clean water, partnerships, habitat, watershed restoration","Helps protect rivers, lakes, wetlands, and water quality that underpin paddling, fishing, and lake-based tourism.",Varies,See RFP,https://bwsr.state.mn.us/node/10516,2026-06-09,RERC-FND-0223
Funding,Business Energy Efficiency Grant Program,"Minnesota Chamber Environmental Sustainability Foundation, Energy Smart",Open when checked,"Applications close November 16, 2026",Minnesota,,,,,,Xcel Energy or CenterPoint Energy commercial or industrial customers; Minnesota Chamber members,Mixed,Rebate,"energy efficiency, commercial buildings, restaurants, lodging",Reduces energy project costs for small businesses and visitor-serving facilities.,"Up to $5,000; up to $7,000 for Minnesota Chamber members",Tied to utility rebate; LED projects half rebate or 60% in EJ areas; other projects 4x or 5x rebate,https://d15k2d11r6t6rl.cloudfront.net/pub/bfra/la2h29b2/cow/hmm/ywv/2026%20Grant%20information.pdf,2026-06-09,RERC-FND-0222
Funding,Federal Recreational Trail Program,Minnesota DNR,Recurring,"2026 deadline was February 27, 2026",Minnesota,,,,,,"Units of government, preferably with local trail organizations",Mixed,Grant,trails; trailheads; equipment; maintenance; accessibility,Direct trail development and maintenance funding for recreation-economy communities.,"$2,500 to $200,000 trail grants; up to $75,000 equipment",Match required; verify 2026 manual,https://www.dnr.state.mn.us/rfp,2026-06-09,RERC-FND-0225
Funding,Local Trail Connections Program,Minnesota DNR,Recurring,"2026 deadline was March 31, 2026",Minnesota,,,,,,Counties; cities; townships,Mixed,Grant,local trail links; parks; downtown connections; access,"Connects residents and visitors between lodging, downtowns, parks, trails, and historic areas.","$5,000 to $250,000",25% non-state cash match,https://www.dnr.state.mn.us/grants/recreation/trails_local.html,2026-06-09,RERC-FND-0226
Funding,Outdoor Recreation Grant Program,Minnesota DNR,Cycle closed,"2026 round closed March 31, 2026",Minnesota,,,,,,Cities; counties; townships,Mixed,Grant,parks; outdoor recreation; playgrounds; sports; public access,Funds close-to-home recreation infrastructure for rural towns.,"$50,000 to $500,000",50% implied by total project thresholds; verify manual,https://www.dnr.state.mn.us/grants/recreation/outdoor_rec/outdoor-recreation-grant-program-documents.html,2026-06-09,RERC-FND-0227
Funding,Regional Trail Grant Program,Minnesota DNR,Recurring,"2026 deadline was March 31, 2026",Minnesota,,,,,,Counties; cities; townships,Mixed,Grant,regional trails; statewide-significant trails; cultural resources,Funds destination-scale trails that can anchor rural visitor economies.,"$5,000 to $300,000",25% non-state cash match,https://www.dnr.state.mn.us/grants/recreation/trails_regional.html,2026-06-09,RERC-FND-0229
Funding,MS Delta Cultural Heritage Grants,Mississippi Delta National Heritage Area,Cycle closed,"The 2026 application deadline was June 12, 2026.",Mississippi,,,,,,Organizations with eligible Delta heritage projects,Implementation,Grant,"Delta heritage, culture, river landscapes, tourism","Funds heritage tourism projects tied to river, land, blues, civil rights, and Delta community identity.","Up to $25,000",Match required; nonfederal match allowed,https://www.msdeltaheritage.com/grants,2026-07-13,RERC-FND-0233
Funding,Community Heritage Preservation Grant and Historic Site Preservation Grant,Mississippi Department of Archives and History,Recurring,Annual board award cycles,Mississippi,,,,,,Certified Local Government communities and eligible historic-property sponsors,Mixed,Grant,"historic preservation, heritage tourism, downtown assets","Preserves courthouse, school, and historic-site assets that can serve heritage tourism and downtown revitalization.",Varies; January 2026 awards totaled nearly $3M for Community Heritage Preservation,See program materials,https://www.mdah.ms.gov/historic-preservation/preservation-planning-development,2026-06-09,RERC-FND-0232
Funding,Mississippi Tourism Rebate Program,Mississippi Development Authority,Open when checked,"Authority extended through June 30, 2027",Mississippi,,,,,,Qualified new tourism-oriented enterprises,Mixed,Rebate,tourism attractions; marinas; outdoor adventure parks; museums; resorts,"Can support private recreation attractions, marinas, museums, and destination projects.",Sales tax rebate up to 15 years; investment thresholds apply,Not a match program,https://mississippi.org/wp-content/uploads/tourism-rebate-program.pdf,2026-06-09,RERC-FND-0237
Funding,Mississippi Main Street Revitalization Grant Program,Mississippi Development Authority with Mississippi Main Street Association,Recurring,Funding was authorized in 2026; check with the program for the next application window.,Mississippi,,,,,,Main Street designated communities and eligible Main Street member organizations,Mixed,Grant,downtown revitalization; historic commercial districts; facade; public-private reinvestment,Helps recreation towns improve visitor-facing downtowns and historic districts.,"Up to $500,000 per eligible community",Guidelines control,https://www.msmainstreet.com/press-releases/details/governor_approves_10m_for_mississippi_main_street_revitalization_grant_program,2026-07-13,RERC-FND-0234
Funding,Community Grants Program,Mississippi Hills National Heritage Area,Recurring,"2026 deadline was January 30, 2026",Mississippi,,,,,,Eligible organizations in the heritage area,Mixed,Grant,"heritage tourism, culture, recreation, interpretation",Supports cultural and natural-resource tourism in northeast Mississippi communities.,Varies,See guidelines,https://mississippihills.org/grants,2026-06-09,RERC-FND-0231
Funding,Mississippi Outdoor Stewardship Trust Fund,Mississippi Outdoor Stewardship Trust Fund Board through DFA,Recurring,"Next application acceptance expected August 3 to September 18, 2026; program preparation begins July 1",Mississippi,,,,,,Counties; municipalities; state agencies; nongovernmental entities,Mixed,Grant,outdoor recreation; parks; trails; public water access; conservation; habitat,One of Mississippi's strongest direct fits for nature-based recreation and conservation.,Varies; 2025 awards ranged from small projects to multimillion-dollar awards,Project-specific; financial makeup scored,https://www.dfa.ms.gov/mostf-application,2026-06-09,RERC-FND-0235
Funding,TVA EnergyRight Business and Industry Incentives,Tennessee Valley Authority and local power companies,Open when checked,TVA fiscal year October to September; funding availability applies,Mississippi,,,,,,"Business, commercial, industrial, and government customers served by TVA or local power companies",Mixed,Rebate,"energy efficiency, industrial, commercial, government facilities",Helps public and private recreation-economy facilities cut energy costs and finance upgrades.,Up to 70% of material cost; maximum $3M per organization per TVA fiscal year,Not applicable,https://energyright.com/business-industry/incentives/applying-for-incentives,2026-06-09,RERC-FND-0238
Funding,BizSavers Business Energy Efficiency,Ameren Missouri,Open when checked,Ongoing,Missouri,,,,,,Ameren Missouri business customers,Mixed,Rebate,"HVAC, lighting, controls, custom projects, business efficiency",Recreation economy businesses can reinvest utility savings into operations and guest experience.,Measure-specific cash incentives,Customer pays remaining cost,https://www.ameren.com/bizee,2026-06-09,RERC-FND-0239
Funding,Community Foundation of the Ozarks Rural Vitality and Affiliate Grants,Community Foundation of the Ozarks,Open when checked,Multiple 2026 affiliate and competitive cycles,Missouri,,,,,,"501(c)(3) nonprofits and other IRS-approved entities such as governments, schools, and churches depending grant",Mixed,Grant,"rural vitality, community development, youth, local quality of life","Offers localized rural funding that can support trailside amenities, youth outdoor programs, downtown vitality, and community capacity.","Rural Vitality example: $209,631 awarded to 13 agencies; affiliate grants vary",Not stated,https://www.cfozarks.org/find-grants,2026-06-09,RERC-FND-0242
Funding,Missouri Arts Council Annual Grants,Missouri Arts Council,Recurring,"FY2027 final deadline was February 23, 2026; annual cycle recurring",Missouri,,,,,,Missouri nonprofits and eligible arts organizations,Mixed,Grant,arts; festivals; folk arts; multidisciplinary culture; education,Supports festivals and cultural programming that extend rural visitor stays.,Varies,Award cannot exceed 50% of total project expenses,https://missouriartscouncil.org/grants,2026-06-09,RERC-FND-0245
Funding,CDBG Competitive Cycle,Missouri Department of Economic Development,Open when checked,"May 4 to July 31, 2026",Missouri,,,,,,Non-entitlement communities,Construction,Grant,community facilities; infrastructure; demolition; public safety,"Can fund public facilities, infrastructure, and blight removal in recreation towns.","Up to $500,000 or $5,000 per benefiting household",Unsure,https://ded.mo.gov/programs/community/community-development-block-grants-competitive-cycle,2026-06-09,RERC-FND-0240
Funding,CDBG Downtown Revitalization,Missouri Department of Economic Development,Open when checked,Open year-round until funds exhausted,Missouri,,,,,,Non-entitlement cities and counties,Mixed,Grant,downtown revitalization; facades; code corrections; infrastructure,Directly improves visitor-facing historic downtowns and commercial districts.,"Up to $750,000 total; up to $75,000 per building",20% local public or private match,https://ded.mo.gov/programs/community/community-development-block-grants-economic-development,2026-06-09,RERC-FND-0241
Funding,Neighborhood Preservation Act,Missouri Department of Economic Development,Recurring,"2026 application period opened February 9; postmark deadline March 27, 2026",Missouri,,,,,,Eligible residential property owners and project applicants,Implementation,Tax Credit,"neighborhood revitalization, housing rehab, historic neighborhoods",Helps stabilize older neighborhoods and visitor-facing community fabric near rural downtown assets.,Tax credit varies by qualified rehab,Private investment required,https://ded.mo.gov/programs/community/neighborhood-preservation-act-npa,2026-06-09,RERC-FND-0247
Funding,Scrap Tire Surface Material Grants,Missouri Department of Natural Resources,Cycle closed,"2026 application period closed March 31, 2026",Missouri,,,,,,"Eligible schools, parks, nonprofit, and public facility sponsors per application",Mixed,Grant,"playgrounds, trails, surfacing, recycled materials","Can fund trail, playground, and recreation surfacing with recycled tire material.",Available funds announced annually,None,https://dnr.mo.gov/waste-recycling/financial-assistance-opportunities/scrap-tire-surface-material-grant,2026-06-09,RERC-FND-0647
Funding,Energy Efficiency and Conservation Block Grant Program,Missouri Department of Natural Resources Division of Energy,Available,2026 program cycle; verify application date,Missouri,,,,,,Cities and counties not eligible for direct federal formula funds,Implementation,Grant,energy efficiency; emissions reduction; municipal energy projects,Helps rural communities improve energy performance of visitor-serving public assets.,Up to $2.36 million statewide available to eligible cities and counties,None,https://dnr.mo.gov/energy/financial-assistance-opportunities/efficiency-conservation-block-grant,2026-06-09,RERC-FND-0646
Funding,Energy Loan Program,Missouri Department of Natural Resources Division of Energy,Open when checked,Revolving program; no fixed grant deadline listed,Missouri,,,,,,Local governments; public schools; colleges; public airports; water and wastewater facilities; nonprofit hospitals,Implementation,Loan,energy efficiency; renewable energy; municipal facilities; cost savings,"Can lower operating costs for recreation centers, public buildings, airports, and water facilities.",Varies by loan fund availability,Loan repayment; not a match grant,https://dnr.mo.gov/energy/what-were-doing/energy-loan-program,2026-06-09,RERC-FND-0243
Funding,Transportation Alternatives Program,Missouri Department of Transportation,Recurring,Competitive every two years in even years,Missouri,,,,,,Local public agencies,Construction,Grant,bike-ped; trails; safe routes; scenic byways; transportation alternatives,"Funds bike-ped and trail links between downtowns, parks, schools, and visitor assets.",Varies by allocation,20% minimum local match; up to 80% federal reimbursement,https://www.modot.org/transportation-alternatives-program-tap,2026-06-09,RERC-FND-0249
Funding,Missouri Humanities Grants,Missouri Humanities,Recurring,Multiple deadlines; notifications six weeks after deadline,Missouri,,,,,,Nonprofits and public humanities partners,Implementation,Grant,heritage; veterans; literacy; film; public humanities,"Funds interpretation, local history, and heritage tourism programming.",Mini and Major grants; amount varies,Unsure,https://mohumanities.org/grants,2026-06-09,RERC-FND-0246
Funding,Recreational Trails Program Grants,Missouri State Parks,Cycle closed,2026 round closed; 2027 round opens in December,Missouri,,,,,,Local and state governments; school districts; nonprofits,Mixed,Grant,trails; trailheads; easements; trail restoration; accessibility,Direct support for trail systems that attract outdoor visitors.,"Up to $250,000",Minimum 20% match,https://mostateparks.com/page/recreational-trails-program-rtp-grants,2026-06-09,RERC-FND-0248
Funding,MOBUCK$ Linked Deposit Program,Missouri State Treasurer,Open when checked,"Small Business portal opened April 1, 2026 until allocation depleted",Missouri,,,,,,"Missouri small businesses, agriculture, governmental entities, and other eligible borrowers",Construction,Loan,"small business, agriculture, local government, alternative energy","Provides cheaper capital for rural outfitters, agritourism, lodging, food businesses, and local-government improvements.",$100M small-business allocation reopening in 2026; loans get about 2% to 3% interest reduction,Lender underwriting required,https://www.treasurer.mo.gov/content/low-interest-loans,2026-06-09,RERC-FND-0244
Funding,Transportation Alternatives Program,Montana DOT,Recurring,Check with the program,Montana,,,,,,"Local governments; tribal governments; regional transportation authorities; transit agencies; natural-resource/public-land agencies; schools; MPOs serving urbanized areas of 200,000 or fewer; nonprofits with an eligible public partner",Mixed,Grant,Infrastructure; Recreation; Conservation; Energy/Climate,"Smaller-scale transportation projects such as pedestrian and bicycle facilities, safe routes, community improvements, overlooks, and environmental mitigation.","Offers competitive funding based on available federal apportionments, which in 2025 totaled over $8.9 million","Yes, 13.42%",https://www.fhwa.dot.gov/environment/transportation_alternatives,2026-06-09,RERC-FND-0254
Funding,Off-Highway Vehicle Grant Program,"Montana Fish, Wildlife and Parks",Recurring,"Annual cycle, typically winter application window",Montana,,,,,,Clubs; agencies; nonprofits; trail partners,Implementation,Grant,motorized trails; trail maintenance; safety; access,Supports motorized recreation infrastructure and stewardship in gateway communities.,Varies,Unsure,https://fwp.mt.gov/aboutfwp/grant-programs/off-highway-vehicle,2026-06-09,RERC-FND-0251
Funding,Recreational Trails Program,"Montana Fish, Wildlife and Parks",Recurring,Annual cycle,Montana,,,,,,Public agencies; tribes; nonprofits; trail organizations,Mixed,Grant,trails; trailheads; outdoor recreation; maintenance,"Direct fit for trail systems, trailheads, and rural recreation access.",Varies; federal RTP allocation,Usually 20% local match,https://fwp.mt.gov/aboutfwp/grant-programs/recreational-trails,2026-06-09,RERC-FND-0252
Funding,Trail Stewardship Grant Program,"Montana Fish, Wildlife and Parks",Cycle closed,Current cycle closed; next cycle expected fall 2026 for 2027 grants,Montana,,,,,,Public agencies; nonprofits; trail stewardship partners,Implementation,Grant,trails; stewardship; maintenance; volunteer capacity,Helps rural recreation communities keep high-use trails safe and maintained.,"Up to $100,000",10% match,https://fwp.mt.gov/aboutfwp/grant-programs/trail-stewardship,2026-06-09,RERC-FND-0253
Funding,E+ Business Partners Program,NorthWestern Energy,Open when checked,"Ongoing, subject to funding and program rules",Montana,,,,,,NorthWestern Energy business customers,Implementation,Rebate,"energy efficiency, commercial buildings, operations cost","Cuts operating costs for rural lodging, restaurants, outfitters, visitor centers, and community facilities.",Varies by eligible energy project,Preapproval and program rules apply,https://www.northwesternenergy.com/docs/default-source/default-document-library/account-services/business-services/e-business-partners-program-desciption.pdf,2026-06-09,RERC-FND-0250
Funding,Opportunity Appalachia,Appalachian Community Capital,Recurring,Round-based; verify current application window,Multi-State,Kentucky; North Carolina; Ohio; Tennessee; Virginia; West Virginia,Available in the Opportunity Appalachia service area; local and project rules still apply.,https://appalachiancommunitycapitalcdfi.org/opportunity-appalachia/,,,Investable community and real estate projects sponsored by local partners,Mixed,Financing,"downtown development, heritage tourism, recreation, real estate, capital stacking",Helps rural recreation economy projects become financeable and investor-ready.,TA value varies by project; financing sought varies,Not stated,https://appalachiancommunitycapitalcdfi.org/opportunity-appalachia,2026-06-09,RERC-FND-0271
Funding,Community Facilities Loans,Communities Unlimited,Open when checked,Rolling loan inquiry,Multi-State,Alabama; Arkansas; Louisiana; Mississippi; Oklahoma; Tennessee; Texas,Shown for Communities Unlimited's verified seven-state core service area. Product availability can vary by location.,https://communitiesu.org/lending/,,,Rural communities; tribal nations; community facility borrowers,Mixed,Loan,rural facilities; community infrastructure; local food; public health; equipment,"Can finance community facilities, markets, food systems, and public-facing assets that support rural recreation destinations.",Varies,Repayment required,https://communitiesu.org/lending/community-facilities-loans,2026-06-09,RERC-FND-0259
Funding,Business Loans,Craft3,Open when checked,Rolling business loan inquiry,Multi-State,Oregon; Washington,Craft3 serves borrowers in Oregon and Washington; product and underwriting rules apply.,https://www.craft3.org/business-loans/business,,,Businesses and nonprofits unable to access traditional financing,Mixed,Loan,rural economies; Tribal economies; business expansion; bridge financing,"Supports rural and Tribal recreation-economy businesses, nonprofits, and bridge financing for community projects.",Varies; $714 million in loans made historically,Repayment required,https://www.craft3.org/get-started,2026-06-09,RERC-FND-0255
Funding,Duke Energy Foundation Grants,Duke Energy Foundation,Open when checked,"Rolling for grants $20,000 and less",Multi-State,Florida; Indiana; Kentucky; North Carolina; Ohio; South Carolina,Foundation opportunities vary by cycle and by Duke Energy service area. Check the current grant page before applying.,https://news.duke-energy.com/releases/duke-energy-foundation-launches-america250-grant-opportunity-for-nonprofits-in-six-states,,,Eligible nonprofits after state contact discussion,Implementation,Grant,"community revitalization, local economic development, climate resiliency, environment","Rural gateway towns can align downtown revitalization, trails, parks, and resilience work with foundation priorities.","Rolling requests of $20,000 or less",No match stated,https://foundation.duke-energy.com/grants,2026-06-09,RERC-FND-0263
Funding,Community Relations and Foundation Grants,Eversource Energy Foundation / Eversource Community Relations,Recurring,Requests at least 90 days before program/event,Multi-State,Connecticut; Massachusetts; New Hampshire,Support is limited to communities in Eversource's service area within these states.,https://www.eversource.com/residential/about/community/supporting-the-community/charitable-contributions-volunteerism,,,Nonprofits and community organizations in service territory,Mixed,Grant,"environment, public safety, education, community wellness","Small rural nonprofits can fund public safety, environmental, and community events that support recreation destinations.","Community grants often $500-$2,500; foundation sponsorships vary",No match stated,https://www.eversource.com/residential/about/community/supporting-the-community/community-relations,2026-06-09,RERC-FND-0260
Funding,Business Retrofits and Food Service Equipment,Idaho Power,Open when checked,Ongoing,Multi-State,Idaho; Oregon,Incentives are for eligible Idaho Power business customers in its Idaho and Oregon service areas.,https://www.idahopower.com/energy-environment/ways-to-save/savings-for-your-business/retrofits/,,,Idaho Power business customers,Mixed,Rebate,"foodservice, retrofits, refrigeration, business equipment","Rural cafes, lodges, and visitor-serving businesses can lower energy costs with equipment upgrades.",Measure-specific,Customer pays remaining cost,https://www.idahopower.com/energy-environment/ways-to-save/savings-for-your-business/retrofits/food-service-equipment-oregon,2026-06-09,RERC-FND-0256
Funding,Invest Appalachia Fund,Invest Appalachia,Recurring,Rolling project inquiry,Multi-State,Kentucky; North Carolina; Ohio; Tennessee; Virginia; West Virginia,"Limited to the Invest Appalachia region, generally eligible Appalachian Regional Commission counties in these states.",https://investappalachia.org/faq/,,,Businesses; nonprofits; real estate projects; intermediaries; community facilities,Mixed,Loan,creative placemaking; outdoor recreation; downtown redevelopment; asset-based tourism,"Directly names creative placemaking, outdoor recreation, main street business, and asset-based tourism as focus areas.","$100,000-$3,000,000 with exceptions",Repayable capital; co-investment commonly expected,https://investappalachia.org/our-work/invest-appalachia-fund,2026-06-09,RERC-FND-0266
Funding,National Coastal Zone Management Program,NOAA Office for Coastal Management,Recurring,See program for current cycle,Multi-State,Alabama; American Samoa; California; Connecticut; Delaware; Florida; Georgia; Guam; Hawaii; Illinois; Indiana; Louisiana; Maine; Maryland; Massachusetts; Michigan; Minnesota; Mississippi; New Hampshire; New Jersey; New York; North Carolina; Northern Mariana Islands; Ohio; Oregon; Pennsylvania; Puerto Rico; Rhode Island; South Carolina; Texas; U.S. Virgin Islands; Virginia; Washington; Wisconsin,Limited to participating coastal and Great Lakes state and territorial programs; many programs apply only inside defined coastal zones.,https://coast.noaa.gov/czm/mystate/,,,Approved coastal management programs and eligible local or project partners.,Planning,Grant,coastal access; public access; habitat; hazards; planning; water quality,"Supports coastal planning, public access, habitat protection, hazard resilience, water quality, and responsible coastal development.",Federal and partner funding varies by state or territory program.,See program,https://coast.noaa.gov/czm/about,2026-06-24,RERC-FND-0268
Funding,Coral Reef Stewardship Fund,National Fish and Wildlife Foundation,Recurring,The 2026 request for proposals is closed; monitor the program information for the next cycle.,Multi-State,American Samoa; Florida; Guam; Hawaii; Northern Mariana Islands; Puerto Rico; U.S. Virgin Islands,Projects must be in a U.S. coral jurisdiction; each cycle may identify narrower priority places.,https://www.nfwf.org/programs/coral-reef-stewardship-fund/coral-reef-stewardship-fund-2026-request-proposals,,,"Eligible conservation organizations, agencies, universities, and project partners listed in each request for proposals.",Implementation,Grant,coral reefs; conservation; watershed; restoration; coastal resilience,"Supports coral reef stewardship, watershed work, restoration, and conservation partnerships in priority reef geographies.",Award amounts vary by annual request for proposals.,See program,https://www.nfwf.org/programs/coral-reef-stewardship-fund,2026-06-24,RERC-FND-0261
Funding,"Neil and Louise Tillotson Fund Local, Large, and DASH Grants",New Hampshire Charitable Foundation,Open when checked,"Local deadline July 16, 2026; large grants rolling with October 15, 2026 final submission; DASH final December 3, 2026",Multi-State,Maine; New Hampshire; Vermont,"Focused on Coos County, New Hampshire, and nearby border communities in Maine and Vermont; benefit-to-region rules apply.",https://www.nhcf.org/how-can-we-help-you/apply-for-a-grant/neil-and-louise-tillotson-fund-large-grants-program/,,,Eligible nonprofits and community organizations,Mixed,Grant,sustainable community development; economic development; North Country vitality,"Strong fit for northern rural towns using outdoor recreation, culture, and local enterprise for community vitality.","Local grants $20,000 or less; large grants $20,000-$300,000; DASH varies",Not stated,https://www.nhcf.org/how-can-we-help-you/apply-for-a-grant,2026-06-09,RERC-FND-0270
Funding,Commercial Rebates and Custom Efficiency Grants,Otter Tail Power Company,Open when checked,2026 forms and ongoing programs,Multi-State,Minnesota; North Dakota; South Dakota,Rebates are limited to eligible Otter Tail Power customers in its three-state service area.,https://www.otpco.com/about-us/communities-we-serve/,,,Commercial customers,Mixed,Rebate,"commercial kitchens, EV charging, motors, turnkey efficiency","Small-town hospitality, restaurants, and public recreation facilities can target practical retrofits.",Measure-specific; custom efficiency grants available,Customer pays remaining cost,https://www.otpco.com/rebates-and-efficiency-programs/programs/rebates-commercial,2026-06-09,RERC-FND-0258
Funding,Empowering Community Grants,PPL Foundation,Recurring,2026 cycles per portal/booklet,Multi-State,Pennsylvania; Rhode Island,Empowering Community Grants serve eligible nonprofits in PPL's Pennsylvania and Rhode Island communities; local utility-area rules apply.,https://www.pplweb.com/communities/ppl-foundation/,,,501(c)(3) nonprofits,Implementation,Grant,"community vitality, resilience, sustainability, education","Rural nonprofits can seek support for community vitality, resilience, and sustainability projects.","$2,500-$20,000; $1.5M annual foundation grants",No match stated,https://www.pplweb.com/communities/ppl-foundation/community-grants,2026-06-09,RERC-FND-0264
Funding,Neighborhood Partners Program,PSEG Foundation,Cycle closed,"The 2026 application period closed June 30, 2026; monitor the official page for the next cycle",Multi-State,New Jersey; New York,"Limited to eligible nonprofits in New Jersey and Long Island, New York, within PSEG's service or operating territory.",https://corporate.pseg.com/corporatecitizenship/nonprofit-grants/neighborhoodpartnersprogram,,,Eligible nonprofits,Mixed,Grant,"environmental sustainability, economic mobility, community wellbeing, workforce","Rural and edge communities can fund sustainability, workforce, and community support projects that keep visitor areas viable.","$500-$15,000; $1.2M total",No match stated,https://corporate.pseg.com/corporatecitizenship/nonprofit-grants/neighborhoodpartnersprogram,2026-08-05,RERC-FND-0269
Funding,Partner Community Capital Business Loans and Advisory Services,Partner Community Capital,Open when checked,Rolling loan inquiry,Multi-State,Georgia; Kentucky; Maryland; North Carolina; Ohio; South Carolina; Tennessee; Virginia; West Virginia,Serves North Carolina statewide and eligible businesses and nonprofits in Partner Community Capital's Central Appalachian and Southeast region.,https://partnercap.org/what-we-do/,,,Small businesses and nonprofits,Mixed,Loan,rural entrepreneurship; eco-tourism; main street redevelopment; natural-resource businesses,"Can finance outfitters, lodging, food, outdoor service firms, and local businesses tied to natural assets.",Varies,Repayment required; collateral and underwriting vary,https://partnercap.org/,2026-06-09,RERC-FND-0272
Funding,Capital Improvement Project Funds,U.S. Department of the Interior Office of Insular Affairs,Recurring,See program for current cycle,Multi-State,American Samoa; Guam; Northern Mariana Islands; U.S. Virgin Islands,For eligible U.S. insular areas served by the Office of Insular Affairs; program-specific rules apply.,https://www.doi.gov/oia/other-oia-programs,,,"American Samoa, Guam, Northern Mariana Islands, and U.S. Virgin Islands government capital improvement programs.",Construction,Grant,capital improvements; infrastructure; public facilities; wastewater; solid waste,"Funds priority infrastructure needs such as hospitals, schools, wastewater, solid waste, and other public facilities in eligible territories.",Annual appropriated funding; see program.,See program,https://www.doi.gov/oia/other-oia-programs,2026-06-24,RERC-FND-0257
Funding,Coral Reef and Natural Resources Initiative,U.S. Department of the Interior Office of Insular Affairs,Recurring,See program for current cycle,Multi-State,American Samoa; Guam; Northern Mariana Islands; U.S. Virgin Islands,For eligible U.S. insular areas served by the Office of Insular Affairs; program-specific rules apply.,https://www.doi.gov/oia/oia-discretionary-grant-program,,,Eligible U.S. territory and Freely Associated States applicants listed by the program.,Implementation,Grant,coral reefs; natural resources; conservation; invasive species; stewardship,"Supports coral reef protection, natural resource management, invasive species work, and stewardship projects in eligible insular areas.",Annual discretionary funding; see program.,See program,https://www.doi.gov/oia/oia-discretionary-grant-program,2026-06-24,RERC-FND-0262
Funding,Energizing Insular Communities,U.S. Department of the Interior Office of Insular Affairs,Recurring,See program for current cycle,Multi-State,American Samoa; Guam; Northern Mariana Islands; U.S. Virgin Islands,For eligible U.S. insular areas served by the Office of Insular Affairs; program-specific rules apply.,https://www.doi.gov/oia/oia-discretionary-grant-program,,,Eligible U.S. territories listed by the program.,Implementation,Grant,energy; resilience; renewable energy; public facilities; climate,"Supports energy strategies, efficiency, renewable energy, and resilience projects in U.S. territories.",Annual discretionary funding; see program.,See program,https://www.doi.gov/oia/oia-discretionary-grant-program,2026-06-24,RERC-FND-0265
Funding,Maintenance Assistance Program,U.S. Department of the Interior Office of Insular Affairs,Recurring,Funds are usually posted on Grants.gov when available under CFDA 15.875.,Multi-State,American Samoa; Guam; Northern Mariana Islands; U.S. Virgin Islands,For eligible U.S. insular areas served by the Office of Insular Affairs; program-specific rules apply.,https://www.doi.gov/oia/oia-discretionary-grant-program,,,"Eligible applicants in American Samoa, Guam, Northern Mariana Islands, U.S. Virgin Islands, and Freely Associated States.",Operations/Maintenance,Grant,infrastructure; maintenance; public facilities; community services,Helps eligible insular areas operate and maintain infrastructure and public systems.,Annual discretionary funding; see program.,See program,https://www.doi.gov/oia/oia-discretionary-grant-program,2026-06-24,RERC-FND-0267
Funding,Technical Assistance Program,U.S. Department of the Interior Office of Insular Affairs,Available,Funds are usually posted on Grants.gov when available under CFDA 15.875.,Multi-State,American Samoa; Guam; Northern Mariana Islands; U.S. Virgin Islands,For eligible U.S. insular areas served by the Office of Insular Affairs; program-specific rules apply.,https://www.doi.gov/oia/oia-discretionary-grant-program,,,"Eligible applicants in American Samoa, Guam, Northern Mariana Islands, U.S. Virgin Islands, and Freely Associated States.",Capacity Building,Grant,technical assistance; capacity building; economic development; natural resources; public safety,"Short-term, non-capital projects that build capacity, support economic development, improve public safety, and strengthen natural and cultural resource work in eligible insular areas.",Annual discretionary funding; posted on Grants.gov when funds are available.,None,https://www.doi.gov/oia/oia-discretionary-grant-program,2026-06-24,RERC-FND-0648
Funding,Climbing Conservation Grant Program,Access Fund,Recurring,Annual grant cycle; check program information for current deadline,National,,,,,,Local climbing organizations; nonprofits; public agencies; individuals in some cases,Mixed,Grant,climbing access; conservation; stewardship; recreation management,"Supports climbing access, stewardship, and conservation projects that can diversify rural outdoor recreation economies.","Most requests $1,000-$4,000; over $10,000 considered for nationally significant projects","High matching funds encouraged for requests over $10,000",https://www.accessfund.org/grants/climbing-conservation-grant-program,2026-06-09,RERC-FND-0276
Funding,Community Change Grants,America Walks,Open when checked,2026 awards posted; next round to be announced,National,,,,,,"Community champions, organizations, and agencies advancing walkability",Mixed,Grant,"walkability, safe streets, active transportation, placemaking, community engagement","Supports walkable, connected main streets and trail-to-town access for recreation communities.",Varies by round,Not stated,https://americawalks.org/programs/community-change-grants,2026-06-09,RERC-FND-0277
Funding,Sharing Success,CoBank,Open when checked,Through 2026-10-31 or until exhausted,National,,,,,,CoBank customer-owners nominate 501(c)(3) charities,Mixed,Grant,"rural philanthropy, cooperatives, community projects","Rural utilities, telecoms, and cooperatives can double support for recreation, downtown, and community facility projects.","$250-$15,000 match; $6M annual fund",1:1 match to eligible CoBank customer donation,https://www.cobank.com/citizenship/corporate-giving/sharing-success,2026-06-09,RERC-FND-0294
Funding,Community Heart & Soul Seed Grant Program,Community Heart & Soul,Recurring,Rolling coached application; some listings show 2026 deadline availability,National,,,,,,Resident-driven groups in small cities and towns; municipal or partner organization match required,Mixed,Grant,"rural planning, community engagement, place-making, small towns, resident-driven planning",Helps rural towns build resident-backed recreation economy plans before capital projects.,"$10,000","$10,000 cash match",https://www.communityheartandsoul.org/seed-grants/faqs,2026-06-09,RERC-FND-0279
Funding,Federal Lands Access Program,Federal Highway Administration,Recurring,State schedules vary,National,,,,,,States; counties; local governments; transportation agencies working with federal land managers,Planning; Design; Construction,Grant,transportation; federal lands; recreation access; roads; trails,"Improves roads, bridges, trails, transit, and other transportation facilities that provide access to federal lands.",Funding is distributed by state through a federal lands access process,See the state program and call for projects,https://highways.dot.gov/federal-lands/programs-access,2026-07-13,RERC-FND-0282
Funding,PROTECT Discretionary Grant Program,Federal Highway Administration,Cycle closed,Latest listed opportunity is archived and closed February 10 2025,National,,,,,,States; local governments; metropolitan planning organizations; Tribes; transportation authorities; territories,Planning; Design; Construction,Grant,resilience; transportation; evacuation; coastal infrastructure; flooding,Funds planning and projects that make surface transportation more resilient to natural hazards.,The program includes planning and capital grant categories,Match varies; waivers and a higher federal share may apply,https://www.transportation.gov/rural/grant-toolkit/promoting-resilient-operations-transformative-efficient-and-cost-saving,2026-07-13,RERC-FND-0288
Funding,Community Grant Program,Foundation for Rural Service,Open when checked,Annual; 2026 opens 2026-06-12,National,,,,,,"Nonprofits, schools, community groups, municipalities served by NTCA members",Implementation,Grant,"broadband, digital access, community facilities, rural nonprofits","Can fund rural trail signage, community hubs, libraries, digital literacy, and visitor-serving civic assets.","Typically up to $5,000; verify 2026 guide",NTCA member sponsor or match may apply,https://www.frs.org/node/155,2026-06-09,RERC-FND-0278
Funding,Hometown Proud Grant Program,Kubota Tractor Corporation,Cycle closed,"The 2026 application period ended May 7, 2026; winners are expected in September.",National,,,,,,501(c)(3) nonprofits within 50 miles of an authorized Kubota dealer,Mixed,Grant,"parks, trails, green space, sports fields, fairgrounds, community gardens","Fits park, trail, fairground, field, and green-space projects in rural dealer markets.","$50,000 value; $25,000 cash plus $25,000 equipment voucher",Not stated,https://www.kubotausa.com/your-vision-our-mission-lets-build-it-together-apply-for-a-50000-kubota-hometown-proud-grant-today,2026-07-13,RERC-FND-0283
Funding,Community Impact Grants,Lowe's,Open when checked,2026 nominations Feb. 18-Mar. 20; annual through 2026,National,,,,,,"Local nonprofits, schools, municipalities, and community-serving organizations tied to nominated spaces",Mixed,Grant,"parks, gardens, community centers, downtown plazas, community revitalization","Funds physical improvements to parks, gardens, plazas, and community hubs used by residents and visitors.",Varies; up to 100 projects annually,Not stated,https://corporate.lowes.com/our-responsibilities/community-impact/faqs,2026-06-09,RERC-FND-0280
Funding,Matching Awards Program,National Forest Foundation,Cycle closed,"The 2026 application period ended July 9, 2026.",National,,,,,,Nonprofits; Tribal governments and organizations; universities,Mixed,Grant,forest stewardship; trail maintenance; public lands engagement; restoration,"Fits rural gateway communities with trail stewardship, forest access, volunteer engagement, and public-land visitor assets.","No official cap; new applicants encouraged to request $30,000 or less",1:1 nonfederal cash or in-kind match for current round,https://www.nationalforests.org/matching-awards-program-grants,2026-07-13,RERC-FND-0284
Funding,Outdoor Recreation Legacy Partnership Grants Program,National Park Service,Recurring,Check the current Grants.gov notice and state lead agency for timing.,National,,,,,,States and territories applying on behalf of eligible local governments; Tribes and eligible Native organizations,Planning; Design; Construction,Grant,parks; outdoor recreation; trails; access; community health,Matching grants for outdoor recreation spaces in eligible communities.,See the current Grants.gov opportunity,50% non-federal match,https://www.nps.gov/subjects/lwcf/orlp.htm,2026-07-13,RERC-FND-0287
Funding,Chesapeake Gateways Network Grants,National Parks Service,Recurring,Check with the program,National,,,,,,Eligibility varies by opportunity; review the current program page.,Mixed,Grant,Recreation,Offers potential support for eligible projects connected to the Chesapeake Gateways Network. Check current program information for applicant and project rules.,Check with the program,Check with the program,https://www.nps.gov/locations/chesapeakebaywatershed/chesapeake-gateways.htm,2026-06-09,RERC-FND-0274
Funding,Outdoor Grants,National Recreation Foundation,Open when checked,Annual or foundation cycle; verify invitation/application path,National,,,,,,Nonprofits serving youth through outdoor recreation programs,Mixed,Grant,"youth outdoor recreation, nature access, outdoor learning, under-resourced communities",Funds youth recreation programs that build local outdoor participation and future visitor demand.,"Varies; 2025-2026 outdoor grants totaled $700,000 across 37 awards",Not stated,https://www.nationalrecreationfoundation.org/our-grants/outdoor-grants,2026-06-09,RERC-FND-0286
Funding,National Trust Preservation Funds,National Trust for Historic Preservation,Recurring,Recurring rounds; verify current June or October availability,National,,,,,,Organizational-level Preservation Leadership Forum members and Main Street America members,Mixed,Grant,"historic preservation, main street, planning, education, community revitalization","Supports preservation planning for historic downtowns, heritage tourism assets, depots, theaters, and trail-town districts.","Typically $2,500-$5,000",Match generally required,https://savingplaces.org/preservation-funds,2026-06-09,RERC-FND-0285
Funding,REI Cooperative Action Fund,REI Cooperative Action Fund,Recurring,Spring and fall grant cycles; public grantee recommendations accepted,National,,,,,,Nonprofits expanding accessible and inclusive outdoor participation,Mixed,Grant,outdoor access; health outside; inclusive recreation; conservation,Funds organizations that remove barriers to outdoor recreation and build local recreation participation.,Varies; spring 2026 grants totaled $3.4 million,No match stated,https://www.reifund.org/newestgrantees/2026-spring,2026-06-09,RERC-FND-0290
Funding,Trail Grants Program,Rails-to-Trails Conservancy,Recurring,RTC planned to reopen call in Spring 2026; join TrailNation Collaborative for updates,National,,,,,,Trail organizations; government agencies; community partners,Mixed,Grant,rail-trails; trail networks; trail maintenance; active transportation,"Helps build, connect, and maintain trails that anchor rural recreation tourism and downtown visitor circulation.","Varies; 2025 grants totaled $398,000 to 40 projects",Not stated,https://www.railstotrails.org/grants,2026-06-09,RERC-FND-0296
Funding,Conservation Loans,The Conservation Fund,Open when checked,Rolling transaction-based financing,National,,,,,,"Land trusts, nonprofits, public agencies, and conservation partners",Mixed,Loan,"land acquisition, conservation real estate, bridge financing, parks, trails, working lands","Can bridge acquisition of trail corridors, access points, scenic lands, and recreation-supporting conservation properties.",Varies by transaction,Repayment required,https://www.conservationfund.org/our-work/conservation-loans,2026-06-09,RERC-FND-0281
Funding,Sports Matter Program,The DICK'S Sporting Goods Foundation,Open when checked,Multi-year foundation partnership cycles; verify open application availability,National,,,,,,Youth sports and community organizations selected by foundation process,Mixed,Grant,"youth sports, active recreation, play access, facilities, community impact",Supports active recreation access and youth sports infrastructure that can complement rural parks and recreation systems.,"Selected partners receive $175,000 over three years",Not stated,https://www.sportsmatter.org/,2026-06-09,RERC-FND-0295
Funding,The Skatepark Project Grants,The Skatepark Project,Available,Recurring grant cycles; verify current deadline,National,,,,,,"Public skatepark projects led by local governments, nonprofits, or community coalitions",Mixed,Grant,"skateparks, youth recreation, public parks, design, community fundraising","Funds public skateparks that diversify rural recreation assets and attract youth, families, and events.",Varies by cycle; verify current ceiling,None,https://skatepark.org/the-skatepark-project-grants,2026-06-09,RERC-FND-0649
Funding,Better Utilizing Investments to Leverage Development (BUILD) Grant Program,U.S. Department of Transportation,Cycle closed,FY 2026 applications closed February 24 2026; selections announced July 7 2026,National,,,,,,States; territories; local governments; Tribes; transit agencies; port authorities; public transportation entities,Planning; Design; Construction,Grant,transportation; main street; trails; mobility; infrastructure,Supports surface transportation projects with a strong local or regional benefit.,Planning grants have no minimum; capital awards generally range from $1 million to $25 million,Up to 80% for most urban projects; a higher federal share may be allowed for rural projects and other priority areas,https://www.transportation.gov/BUILDgrants,2026-07-13,RERC-FND-0273
Funding,Reconnecting Communities Pilot Program,U.S. Department of Transportation,Cycle closed,Latest NOFO closed September 30 2024 and covered fiscal years 2024 through 2026,National,,,,,,States; local governments; Tribes; planning organizations; eligible nonprofits,Planning; Construction,Grant,community connections; transportation; main street; access; planning,"Supports planning and construction that reconnect places divided by highways, rail lines, and other transportation barriers.",Planning grants and capital construction grants,Recent rounds used federal cost shares of up to 80% for planning and 50% for construction,https://www.transportation.gov/grants/reconnecting,2026-07-13,RERC-FND-0291
Funding,Rural and Tribal Assistance Pilot Program,U.S. Department of Transportation,Cycle closed,FY 2024-2025 awards announced April 6 2026; no current application round shown,National,,,,,,Rural local governments; Tribes; states applying for an eligible rural project,Planning; Design,Grant,project development; rural transportation; technical assistance; finance,"Pays for staff or outside legal, technical, and financial help during project development.",Recent rounds offered single-project and multi-community awards,No local match in the most recent round,https://www.transportation.gov/buildamerica/RuralandTribalGrants,2026-07-13,RERC-FND-0292
Funding,Safe Streets and Roads for All (SS4A),U.S. Department of Transportation,Cycle closed,FY 2026 applications closed May 26 2026,National,,,,,,Local governments; regional planning organizations; Tribes; eligible transit agencies,Planning; Design; Construction,Grant,transportation safety; walking; biking; action plan; demonstration,"Funds safety action plans, demonstrations, and projects that prevent roadway deaths and serious injuries.",Program and award amounts vary by grant type,See the current NOFO,https://www.transportation.gov/grants/SS4A,2026-07-13,RERC-FND-0293
Funding,Public Works and Economic Adjustment Assistance Programs,U.S. Economic Development Administration,Open when checked,Applications accepted on an ongoing basis until the NOFO is replaced canceled or funds are spent,National,,,,,,States; local governments; Tribes; economic development districts; higher education; eligible nonprofits,Planning; Design; Construction,Grant,economic development; infrastructure; planning; workforce; business,"Funds planning, public works, infrastructure, and economic adjustment projects in distressed regions.",Typical awards vary by project and program,Usually 20% to 50%; some projects may qualify for a higher federal share,https://www.eda.gov/funding/programs/economic-adjustment-assistance,2026-07-13,RERC-FND-0289
Funding,USDA Forest Service - Citizen Science Competitive Funding Program,USDA Forest Service,Paused,Paused - no FY2026 funding.,National,,,,,,National Forests and Grasslands and their partners,Planning; data collection; capacity building,Grant,citizen science; natural resources; data; public lands; partnerships,Supports collaborative citizen science projects that answer science and natural-resource management questions while connecting people with public lands.,"Up to $60,000 over six years",Not stated,https://www.fs.usda.gov/working-with-us/citizen-science/competitive-funding-program,2026-06-23,RERC-2026-USFS-CITSCI
Funding,USDA Forest Service and AIANTA - NATIVE Act Grant,USDA Forest Service and American Indian Alaska Native Tourism Association,Paused,Paused under new agreement requirements. FY2027 funding and the next application cycle are not yet known.,National,,,,,,"Tribal Nations, Tribal enterprises, and Native nonprofits with borders or historic ties to Forest Service lands and regions",Planning; implementation; capacity building,Grant,Tribal tourism; cultural tourism; cultural recreation; Native communities; public lands,Supports cultural tourism and cultural recreation projects that strengthen Native communities and advance national travel and tourism goals.,"Up to $250,000; prior total funding was about $900,000",Not stated,https://www.aianta.org/,2026-06-23,RERC-2026-USFS-NATIVE
Funding,Climate Adaptation Fund,Wildlife Conservation Society,Recurring,Annual RFP cycle; verify current deadline,National,,,,,,"Nonprofits, conservation organizations, tribes, and partners implementing adaptation projects",Mixed,Grant,"climate adaptation, wildlife, ecosystems, resilience, conservation implementation","Supports resilient landscapes, habitats, and natural assets that recreation economies depend on.",Varies by annual RFP,Not stated,https://www.wcsclimateadaptationfund.org/,2026-06-09,RERC-FND-0275
Funding,Civic Experiment Mini-Grants,Nebraska Community Foundation,Open when checked,"Applications began Jan. 1, 2026; funds spent by Dec. 31, 2026",Nebraska,,,,,,Community-based affiliated funds in the NCF network,Implementation,Grant,"civic engagement, local assets, community experiments","Supports small experiments that can test trail-town activation, local events, placemaking, and visitor-ready amenities.","$1,000-$10,000; $50,000 total available",1:1 match from affiliated fund,https://www.nebcommfound.org/civic,2026-06-09,RERC-FND-0297
Funding,Nebraska Environmental Trust Grants,Nebraska Environmental Trust,Open when checked,Applications are open July 13 through September 8 2026.,Nebraska,,,,,,Public agencies; nonprofits; schools; tribes,Mixed,Grant,conservation; habitat; parks; trails; environmental education,Annual grants that conserve enhance or restore Nebraska's natural environment.,Varies by annual board awards,No match required in many categories; verify proposal rules,https://environmentaltrust.nebraska.gov/grants/,2026-07-13,RERC-FND-0298
Funding,Public Charging EV Incentives,NV Energy,Open when checked,Program active under Transportation Electrification Plan,Nevada,,,,,,"Businesses, nonprofits, schools, public enterprises",Mixed,Rebate,"DC fast charging, public charging, workplaces, public agencies",Rural Nevada has long travel gaps; public charging can anchor recreation corridors and small-town stops.,"DCFC $400/kW up to lesser of $40,000/station or 50% of cost",50% cap or customer balance,https://www.nvenergy.com/publish/content/dam/nvenergy/brochures_arch/cleanenergy/electric-vehicles/Public-Charging-EV-Incentives-Flyer.pdf,2026-06-09,RERC-FND-0308
Funding,Business Energy Services,NV Energy PowerShift,Open when checked,"Ongoing, subject to program funds",Nevada,,,,,,NV Energy business customers and Nevada 501(c)(3) nonprofits,Implementation,Rebate,"energy efficiency, commercial buildings, nonprofit facilities","Lowers costs for rural tourism businesses, nonprofits, visitor centers, kitchens, lodging, and recreation facilities.","Varies by equipment, retrofit, new construction, nonprofit grant",Program rules and preapproval may apply,https://www.nvenergy.com/save-with-powershift/business-energy-services,2026-06-09,RERC-FND-0299
Funding,Conserve Nevada Program,Nevada Department of Conservation and Natural Resources,Recurring,"2026 deadline March 6, 2026; awards beginning spring 2026",Nevada,,,,,,"Nonprofits, local and county governments, agencies",Mixed,Grant,"conservation, outdoor recreation, land acquisition, trails, historic resources",Major second-pass source for conservation and outdoor recreation projects beyond standard parks grants.,"Approximately $10,000,000 in 2026 NOFO",Varies by NOFO,https://dcnr.nv.gov/divisions-boards/conserve-nevada,2026-06-09,RERC-FND-0302
Funding,Conservation Education and Outreach Grant,Nevada Division of Forestry,Cycle closed,The 2026 application period is closed.,Nevada,,,,,,Community and conservation education applicants per instructions,Mixed,Grant,"conservation education, watershed, forest, range, outreach",Small grants for conservation education and outreach in Nevada.,Not stated on source page,Not stated on source page,https://forestry.nv.gov/conservation-education-outreach-grant,2026-07-13,RERC-FND-0301
Funding,Nevada Outdoor Education and Recreation Grant,Nevada Division of Outdoor Recreation,Recurring,"2026 closed Oct. 3, 2025; check summer 2026 for 2027 cycle",Nevada,,,,,,"Public agencies, nonprofits, schools, tribes, community-based entities",Mixed,Grant,"outdoor education, youth access, equity, recreation programming",Funds outdoor access programming that builds future recreation participation and community stewardship.,"Tier I up to $7,500; Tier II $7,501-$50,000; $250,000 annually for 2026 and 2027",No match required; match encouraged,https://ndor.nv.gov/resources/grants,2026-06-09,RERC-FND-0305
Funding,Nevada Outdoor Education and Recreation Grants,Nevada Division of Outdoor Recreation,Recurring,Next round expected summer 2026 per program information,Nevada,,,,,,Local governments; tribes; nonprofits; schools; recreation partners,Mixed,Grant,outdoor education; recreation access; stewardship; local capacity,"Builds outdoor recreation participation, stewardship, and community capacity.","Up to $7,500 or $50,000 depending track in recent cycle",No match shown for recent cycle,https://ndor.nv.gov/resources/grants,2026-06-09,RERC-FND-0306
Funding,Lake Tahoe License Plate Program Grants,Nevada Division of State Lands,Recurring,"Annual; 2026 awardees announced March 13, 2026",Nevada,,,,,,Public agencies and nonprofit organizations,Implementation,Grant,"Tahoe restoration, water quality, state park improvements, public education",Funds recreation-resource protection and access improvements in a major outdoor tourism region.,"About $800,000 annually; $1,200,000 awarded in 2026",Varies by grant procedures,https://lands.nv.gov/resource-programs/tahoe/water-quality/tahoe-license-plate-program,2026-06-09,RERC-FND-0303
Funding,Recreational Trails Program,Nevada Division of State Parks,Recurring,Annual cycle,Nevada,,,,,,Government agencies; nonprofits; tribes; trail groups,Mixed,Grant,trails; motorized and non-motorized recreation; trailheads,Directly funds trail infrastructure for rural recreation economies.,Varies by annual federal allocation,Usually 20% match,https://parks.nv.gov/about/grant-programs/recreational-trails-program,2026-06-09,RERC-FND-0309
Funding,Rural Marketing Grants,"Nevada Division of Tourism, Travel Nevada",Cycle closed,FY27 cycle recently closed; annual program,Nevada,,,,,,Rural destination marketing organizations; chambers; local tourism partners,Implementation,Grant,tourism marketing; rural events; destination promotion,"Helps rural recreation communities reach visitors for trails, parks, heritage routes, and events.",Varies by cycle,Match required; verify current guidelines,https://travelnevada.biz/grants/rural-marketing-grants,2026-06-09,RERC-FND-0310
Funding,Community Development Block Grant Program,Nevada Governor's Office of Economic Development,Recurring,Annual state cycle,Nevada,,,,,,"Non-entitlement counties, cities, towns, tribes per CDBG rules",Mixed,Grant,rural infrastructure; public facilities; planning; economic development,Funds basic infrastructure and planning needed before recreation-driven growth.,Varies by HUD allocation,Match varies,https://goed.nv.gov/programs/rural-economic-community-development/community-development-block-grant,2026-06-09,RERC-FND-0300
Funding,Nevada State Small Business Credit Initiative,Nevada Governor’s Office of Economic Development,Open when checked,Rolling through SSBCI partner programs,Nevada,,,,,,Nevada small businesses through program partners,Mixed,Loan,"small business, working capital, equipment, underserved entrepreneurs","Can finance outdoor businesses, guide operations, recreation manufacturers, rural food, retail, and lodging.","Battle Born Growth microloans up to $250,000",Private or partner capital depending on product,https://goed.nv.gov/programs/nevada-state-small-business-credit-initiative-ssbci,2026-06-09,RERC-FND-0307
Funding,Nevada Off-Highway Vehicles Grant Program,"Nevada OHV Program, DCNR",Recurring,2026 cycle announced April 2026; annual grant cycle,Nevada,,,,,,"OHV clubs, nonprofits, law enforcement, federal, state, local governments, community groups",Mixed,Grant,"OHV trails, signage, mapping, safety, conservation","Distinct from RTP; funds trail maintenance, stewardship, mapping, and tourism infrastructure for motorized recreation.","About $1,000,000 in annual cycle funding",Match not clearly stated on source page,https://ohv.nv.gov/grant-program,2026-06-09,RERC-FND-0304
Funding,State Conservation Committee Moose Plate Grants,NH State Conservation Committee,Recurring,Awards announced Dec. 2025; funding available July 2026 for that cycle,New Hampshire,,,,,,"County conservation districts, municipalities, nonprofits, schools, conservation entities",Mixed,Grant,"land conservation, water, wildlife habitat, flood reduction, BMPs","Supports land protection, habitat, and watershed projects that keep recreation landscapes healthy.",Varies,Varies,https://www.mooseplate.com/recipient-agencies/nh-state-conservation-committee,2026-06-09,RERC-FND-0324
Funding,NHSaves Commercial and Municipal Programs,NHSaves utility partners,Open when checked,"2026 program year; some forms due Jan. 30, 2027",New Hampshire,,,,,,"Nonresidential customers of Eversource, Liberty, NHEC, and Unitil",Implementation,Rebate,"commercial efficiency, municipal buildings, foodservice equipment","Lowers operating costs for restaurants, lodges, municipal facilities, and visitor-serving businesses.","Varies; commercial foodservice incentives up to $3,000 on qualifying equipment",Program rules apply,https://nhsaves.com/commercial-foodservice-equipment,2026-06-09,RERC-FND-0317
Funding,Small Business Energy Solutions,NHSaves utility partners,Open when checked,Ongoing,New Hampshire,,,,,,Small businesses and municipal customers served by NH utilities,Mixed,Rebate,"lighting, HVAC, refrigeration, small business retrofits","Main Street foodservice, lodging, and visitor businesses can fund basic retrofits.","Up to $6,000 in rebates on overall improvement costs",Customer share varies,https://nhsaves.com/,2026-06-09,RERC-FND-0323
Funding,Neil and Louise Tillotson Fund Grants,New Hampshire Charitable Foundation,Open when checked,2026 local deadlines Jan. 22 and July 16; large grants rolling until Oct. 15; DASH rolling until Dec. 3,New Hampshire,,,,,,"Nonprofits, public entities, and eligible community partners",Mixed,Grant,"sustainable community development, economic development, North Country","Strong fit for North Country recreation economy, community hubs, local food, stewardship, and tourism-adjacent capacity.","Local grants $20,000 or less; large grants $20,000-$300,000; DASH small grants rolling",Varies,https://www.nhcf.org/grants,2026-06-09,RERC-FND-0318
Funding,Responsive Grants,New Hampshire Charitable Foundation,Open when checked,"Opened March 9, 2026; rolling until funds allocated",New Hampshire,,,,,,Eligible nonprofits benefiting New Hampshire communities,Mixed,Grant,community needs; environment; arts; civic health; economic security,"Flexible support can cover planning, operations, arts, environment, and community projects in rural recreation towns.","Up to $10,000",No match stated,https://www.nhcf.org/how-can-we-help-you/apply-for-a-grant,2026-06-09,RERC-FND-0321
Funding,Responsive Grants Program,New Hampshire Charitable Foundation,Open when checked,"Rolling beginning March 9, 2026, until funds allocated",New Hampshire,,,,,,Eligible nonprofits serving NH and select border communities,Mixed,Grant,"community need, environment, economic security, civic health","Flexible support for small nonprofit projects tied to trail towns, stewardship, community amenities, and rural quality of life.","Up to $10,000",None stated,https://www.nhcf.org/how-can-we-help-you/apply-for-a-grant/responsive-grants,2026-06-09,RERC-FND-0322
Funding,CDFA Clean Energy Fund,New Hampshire Community Development Finance Authority,Open when checked,"Rolling Jan. 1-Dec. 31, 2026, until funds expended",New Hampshire,,,,,,"New Hampshire businesses, nonprofits, municipalities",Implementation,Loan,"energy efficiency, renewable energy, EV charging, resilience",Helps rural businesses and community facilities reduce costs and finance clean-energy upgrades.,"Capitalized at over $9,000,000; loan size varies",Loan underwriting applies,https://resources.nhcdfa.org/programs/clean-energy-fund,2026-06-09,RERC-FND-0311
Funding,CDFA Predevelopment Loan Program,New Hampshire Community Development Finance Authority,Open when checked,"Rolling Jan. 1-Dec. 31, 2026, until funds expended",New Hampshire,,,,,,Municipalities and nonprofit organizations,Mixed,Loan,"feasibility, building reuse, business planning, zoning, project readiness","Useful for early feasibility and planning for trail centers, community hubs, historic reuse, and visitor infrastructure.","Up to $100,000",Loan underwriting applies,https://nhcdfa.org/cdfa-announces-2026-application-deadlines,2026-06-09,RERC-FND-0312
Funding,CDFA Tax Credit Program,New Hampshire Community Development Finance Authority,Recurring,Annual application cycle,New Hampshire,,,,,,Nonprofits; municipalities; community development organizations,Mixed,Tax Credit,downtown revitalization; community facilities; economic development,"Helps finance community anchors, visitor-serving facilities, and revitalization projects.",Varies by awarded tax credits,Private donor purchase; project leverage expected,https://nhcdfa.org/tax-credit-program,2026-06-09,RERC-FND-0313
Funding,Community Development Block Grant,New Hampshire Community Development Finance Authority,Recurring,Posted CDFA annual deadlines,New Hampshire,,,,,,Municipalities; counties; nonprofits through public sponsor,Mixed,Grant,public facilities; downtowns; housing; economic development; planning,Supports infrastructure and community facilities that recreation towns need.,Varies by CDBG category,Match varies,https://nhcdfa.org/community-development-block-grant,2026-06-09,RERC-FND-0315
Funding,Transportation Alternatives Program,New Hampshire DOT,Recurring,Check with the program,New Hampshire,,,,,,Local/public sponsors through the NHDOT Local Public Agency process,Mixed,Grant,Infrastructure; Recreation; Energy/Climate,"Pedestrian and bicycle facilities, non-driver access, environmental mitigation, recreational-trail-related alternatives, and safe-routes-style improvements.","Up to 80% federal funds / 20% local match; most recent round cited a $400,000 minimum project size and $1,000,000 maximum","Yes, 20% local match",https://www.fhwa.dot.gov/environment/transportation_alternatives,2026-06-09,RERC-FND-0325
Funding,Outdoor Recreation Grant Program,New Hampshire Department of Business and Economic Affairs,Recurring,Check with the program,New Hampshire,,,,,,"State/local governments, regional authorities, 501(c)(3) nonprofits, and federally recognized tribes in eligible NBRC areas",Construction,Grant,Recreation; Economic Development; Energy/Climate,Outdoor-recreation-related economic development and community investment.,"Umbrella term, covers many grants ranging from $500-$20,000","Yes, 1:1",https://www.nheconomy.com/office-of-outdoor-recreation,2026-06-09,RERC-FND-0319
Funding,LCHIP Grants,New Hampshire Land and Community Heritage Investment Program,Recurring,Annual grant cycle,New Hampshire,,,,,,Municipalities; nonprofits; eligible conservation and preservation entities,Acquisition,Grant,land conservation; historic preservation; heritage tourism,Protects landscapes and historic assets that define rural recreation destinations.,Varies; program has awarded tens of millions statewide,Match required,https://lchip.org/general-overview,2026-06-09,RERC-FND-0316
Funding,Recreational Trails Program,New Hampshire State Parks,Recurring,Check with the program,New Hampshire,,,,,,Trail project sponsors through NH Bureau of Trails and related public/nonprofit partners,Construction,Grant,Recreation; Energy/Climate,"Development and maintenance of recreational trails, trail education, and related projects.",Varies by project; federal RTP awards are issued annually through the state,Yes,https://www.fhwa.dot.gov/environment/recreational_trails,2026-06-09,RERC-FND-0320
Funding,Catalyst Program,Northern Border Regional Commission,Recurring,Check with the program,New Hampshire,,,,,,"State government, Local governments, Secondary and career technical centers, Other political subdivisions of States, Non-profit entities, & Indian Tribes",Mixed,Grant,Economic Development,Stimulates economic growth and inspires partnerships that improve rural economic vitality.,"Up to $500,000 to $5M depending on grant","Yes, varies",https://www.nbrc.gov/content/Catalyst,2026-06-09,RERC-FND-0314
Funding,Community Energy Plan and Implementation Grants,New Jersey Board of Public Utilities,Recurring,Recurring NJBPU rounds,New Jersey,,,,,,New Jersey municipalities,Mixed,Grant,"municipal energy planning, clean energy projects, resilience",Rural and shore communities can plan and implement energy projects tied to visitor infrastructure.,"CEPG $10,000 or $25,000; CEPI up to $250,000",Per program rules,https://cleanenergy.nj.gov/programs/energy-efficiency/community-energy-plan-implementation-grant-program,2026-06-09,RERC-FND-0328
Funding,Clean Fleet EV Program,"New Jersey Clean Energy Program, Board of Public Utilities",Cycle closed,"The listed fiscal-year period ended June 30, 2026.",New Jersey,,,,,,"Local, state, and nonprofit fleet entities",Implementation,Rebate,"EV fleets, charging, public agencies, nonprofits","Supports shuttle, maintenance, parks, and visitor-service fleets for recreation and tourism destinations.","Up to $4,000 for light-duty BEVs; up to $10,000 for Class 2B-6 BEVs; charger incentives available",Program rules apply,https://chargeup.njcleanenergy.com/clean-fleet,2026-07-13,RERC-FND-0327
Funding,Transportation Alternatives Set-Aside,New Jersey Department of Transportation,Recurring,Periodic NJDOT local aid calls,New Jersey,,,,,,Municipalities; counties; transit agencies; eligible public sponsors,Mixed,Grant,bike-ped; trails; streetscape; safe routes; historic transport,"Improves active transportation links between downtowns, parks, trails, and transit.",Varies; recent awards often six to seven figures,Usually 20% local match unless otherwise specified,https://www.nj.gov/transportation/business/localaid/alternatives.shtm,2026-06-09,RERC-FND-0332
Funding,Preserve New Jersey Historic Preservation Fund,"New Jersey Historic Trust, NJ Department of Community Affairs",Recurring,"2026 deadline April 16, 2026 at 4:00 p.m.",New Jersey,,,,,,"County, municipal, state government entities; eligible 501(c) nonprofits",Mixed,Grant,"historic preservation, heritage tourism, planning, capital rehab","Funds historic sites, heritage tourism signage, and adaptive reuse assets that support destination development.","Planning up to $75,000; capital $5,000-$750,000; about $10,000,000 expected in 2026",Planning 1:3; capital varies by level,https://www.nj.gov/dca/njht/programs/preservenj/overview,2026-06-09,RERC-FND-0330
Funding,New Jersey Historical Commission Grants,"New Jersey Historical Commission, Department of State",Recurring,"FY2027 project grant deadline March 27, 2026; GOS intent March 9 and submission April 13, 2026",New Jersey,,,,,,"History organizations, museums, historic sites, archives, libraries, individuals for some project grants",Mixed,Grant,"history, museums, historic sites, exhibits, archives, heritage programming",Supports heritage assets and interpretation that can strengthen cultural tourism and downtown visitor activity.,Varies by grant program,Program rules apply,https://www.nj.gov/state/historical/his-grants.shtml,2026-06-09,RERC-FND-0329
Funding,Sustainable Jersey Grants Program,Sustainable Jersey with corporate and state partners,Open when checked,Multiple 2026 grant cycles posted,New Jersey,,,,,,Municipalities; schools for school-specific rounds,Mixed,Grant,sustainability; parks; placemaking; resilience; green teams,Funds small but practical sustainability and placemaking projects in recreation communities.,Varies by sponsor cycle,Usually no match; verify cycle,https://www.sustainablejersey.com/grants,2026-06-09,RERC-FND-0331
Funding,2026 Sustainable Communities Grant Program,"Sustainable Jersey, Atlantic City Electric",Open when checked,"Deadline July 13, 2026 at 11:59 p.m.",New Jersey,,,,,,Municipalities in Atlantic City Electric service territory,Implementation,Grant,"environmental stewardship, resilience, sustainability","Supports local resilience and stewardship improvements in shore, river, and gateway communities.","$50,000 total cycle funding",Not stated on source page,https://www.sustainablejersey.com/grants,2026-06-09,RERC-FND-0326
Funding,McCune Charitable Foundation Grants,McCune Charitable Foundation,Recurring,"2027 funding cycle opens Aug. 15, 2026 and closes Sept. 15, 2026",New Mexico,,,,,,"501(c)(3) nonprofits, federally recognized Tribes, public schools, and government agencies",Mixed,Grant,rural development; environment; culture; community well-being; collaboration,"Useful for rural community capacity, collaborative outdoor-economy work, and environmental or cultural place-based projects.",Not stated on application page,No match stated,https://nmmccune.org/apply,2026-06-09,RERC-FND-0336
Funding,Efficient Buildings Program and Commercial Prescriptive Rebates,New Mexico Gas Company,Open when checked,Ongoing 2026 program,New Mexico,,,,,,"Commercial, school, and business gas customers",Implementation,Rebate,energy efficiency; operating cost reduction; commercial facilities,"Helps visitor centers, lodges, restaurants, outfitters, and public facilities lower operating costs.",Varies by measure,Customer pays remaining project cost,https://newmexicoefficiency.com/,2026-06-09,RERC-FND-0335
Funding,Outdoor Equity Fund,"New Mexico Outdoor Recreation Division, Economic Development Department",Open when checked,"Tier 2 LOI June 1-12, 2026; FY27 cycle July 1-30, 2026",New Mexico,,,,,,Organizations serving youth outdoor programs; verify applicant class in guide,Implementation,Grant,outdoor access; youth; stewardship; outdoor workforce; equity,"Funds rural, Tribal, and underserved youth outdoor access and can build future recreation workforce pipelines.","Tier 1 generally up to $40,000; Tier 2 up to $100,000",See FY27 guide; summary page does not state match,https://nmoutside.com/grants/outdoor-equity-fund,2026-06-09,RERC-FND-0337
Funding,Clean and Beautiful Grant,New Mexico Tourism Department,Cycle closed,Annual cycle; FY27 closed April 2026,New Mexico,,,,,,Local governments; tribes; Keep America Beautiful affiliates; eligible partners,Mixed,Grant,beautification; litter control; gateways; public spaces,Improves community appearance and visitor corridors in rural destinations.,Program pool over $1M in recent cycle,See annual guidelines,https://www.newmexico.org/industry/work-together/grants/clean-and-beautiful,2026-06-09,RERC-FND-0333
Funding,Destination Forward Grant,New Mexico Tourism Department,Cycle closed,Annual cycle; FY27 closed April 2026,New Mexico,,,,,,Tourism entities; local governments; tribes; eligible fiscal agents,Mixed,Grant,destination development; visitor infrastructure; planning,Supports destination readiness and visitor-facing improvements.,Varies by project,See annual guidelines,https://www.newmexico.org/industry/work-together/grants/destination-forward,2026-06-09,RERC-FND-0334
Funding,Tourism Event Growth and Sustainability Program,New Mexico Tourism Department,Cycle closed,Annual cycle; FY27 closed April 2026,New Mexico,,,,,,Event organizers; nonprofits; municipalities; counties; tribes; eligible businesses,Implementation,Grant,events; tourism marketing; festivals; placemaking,Helps rural communities grow events that draw overnight visitors.,"Accelerator often up to $5,000; sponsorship and marketing support vary",Cost share varies by track,https://www.newmexico.org/industry/work-together/grants/tourism-event-growth-sustainability-program,2026-06-09,RERC-FND-0339
Funding,PNM Power Grant,PNM Resources Foundation,Recurring,2026 grant cycle referenced; confirm current portal deadline,New Mexico,,,,,,Eligible New Mexico nonprofits,Mixed,Grant,environment; economic vitality; community vitality; nonprofit capacity,"Can support nonprofit capacity, environmental stewardship, and community vitality around outdoor destinations.",Not stated publicly,Not stated,https://www.pnm.com/nl/apply-for-grant,2026-06-09,RERC-FND-0338
Funding,Generous Acts Fund,Adirondack Community Foundation,Recurring,"2026 deadline was Feb. 4, 2026; annual cycle",New York,,,,,,"Nonprofits, schools, public agencies, municipalities, or fiscally sponsored groups",Mixed,Grant,community vitality; environment; economic vitality; basic needs,Flexible regional funding can support community vitality and environment work in outdoor-destination towns.,"2026 cycle awarded $1,162,380 across 136 grants",Not stated,https://adkcommunityfoundation.org/granting/apply-grant/apply-generous-acts,2026-06-09,RERC-FND-0345
Funding,Ralph C. Wilson Jr. Legacy Funds,Community Foundation for Greater Buffalo,Recurring,"2026 awards distributed by May 31, 2026",New York,,,,,,501(c)(3) organizations; eligibility varies by fund,Implementation,Grant,community assets; parks; trails; youth recreation; quality of life,"Strong fit for parks, trails, and community recreation assets in western New York.",Not stated in FAQ summary,Not stated,https://www.cfgb.org/wp-content/uploads/2018/08/2026-Ralph-C.-Wilson-Jr.-Legacy-Funds_FAQ.pdf,2026-06-09,RERC-FND-0354
Funding,Market New York,Empire State Development and I LOVE NY,Open when checked,"Deadline July 31, 2026",New York,,,,,,Tourism promotion agencies; nonprofits; municipalities; businesses with tourism projects,Mixed,Grant,tourism promotion; events; destination marketing,Funds rural destination marketing and tourism events.,"$7M available; minimum grant request generally $50,000",Typically 50 percent match,https://esd.ny.gov/market-new-york-tourism-grant-program,2026-06-09,RERC-FND-0347
Funding,NYS Canal System Tourism Infrastructure and Event Grants,Erie Canalway National Heritage Corridor and NYS Canal Corporation,Recurring,2026 closed; check fall 2026 for 2027 support,New York,,,,,,"Counties, municipalities, local governments, nonprofits, and federally recognized Native nations",Construction,Grant,tourism infrastructure; amenities; events; accessibility; canal trail,"Targets trail, waterway, visitor amenity, and event gaps along a major recreation and heritage corridor.","Infrastructure $5,000-$24,000; event support $500-$3,000",Not stated on summary page,https://eriecanalway.org/resources/grants,2026-06-09,RERC-FND-0350
Funding,McHenry Community Planning and Compact Grants,Hudson River Valley Greenway,Recurring,The program uses recurring cycles; check with the program for the current schedule.,New York,,,,,,Greenway municipalities and compact communities,Planning,Grant,planning; public access; heritage; trails; regional cooperation; economic development,"Funds planning for waterfront access, trail links, heritage interpretation, and regional recreation-economy coordination.","Community grants up to $20,000; multi-applicant up to $30,000; Compact grants up to $50,000",Not stated on summary page,https://hudsongreenway.ny.gov/community-compact-grants,2026-07-13,RERC-FND-0348
Funding,Boating Infrastructure Grant Program,"NY State Parks, Recreation, and Historic Preservation",Recurring,Check with the program,New York,,,,,,"Applicants apply through NYS OPRHP for facilities serving transient, non-trailerable recreational vessels on navigable waters",Construction,Grant,Infrastructure; Recreation; Historic/Cultural; Energy/Climate,Develop and maintain tie-up facilities and related infrastructure for eligible transient recreational boats.,Maximum federal share $1.5 million per application for the cited Tier 2 round,"Yes, at least 25%",https://parks.ny.gov/grants,2026-06-09,RERC-FND-0340
Funding,Historic Preservation Program,"NY State Parks, Recreation, and Historic Preservation",Recurring,Check with the program,New York,,,,,,Municipalities or nonprofits with an ownership interest in eligible historic properties listed on the State or National Registers,Planning,Grant,Recreation; Planning; Historic/Cultural; Energy/Climate,"Acquire, plan, develop, preserve, or improve historic properties.","Up to $675,000; matching grant","Yes, 1:1",https://parks.ny.gov/grants,2026-06-09,RERC-FND-0346
Funding,Parks Program,"NY State Parks, Recreation, and Historic Preservation",Recurring,Check with the program,New York,,,,,,Municipalities or nonprofits with an ownership interest in the project property,Planning,Grant,Recreation; Planning; Historic/Cultural; Energy/Climate,"Acquire, plan, develop, or improve parks and recreational facilities.","Up to $675,000; matching grant","Yes, amount varies based on program, typical a 50% or 10% match",https://parks.ny.gov/grants,2026-06-09,RERC-FND-0353
Funding,Recreational Trails Program,"NY State Parks, Recreation, and Historic Preservation",Recurring,Check with the program,New York,,,,,,Trail project sponsors applying through OPRHP under RTP rules,Construction,Grant,Recreation; Historic/Cultural; Energy/Climate,Develop and maintain motorized and nonmotorized trails and trail-related facilities.,Varies by annual federal RTP allocation; no public cap identified on the overview page,"Yes, 20%",https://www.fhwa.dot.gov/environment/recreational_trails,2026-06-09,RERC-FND-0355
Funding,Snowmobile Trail Grant Program,"NY State Parks, Recreation, and Historic Preservation",Recurring,Check with the program,New York,,,,,,Local government sponsors with officially recognized state snowmobile trail system mileage,Construction,Grant,Recreation; Historic/Cultural; Energy/Climate,Develop and maintain snowmobile trails in the State Snowmobile Trail System.,Prorated based on the approved trail system and funding application,No,https://parks.ny.gov/grants,2026-06-09,RERC-FND-0356
Funding,New York State Conservation Partnership Program,NYS Department of Environmental Conservation and Land Trust Alliance,Recurring,Annual rounds; confirm current Alliance schedule,New York,,,,,,New York land trusts,Mixed,Grant,land trust capacity; open space; farmland; resource conservation,"Builds land-trust capacity for conservation deals, stewardship, and public-access partnerships in recreation communities.",Varies by grant category,See program RFA,https://dec.ny.gov/nature/open-space/grant-partnerships-land-trust-alliance,2026-06-09,RERC-FND-0352
Funding,New York Main Street,NYS Homes and Community Renewal,Open when checked,"Deadline July 31, 2026",New York,,,,,,Units of local government; nonprofits; business improvement districts,Construction,Grant,downtown buildings; mixed-use rehab; streetscape,Revitalizes main streets that serve as recreation visitor bases.,"$4.2M available; awards commonly $50,000-$500,000",Local match required; state share limits apply,https://hcr.ny.gov/new-york-main-street,2026-06-09,RERC-FND-0351
Funding,EPF Parks Preservation and Heritage Grants,NYS Office of Parks Recreation and Historic Preservation,Open when checked,"Deadline July 31, 2026",New York,,,,,,Municipalities; nonprofits; state-recognized tribes,Mixed,Grant,parks; historic preservation; heritage tourism,Funds parks and heritage assets central to rural recreation economies.,"$28.75M available; max commonly $675,000",Match required; reduced match possible for hardship,https://parks.ny.gov/grants/parks/default.aspx,2026-06-09,RERC-FND-0344
Funding,Clean Energy Communities Program,NYSERDA,Open when checked,Ongoing point-based awards,New York,,,,,,Local governments; counties; municipalities,Mixed,Rebate,municipal energy; public buildings; EV readiness,"Lowers operating costs for visitor centers, parks facilities, and downtown assets.",Designation grants vary by points and community type,No traditional match for many grants,https://www.nyserda.ny.gov/All-Programs/clean-energy-communities,2026-06-09,RERC-FND-0342
Funding,Canalway Grants Program,New York State Canal Corporation,Open when checked,"Deadline July 31, 2026",New York,,,,,,Municipalities; nonprofits; public entities,Mixed,Grant,canal towns; waterfronts; trails; heritage tourism,Supports canal-trail communities and heritage recreation corridors.,"$1M available; typical awards $25,000-$150,000",1:1 match commonly required,https://www.canals.ny.gov/Doing-Business/Grants/Canalway-Grant-Program,2026-06-09,RERC-FND-0341
Funding,Source Water Buffer Program,New York State Department of Agriculture and Markets,Recurring,Check with the program,New York,,,,,,Soil and Water Conservation Districts apply on behalf of interested farmers; participating farm land must meet drinking-water proximity and AEM requirements,Mixed,Grant,Infrastructure; Economic Development; Conservation; Historic/Cultural,Purchase conservation easements and establish or enhance riparian/forested buffers on farmland protecting public drinking water.,Approximately $5 million available; up to 75% cost share for perpetual or 50-year conservation easements,"Yes, 25%",https://agriculture.ny.gov/soil-and-water/source-water-buffer-program,2026-06-09,RERC-FND-0357
Funding,Community Forest Conservation Grant Program,New York State Department of Environmental Conservation,Recurring,Check with the program,New York,,,,,,New York municipalities; property must be at least 10 acres and at least 75% forested,Construction,Grant,Infrastructure; Conservation; Energy/Climate,"Municipal land acquisition to create or expand community forests for habitat, water quality, resilience, and public access.","$50,000-$300,000; 10% match required; $1 million available in the grant round","Yes, 10%",https://dec.ny.gov/get-involved/grant-applications,2026-06-09,RERC-FND-0343
Funding,Water Quality Improvement Program,New York State Department of Environmental Conservation,Recurring,Check with the program,New York,,,,,,Municipalities are eligible for all project types; Soil and Water Conservation Districts for most project types; nonprofits for selected categories,Construction,Grant,Infrastructure; Recreation; Conservation; Energy/Climate,"Protect drinking water, reduce HAB drivers, improve infrastructure, restore habitat, and increase climate resilience.",At least $75 million available in the 2025 round; project awards vary by category,"Yes, 25%",https://dec.ny.gov/get-involved/grant-applications,2026-06-09,RERC-FND-0358
Funding,NY Main Street,New York State Homes and Community Renewal,Recurring,Check with the program,New York,,,,,,Units of local government and nonprofit organizations incorporated under NY law; recipients then provide grants to local building owners,Construction,Grant,Infrastructure; Economic Development; Energy/Climate,Downtown and mixed-use neighborhood commercial district revitalization through building rehab and related streetscape work.,"Varies; official program examples include $250,000 community grants",Yes,https://hcr.ny.gov/funding-opportunities,2026-06-09,RERC-FND-0349
Funding,The Conservation Alliance Grants Program,The Conservation Alliance,Recurring,Check with the program,Nationwide,,,,,,Eligibility varies by opportunity; review the current program page.,Mixed,Grant,Infrastructure; Conservation,"To protect clean air, clean water, wild places, and watersheds.","Up to $100,000 depending on grant",See program,https://conservationalliance.com/grants,2026-06-09,RERC-FND-0359
Funding,Cherokee Preservation Foundation Grants,Cherokee Preservation Foundation,Recurring,Grant dates first Monday of June and December,North Carolina,,,,,,Eligible organizations serving EBCI and western North Carolina priorities,Mixed,Grant,environmental preservation; cultural preservation; economic development; entrepreneurship,"Supports natural environment protection, cultural tourism, entrepreneurship, and diversified rural economies.",Varies,Not stated,https://cherokeepreservation.org/,2026-06-09,RERC-FND-0361
Funding,Pigeon River Fund,Community Foundation of Western North Carolina,Recurring,Recurring local foundation cycle,North Carolina,,,,,,Environmental nonprofits; public partners; conservation groups,Mixed,Grant,river access; water quality; habitat; conservation awareness,"Supports river access, watershed quality, and habitat projects tied to Blue Ridge rural recreation economies.","Generally $5,000-$35,000",Leverage or in-kind resources expected,https://cfwnc.org/grants/pigeon-river-fund,2026-06-09,RERC-FND-0368
Funding,Open Grants Program,Golden LEAF Foundation,Open when checked,Open throughout the year,North Carolina,,,,,,Eligible economic development applicants aligned with Golden LEAF priorities,Implementation,Grant,rural economy; job creation; workforce; agriculture; infrastructure,"Funds rural economic projects that can support outdoor business clusters, visitor services, and infrastructure tied to job creation.",Not fixed; project-specific,Not stated on summary page,https://goldenleaf.org/funding-opportunities/open-grants,2026-06-09,RERC-FND-0366
Funding,SITE Program,Golden LEAF Foundation,Open when checked,"2026 deadlines include May 14, July 9, Sept. 10, and Nov. 12",North Carolina,,,,,,Rural communities and eligible public or economic development partners,Mixed,Grant,site readiness; rural economic development; infrastructure; job creation,"Can prepare small-town sites for outdoor manufacturers, lodging, food, gear, or recreation-support businesses.",Phase-based; verify current guidelines,Not stated on summary page,https://goldenleaf.org/funding-opportunities/site-program,2026-06-09,RERC-FND-0373
Funding,Mountain BizWorks Get Funding,Mountain BizWorks,Open when checked,Rolling application,North Carolina,,,,,,Western North Carolina small businesses and entrepreneurs,Implementation,Loan,rural entrepreneurship; outdoor businesses; local economy; small business expansion,"Useful for rural recreation businesses in WNC gateway towns, including guides, lodging, retail, food, and experience operators.","$1,000-$500,000",Repayment required; terms underwritten locally,https://www.mountainbizworks.org/get-funding,2026-06-09,RERC-FND-0363
Funding,Water Resources Development Grant Program,NC DEQ Division of Water Resources,Cycle closed,"The listed proposal period ended June 30, 2026.",North Carolina,,,,,,Local governments and eligible project sponsors,Mixed,Grant,water-based recreation; recreational navigation; stream restoration; engineering; stormwater,"Directly supports paddling access, water-based recreation, navigation, and riverfront improvements.",Varies by project type,Varies by project type,https://www.deq.nc.gov/about/divisions/water-resources/water-resources-grants/water-resources-development-grant-program,2026-07-13,RERC-FND-0375
Funding,Rural Downtown Economic Development Grant,NC Department of Commerce,Recurring,Annual or periodic state cycle,North Carolina,,,,,,Local governments in rural communities,Implementation,Grant,downtown revitalization; public improvements; business districts,Helps rural downtowns become visitor-serving main streets.,Varies by solicitation,5 percent match in 2026 materials,https://www.commerce.nc.gov/about-us/divisions-programs/rural-economic-development-division/rural-engagement-investment-program,2026-06-09,RERC-FND-0371
Funding,Renew NC Commercial District Revitalization Program,NC Department of Commerce Renew NC,Open when checked,2026 NOFO cycle,North Carolina,,,,,,Local governments; nonprofits; eligible commercial district partners,Mixed,Grant,disaster recovery; downtowns; commercial districts,Restores visitor-serving commercial districts in outdoor recreation counties.,$40M program pool,Match not captured in source,https://www.commerce.nc.gov/news/press-releases/2026/04/06/renew-nc-launches-commercial-district-revitalization-program-western-north-carolina,2026-06-09,RERC-FND-0370
Funding,Rural Engagement and Investment Program,NC Department of Commerce Rural Economic Development Division,Open when checked,2026 cycle dates vary by track,North Carolina,,,,,,Rural local governments; eligible public entities,Mixed,Grant,rural planning; implementation; downtowns; infrastructure,Provides flexible rural development support for recreation-economy readiness.,Varies by program track,Match varies,https://www.commerce.nc.gov/about-us/divisions-programs/rural-economic-development-division/rural-engagement-investment-program,2026-06-09,RERC-FND-0372
Funding,Appalachian Regional Commission Area Development Program,NC Department of Commerce and ARC,Recurring,Annual ARC state cycle,North Carolina,,,,,,Local governments; nonprofits; public entities,Mixed,Grant,infrastructure; tourism; workforce; planning,Funds infrastructure and tourism-linked economic development in mountain recreation counties.,Varies by ARC allocation and project,Match required; rate varies by county distress,https://www.commerce.nc.gov/about-us/divisions-programs/rural-economic-development-division/appalachian-regional-commission,2026-06-09,RERC-FND-0360
Funding,Parks and Recreation Trust Fund Local Grants,NC Division of Parks and Recreation,Open when checked,Annual cycle; 2026 materials posted by NC Parks,North Carolina,,,,,,Local governments,Mixed,Grant,parks; recreation facilities; land acquisition,Core capital source for rural parks and recreation amenities.,"Up to $500,000",Dollar-for-dollar local match,https://www.ncparks.gov/about-us/grants/parks-and-recreation-trust-fund/partf-applicants,2026-06-09,RERC-FND-0367
Funding,North Carolina Land and Water Fund,NC Land and Water Fund,Recurring,Annual application cycle,North Carolina,,,,,,Local governments; nonprofits; state agencies,Mixed,Grant,conservation; greenways; water quality; land acquisition,"Protects landscapes, water, and greenway corridors that support outdoor tourism.",Varies by project and fund availability,Match not always required; leverage encouraged,https://nclwf.nc.gov/apply,2026-06-09,RERC-FND-0364
Funding,Loan Participation Program,NC Rural Center,Open when checked,Ongoing,North Carolina,,,,,,"Small businesses through banks, credit unions, and CDFIs",Mixed,Loan,small business finance; rural entrepreneurs; disadvantaged communities,"Can expand credit access for outfitters, lodging, food, guide services, and other recreation-economy small businesses.",Varies through participating lenders,Lender participation structure; borrower terms vary,https://www.ncruralcenter.org/ssbci/loan-participation-program,2026-06-09,RERC-FND-0362
Funding,Recreational Trails Program and Safety Education Grants,NC Trails Program,Recurring,Annual or biennial NC Trails cycle,North Carolina,,,,,,Local governments; nonprofits; agencies; trail organizations,Construction,Grant,trails; trail safety; education; trail construction,Builds and improves trail networks for trail towns.,"RTP varies; safety grants often up to $5,000",Match required for RTP,https://trails.nc.gov/trail-grants/apply-grant,2026-06-09,RERC-FND-0369
Funding,WECare Foundation Grants,Wake Electric Membership Corporation,Recurring,Quarterly,North Carolina,,,,,,Nonprofits within Wake Electric service territory,Mixed,Grant,"economic infrastructure, job creation, emergency needs, nonprofits",Supports local economic infrastructure and nonprofit projects that can strengthen rural visitor communities.,Varies by quarterly award,No match stated,https://wemc.com/WE-CARE,2026-06-09,RERC-FND-0374
Funding,Flex PACE Program,Bank of North Dakota,Open when checked,Ongoing,North Dakota,,,,,,Any person or entity with a business located in North Dakota,Implementation,Loan,business expansion; community finance; gap financing; tourism businesses,"Can reduce financing costs for outdoor businesses, lodging, attractions, and recreation-support enterprises.",Interest buydown amount varies by loan and community participation,Local community and PACE Fund combine resources,https://bnd.nd.gov/loans/business/flex-pace-program,2026-06-09,RERC-FND-0378
Funding,MDU Resources Foundation Grants,MDU Resources Foundation,Open when checked,Annual application June 1-Oct. 1,North Dakota,,,,,,Qualified 501(c)(3) organizations in company communities,Mixed,Grant,environment; recreation; community; culture; human services,"Corporate funding can support recreation, environment, and community projects in small utility-service communities.",Varies,Not stated,https://www.mdu.com/about-us/community-support,2026-06-09,RERC-FND-0380
Funding,Statewide Greatest Needs Grant Program,North Dakota Community Foundation,Open when checked,Current application portal available; verify 2026 deadline,North Dakota,,,,,,"501(c)(3) nonprofits, government agencies, and Tribal government agencies",Implementation,Grant,community needs; local projects; nonprofit capacity; civic assets,"Flexible community funding can fill small gaps for trail amenities, civic spaces, events, and quality-of-life projects.",Not stated on summary page,Not stated,https://www.ndcf.net/receive/swgn,2026-06-09,RERC-FND-0384
Funding,Community Development Block Grant,North Dakota Department of Commerce,Open when checked,"FY2026 applications due July 24, 2026",North Dakota,,,,,,Cities; counties; eligible local governments,Mixed,Grant,public facilities; infrastructure; housing; economic development,Funds infrastructure and community facilities in small towns.,$1.3M FY2026 allocation noted by state,Match varies by activity,https://www.commerce.nd.gov/community-services/low-income-programs/community-development-block-grant-cdbg,2026-06-09,RERC-FND-0377
Funding,North Dakota Development Fund,North Dakota Department of Commerce,Open when checked,Ongoing,North Dakota,,,,,,New and expanding North Dakota primary-sector businesses; tourism certification may apply,Implementation,Loan,gap financing; primary sector; tourism; business expansion,Supports certified tourism and primary-sector business expansions that diversify rural economies.,"Up to $3,000,000",Not a match program; financing stack required,https://www.commerce.nd.gov/economic-development-finance/development-fund,2026-06-09,RERC-FND-0381
Funding,Transportation Alternatives Program,North Dakota Department of Transportation,Recurring,"Application deadline listed as Dec. 31, 2025 for current call",North Dakota,,,,,,Local governments; tribal governments; public agencies,Mixed,Grant,bike-ped; trails; safe routes; scenic byways,Funds walkable and bikeable recreation-community connections.,Awards vary,Federal share commonly about 80.93 percent; local match about 19.07 percent,https://www.dot.nd.gov/construction-and-planning/transportation-plans-programs/transportation-alternatives-ta,2026-06-09,RERC-FND-0385
Funding,Outdoor Heritage Fund,North Dakota Industrial Commission,Open when checked,Periodic grant rounds,North Dakota,,,,,,Political subdivisions; tribal entities; nonprofits; eligible conservation partners,Mixed,Grant,conservation; recreation access; wildlife habitat,"Funds public access, habitat, and outdoor recreation landscapes.",Recent awards exceeded $12.5M; awards vary,Match required,https://www.ndic.nd.gov/outdoor-heritage-fund,2026-06-09,RERC-FND-0382
Funding,Land and Water Conservation Fund,North Dakota Parks and Recreation Department,Recurring,Annual or periodic NDPRD cycle,North Dakota,,,,,,Political subdivisions; public recreation sponsors,Mixed,Grant,parks; outdoor recreation; acquisition; development,"Builds parks, trailheads, and recreation facilities.",Varies by federal allocation,50 percent match typical,https://www.parkrec.nd.gov/business/grants/land-and-water-conservation-fund,2026-06-09,RERC-FND-0379
Funding,Recreational Trails Program,North Dakota Parks and Recreation Department,Recurring,Annual or periodic NDPRD cycle,North Dakota,,,,,,Government agencies; nonprofits; trail organizations,Mixed,Grant,trails; trail maintenance; trail equipment,Direct fit for rural trail infrastructure.,Varies,20 percent local match typical,https://www.parkrec.nd.gov/business/grants/recreational-trails-program,2026-06-09,RERC-FND-0383
Funding,2026 Electric Heating Rebates,Otter Tail Power Company,Open when checked,2026 rebate forms active,North Dakota,,,,,,Otter Tail Power North Dakota customers,Implementation,Rebate,energy efficiency; heating; heat pumps; operating cost reduction,"Helps recreation businesses, cabins, community buildings, and visitor facilities reduce heating costs.",$40 per kW for qualifying electric heating systems; other rebates vary,Rebate limited by eligible project cost,https://www.otpco.com/ways-to-save/programs/electric-heating-rebates,2026-06-09,RERC-FND-0376
Funding,Cultural Craft Artist Recovery Microgrant Program,Northern Marianas Humanities Council,Open when checked,"Applications are due July 15, 2026 at 4:30 PM local time.",Northern Mariana Islands,,,,,,Adult CNMI residents who are cultural craft artists with an ongoing pre-disaster practice.,Implementation,Grant,culture; craft artists; recovery; heritage; community benefit,Provides recovery support to help CNMI cultural craft artists resume practice and continue public-facing cultural heritage work.,"Total program funds are $10,000; individual awards are expected between $250 and $500.",See program,https://www.nmhcouncil.org/cultural-craft-artist-recovery-microgrant-program,2026-06-24,RERC-FND-0386
Funding,Cultural Resilience Partnership Program and Community Grant Awards,Northern Marianas Humanities Council,Recurring,Check council announcements for current grant rounds and recovery initiatives.,Northern Mariana Islands,,,,,,"Northern Mariana Islands cultural, humanities, arts, community, and recovery partners listed by each opportunity.",Implementation,Grant,culture; humanities; resilience; preservation; community grants,"Supports cultural recovery, preservation, humanities, community grants, and resilience work in the Northern Mariana Islands.",Award amounts vary by program and disaster recovery funding cycle.,See program,https://www.nmhcouncil.org/,2026-06-24,RERC-FND-0387
Funding,Affiliate Foundation Community Grants,Foundation for Appalachian Ohio,Recurring,Some 2026 county rounds ended in June; check for the next county-specific round.,Ohio,,,,,,"Nonprofits, schools, and public organizations",Implementation,Grant,community development; economic development; environmental stewardship; health; education,"Flexible local funding for Appalachian outdoor towns, stewardship projects, and community amenities.","Varies; 2025 affiliates awarded more than $627,000",Not stated,https://appalachianohio.org/2026/04/seven-fao-affiliate-foundations-accepting-2026-grant-applications,2026-07-13,RERC-FND-0389
Funding,Foundation for Appalachian Ohio Grants,Foundation for Appalachian Ohio,Open when checked,Annual and fund-specific cycles,Ohio,,,,,,Nonprofits; schools; local partners; community groups with fiscal sponsors,Capacity Building,Grant,Appalachian communities; arts; education; economic vitality,Supports community capacity and cultural assets in rural Appalachian destinations.,Varies by fund and program,Usually no fixed match unless program-specific,https://appalachianohio.org/grants,2026-06-09,RERC-FND-0404
Funding,Vibrant Communities Program,JobsOhio,Recurring,Contact JobsOhio or a regional partner for current timing.,Ohio,,,,,,Eligible distressed small and midsize communities and project partners,Mixed,Rebate,downtown redevelopment; private investment; small cities; job creation,Support for economic development projects in eligible small and medium-sized Ohio communities.,Project-specific; no fixed cap on summary page,Private investment and job creation expected,https://www.jobsohio.com/incentives-programs/support-for-communities/vibrant-communities,2026-07-13,RERC-FND-0425
Funding,Brownfield Remediation Program,Ohio Department of Development,Recurring,State redevelopment funding rounds,Ohio,,,,,,Local governments; land banks; nonprofits; eligible property owners,Mixed,Grant,brownfields; redevelopment; trails; riverfronts,"Can convert contaminated sites into trailheads, parks, lodging, or downtown reuse sites.",Varies by round; large project grants possible,Match rules vary by round,https://development.ohio.gov/community/redevelopment/brownfield-remediation-program,2026-06-09,RERC-FND-0393
Funding,Community Development Block Grant Programs,Ohio Department of Development,Recurring,Annual program-specific cycles,Ohio,,,,,,Eligible non-entitlement counties; cities; villages,Construction,Grant,public infrastructure; downtowns; neighborhood revitalization,Funds small-town infrastructure and public improvements.,Varies by program,Match varies by program,https://development.ohio.gov/community/community-grants/community-development-programs,2026-06-09,RERC-FND-0399
Funding,Ohio Historic Preservation Tax Credit Program,Ohio Department of Development,Recurring,Check with the program,Ohio,,,,,,Owners and long-term lessees of historically designated buildings undergoing rehabilitation,Planning,Tax Credit,Planning; Historic/Cultural; Energy/Climate,Finance rehabilitation of historically significant buildings by offering a state tax credit to leverage private investment and revitalize communities.,Up to 25% of qualified rehab costs; max $5M per project,See program,https://development.ohio.gov/community/community-grants,2026-06-09,RERC-FND-0415
Funding,Ohio Housing Trust Fund,Ohio Department of Development,Recurring,Check with the program,Ohio,,,,,,"Nonprofits, public housing authorities, private developers, lenders, and local governments",Construction,Grant,Housing; Energy/Climate,"Increase affordable housing opportunities and improve housing conditions for low- and moderate-income Ohioans through acquisition, construction, and rehabilitation.",Varies,See program,https://development.ohio.gov/community/community-grants,2026-06-09,RERC-FND-0416
Funding,Governor's Office of Appalachia ARC Grants,Ohio Department of Development Governor's Office of Appalachia,Recurring,Annual state ARC cycle,Ohio,,,,,,Local governments; nonprofits; public entities,Mixed,Grant,Appalachia; tourism; infrastructure; workforce; planning,Supports recreation-economy projects in Appalachian Ohio communities.,Varies by ARC project and county distress level,Match required; rate varies,https://development.ohio.gov/community/governors-office-of-appalachia,2026-06-09,RERC-FND-0405
Funding,Abandoned Mine Land Economic Revitalization Program,Ohio Department of Natural Resources,Recurring,Check with the program,Ohio,,,,,,Local governments and eligible entities in areas with legacy coal mining in Ohio,Mixed,Grant,Economic Development; Conservation; Energy/Climate,Reclaim and remediate abandoned mine lands and support economic revitalization in impacted Ohio communities.,See program,See program,https://ohiodnr.gov/buy-and-apply/apply-for-grants/grants,2026-06-09,RERC-FND-0388
Funding,Aquatic Education Grant,Ohio Department of Natural Resources,Recurring,Check with the program,Ohio,,,,,,"Nonprofits, schools, and government agencies in Ohio",Mixed,Grant,Infrastructure; Conservation,"Support programs that educate youth and adults about aquatic resources, fishing, and responsible water use in Ohio.",See program,See program,https://ohiodnr.gov/buy-and-apply/apply-for-grants/grants,2026-06-09,RERC-FND-0390
Funding,Boating Infrastructure Grant Program,Ohio Department of Natural Resources,Recurring,Check with the program,Ohio,,,,,,State and local governments and nonprofits managing public boating facilities in Ohio,Construction,Grant,Infrastructure; Recreation; Conservation; Energy/Climate,"Develop and improve public boating infrastructure including docks, tie-up facilities, and support amenities for transient recreational boaters.",See program,"Yes, 25%",https://ohiodnr.gov/buy-and-apply/apply-for-grants/grants,2026-06-09,RERC-FND-0391
Funding,Boating Safety Education Grant,Ohio Department of Natural Resources,Recurring,Check with the program,Ohio,,,,,,"Nonprofits, educational institutions, and government agencies providing boating education in Ohio",Mixed,Grant,Conservation,"Support boating safety education programs by funding equipment, life jackets, instructor certification, and educational materials.",Up to $30K per recipient,See program,https://ohiodnr.gov/buy-and-apply/apply-for-grants/grants,2026-06-09,RERC-FND-0392
Funding,Clean Ohio Trail Fund,Ohio Department of Natural Resources,Recurring,Check with the program,Ohio,,,,,,"Local governments, park districts, and nonprofit organizations in Ohio",Construction,Grant,Recreation; Conservation,"Fund construction of new trails, extension of existing trails, and acquisition of land for recreational trail use.",Up to 75% of project costs,"Yes, 25%",https://ohiodnr.gov/buy-and-apply/apply-for-grants/grants,2026-06-09,RERC-FND-0397
Funding,Coastal Management Assistance Grant Program,Ohio Department of Natural Resources,Available,Available online,Ohio,,,,,,State and local governments and nonprofits in the Lake Erie coastal zone,Mixed,Grant,Conservation,"Support protection, restoration, and responsible use of Ohio's Lake Erie coastal resources and shoreline.",See program,None,https://ohiodnr.gov/buy-and-apply/apply-for-grants/grants,2026-06-09,RERC-FND-0650
Funding,Conservation Club Competitive Partnership Grant,Ohio Department of Natural Resources,Recurring,Check with the program,Ohio,,,,,,Sportsmen's clubs and conservation organizations in Ohio,Mixed,Grant,Conservation,"Fund habitat improvement, conservation education, and wildlife management projects undertaken by Ohio conservation clubs.",See program,See program,https://ohiodnr.gov/buy-and-apply/apply-for-grants/grants,2026-06-09,RERC-FND-0401
Funding,Cooperative Boating Facility Grant,Ohio Department of Natural Resources,Recurring,Check with the program,Ohio,,,,,,Local governments and eligible entities that own public boating facilities in Ohio,Construction,Grant,Infrastructure; Conservation; Energy/Climate,Develop and improve cooperative public boating access sites and related facilities on Ohio's waterways.,See program,See program,https://ohiodnr.gov/buy-and-apply/apply-for-grants/grants,2026-06-09,RERC-FND-0402
Funding,LWCF Outdoor Recreation Legacy Partnerships Program,Ohio Department of Natural Resources,Recurring,Check with the program,Ohio,,,,,,Local governments and nonprofits in underserved urban communities in Ohio,Mixed,Grant,Recreation; Conservation,Create or significantly renovate outdoor recreation spaces in low-income and urban areas that lack access to parks.,See program,"Yes, 50%",https://ohiodnr.gov/buy-and-apply/apply-for-grants/grants,2026-06-09,RERC-FND-0406
Funding,Land and Water Conservation Fund,Ohio Department of Natural Resources,Recurring,Check with the program,Ohio,,,,,,Local and state governments in Ohio,Construction,Grant,Infrastructure; Recreation; Conservation; Energy/Climate,Acquire and develop public outdoor recreation areas and facilities in Ohio.,See program,"Yes, 50%",https://ohiodnr.gov/buy-and-apply/apply-for-grants/grants,2026-06-09,RERC-FND-0407
Funding,NASP Instructor Training and Grant Packet,Ohio Department of Natural Resources,Recurring,Check with the program,Ohio,,,,,,Schools and youth organizations in Ohio,Capacity Building,Grant,Conservation,Fund National Archery in the Schools Program (NASP) instructor training and archery equipment for Ohio schools and youth programs.,See program,See program,https://ohiodnr.gov/buy-and-apply/apply-for-grants/grants,2026-06-09,RERC-FND-0409
Funding,Natural Areas Research Grant,Ohio Department of Natural Resources,Recurring,Check with the program,Ohio,,,,,,"Researchers, academic institutions, and conservation organizations in Ohio",Mixed,Grant,Conservation,"Support scientific research on Ohio's natural areas, rare species, and ecological communities to inform conservation and management decisions.",See program,See program,https://ohiodnr.gov/buy-and-apply/apply-for-grants/grants,2026-06-09,RERC-FND-0410
Funding,NatureWorks,Ohio Department of Natural Resources,Recurring,Annual ODNR cycle,Ohio,,,,,,Ohio political subdivisions,Mixed,Grant,parks; recreation facilities; acquisition; development,Core capital source for rural parks and community recreation.,"Up to $150,000 commonly listed by ODNR",25 percent local match typical,https://ohiodnr.gov/buy-and-apply/apply-for-grants/grants/natureworks,2026-06-09,RERC-FND-0411
Funding,NatureWorks Grant Program,Ohio Department of Natural Resources,Recurring,Check with the program,Ohio,,,,,,"Local government subdivisions (townships, villages, cities, counties, park districts, joint recreation districts, and conservancy districts)",Construction,Grant,Recreation; Conservation; Energy/Climate,"Fund acquisition, development, and rehabilitation of public recreational areas including playgrounds, trails, sports courts, and park amenities.",Up to 75% reimbursement,"Yes, 25%",https://ohiodnr.gov/buy-and-apply/apply-for-grants/grants,2026-06-09,RERC-FND-0412
Funding,Navigational Aids,Ohio Department of Natural Resources,Recurring,Check with the program,Ohio,,,,,,Local governments with navigable waterways in Ohio,Operations/Maintenance,Grant,Infrastructure; Conservation,"Fund installation and maintenance of navigational buoys, markers, and safety aids on Ohio's public waterways.",See program,See program,https://ohiodnr.gov/buy-and-apply/apply-for-grants/grants,2026-06-09,RERC-FND-0413
Funding,Ohio Geology Student Research,Ohio Department of Natural Resources,Recurring,Check with the program,Ohio,,,,,,Undergraduate and graduate students studying geology at Ohio institutions,Planning,Grant,Planning; Conservation,"Support student research on Ohio's geological resources, including fieldwork, analysis, and publication of findings.",See program,See program,https://ohiodnr.gov/buy-and-apply/apply-for-grants/grants,2026-06-09,RERC-FND-0414
Funding,Ohio River Basin H2OHIO Wetland Grant Program,Ohio Department of Natural Resources,Recurring,Check with the program,Ohio,,,,,,"Landowners, local governments, and conservation organizations in the Ohio River Basin",Mixed,Grant,Infrastructure; Recreation; Conservation,"Fund creation, restoration, and enhancement of wetlands in the Ohio River Basin to improve water quality and habitat.",See program,See program,https://ohiodnr.gov/buy-and-apply/apply-for-grants/grants,2026-06-09,RERC-FND-0417
Funding,Paddling Enhancement Grant,Ohio Department of Natural Resources,Recurring,Check with the program,Ohio,,,,,,"Political subdivisions (townships, villages, cities, counties, and port authorities) in Ohio",Construction,Grant,Infrastructure; Conservation,"Improve access and infrastructure for hand-powered watercraft including kayak launches, ADA-compliant ramps, mooring stations, and storage racks.",Up to $75K per project,See program,https://ohiodnr.gov/buy-and-apply/apply-for-grants/grants,2026-06-09,RERC-FND-0418
Funding,Recreational Trails Program,Ohio Department of Natural Resources,Recurring,Check with the program,Ohio,,,,,,"State, federal, and local governments and nonprofit organizations in Ohio",Construction,Grant,Recreation; Conservation; Energy/Climate,Fund development and maintenance of recreational trails for motorized and nonmotorized use.,Up to 80% reimbursement,"Yes, 20%",https://www.fhwa.dot.gov/environment/recreational_trails,2026-06-09,RERC-FND-0419
Funding,Step Outside Grant Program,Ohio Department of Natural Resources,Recurring,Check with the program,Ohio,,,,,,Youth-serving organizations and summer programs in Ohio,Mixed,Grant,Recreation; Conservation,"Connect underserved youth with Ohio's public lands, natural areas, and outdoor recreation opportunities through guided outdoor experiences.",See program,See program,https://ohiodnr.gov/buy-and-apply/apply-for-grants/grants,2026-06-09,RERC-FND-0421
Funding,Storybook Trails Program,Ohio Department of Natural Resources,Recurring,Check with the program,Ohio,,,,,,"Local governments, park districts, and nonprofits in Ohio",Mixed,Grant,Recreation; Conservation,Install outdoor literacy trail programs in public parks and natural areas to combine reading with outdoor physical activity.,See program,See program,https://ohiodnr.gov/buy-and-apply/apply-for-grants/grants,2026-06-09,RERC-FND-0422
Funding,Urban Canopy Restoration Grant,Ohio Department of Natural Resources,Recurring,Check with the program,Ohio,,,,,,"Municipalities, townships, and nonprofits in Ohio",Planning,Grant,Planning; Conservation,Support planting and restoration of trees in urban and suburban areas to expand Ohio's tree canopy and environmental benefits.,See program,See program,https://www.fs.usda.gov/managing-land/urban-forests/ucf,2026-06-09,RERC-FND-0424
Funding,Wildlife Education Grant,Ohio Department of Natural Resources,Recurring,Check with the program,Ohio,,,,,,"Schools, nonprofits, and government agencies in Ohio",Mixed,Grant,Conservation,Support wildlife education and conservation literacy programs for Ohio students and the general public.,See program,See program,https://ohiodnr.gov/buy-and-apply/apply-for-grants/grants,2026-06-09,RERC-FND-0426
Funding,Clean Water Act Section 319(h) Grants,Ohio EPA,Recurring,Check with the program,Ohio,,,,,,"State and local governments, nonprofits, and tribal governments",Mixed,Grant,Infrastructure; Conservation,Implement nonpoint source pollution control programs and projects to protect and restore water quality in Ohio.,See program,"Yes, 40%",https://epa.ohio.gov/divisions-and-offices/environmental-financial-assistance/financial-assistance,2026-06-09,RERC-FND-0398
Funding,Environmental Education Fund,Ohio EPA,Recurring,Check with the program,Ohio,,,,,,"Schools, nonprofits, and government agencies in Ohio",Operations/Maintenance,Grant,General Community Development,Support environmental education programs that improve environmental literacy and stewardship among Ohio's citizens.,See program,See program,https://epa.ohio.gov/divisions-and-offices/environmental-financial-assistance/financial-assistance,2026-06-09,RERC-FND-0403
Funding,Section 319 Grants,Ohio EPA,Recurring,Check with the program,Ohio,,,,,,"Local governments, nonprofits, and watershed organizations in Ohio",Mixed,Grant,Infrastructure; Conservation; Energy/Climate,Fund nonpoint source water pollution prevention and control projects including best management practices and watershed restoration.,See program,"Yes, 40%",https://epa.ohio.gov/divisions-and-offices/environmental-financial-assistance/financial-assistance,2026-06-09,RERC-FND-0420
Funding,Clean Ohio Green Space Conservation Program,Ohio Public Works Commission,Recurring,Annual OPWC district cycle,Ohio,,,,,,Local governments; park districts; conservancies; nonprofits,Mixed,Grant,open space; riparian corridors; greenways; conservation,Protects greenways and scenic landscapes that support outdoor recreation.,District allocations vary,25 percent local match typical,https://pwc.ohio.gov/programs/clean-ohio-conservation,2026-06-09,RERC-FND-0395
Funding,Clean Ohio Program,Ohio Public Works Commission,Recurring,Check with the program,Ohio,,,,,,"Local governments, nonprofits, and conservation organizations in Ohio",Mixed,Grant,Conservation,"Fund preservation of open space, farmland, stream corridors, and ecological areas through the Clean Ohio Green Space and Agricultural Easement programs.",Up to 75% of project costs,"Yes, 25%",https://pwc.ohio.gov/programs/clean-ohio-conservation,2026-06-09,RERC-FND-0396
Funding,Clean Ohio Green Space Conservation Fund,Ohio Public Works Commission and district NRACs,Recurring,District-specific FY2026 schedules,Ohio,,,,,,"Local governments, park districts, conservation districts, and conservation nonprofits",Acquisition,Grant,greenspace; conservation easements; habitat; streams; wetlands; public access,"Protects parks, stream corridors, preserves, and scenic landscapes that support trails and nature-based tourism.","Statewide annual allocation commonly $37,500,000; district allocations vary",Often requires local share; verify district manual,https://publicworks.ohio.gov/programs/clean-ohio,2026-06-09,RERC-FND-0394
Funding,Local Economic Development Loan Program,Ohio Water Development Authority,Open when checked,Open cycle,Ohio,,,,,,Local governments supporting industries making significant Ohio investment and creating jobs,Mixed,Loan,water; sewer; job creation; infrastructure; business investment,"Can finance water and sewer infrastructure needed for visitor-serving business districts, outdoor manufacturers, or rural tourism projects.",Project-specific loan; OWDA rates updated monthly,Borrower repayment required,https://www.owda.org/LED-program,2026-06-09,RERC-FND-0408
Funding,Strategic Initiatives Program,Ohio and Erie Canalway,Recurring,2026 proposal deadline passed,Ohio,,,,,,Eligible corridor partners; verify annual guidelines,Mixed,Grant,heritage tourism; trails; conservation; community development; historic preservation,"Funds heritage, trail, conservation, and community projects along a major recreation corridor.","Up to $50,000",Minimum 2:1 match,https://www.ohioanderiecanalway.com/learn/strategic-initiatives,2026-06-09,RERC-FND-0423
Funding,Community Garden Grants,"The Columbus Foundation, Scotts Miracle-Gro Foundation, and City of Columbus",Cycle closed,2026 application closed; annual cycle likely,Ohio,,,,,,Community garden and greenspace applicants in Columbus area,Implementation,Grant,community gardens; greenspace; urban agriculture; beautification; wellness,"Small local greenspace funding can improve placemaking, neighborhood trailside amenities, and public realm quality.",Not stated on summary page,Not stated,https://www.columbusfoundation.org/nonprofit-center/grant-opportunities/columbus-foundation-grants/operating-and-program-support/community-garden-grants,2026-06-09,RERC-FND-0400
Funding,Community Arts Grants,Oklahoma Arts Council,Recurring,Annual and rolling grant cycles by category,Oklahoma,,,,,,"Nonprofits, schools, local governments, tribal entities, and arts organizations",Implementation,Grant,arts; festivals; cultural programming; placemaking,Supports cultural events and creative placemaking in rural destinations.,Varies by grant category,Match varies by category,https://www.arts.ok.gov/Grants.html,2026-06-09,RERC-FND-0429
Funding,Community Development Block Grant Programs,Oklahoma Department of Commerce,Recurring,Annual Small Cities cycle,Oklahoma,,,,,,"Eligible non-entitlement cities, towns, and counties",Mixed,Grant,infrastructure; downtown; public facilities; economic development,Can fund basic infrastructure and public facilities behind rural tourism districts.,Varies by category and NOFO,Varies by activity,https://www.okcommerce.gov/community-development/local-governments-edos/community-development-block-grant-programs,2026-06-09,RERC-FND-0430
Funding,Building Resilient Infrastructure and Communities,Oklahoma Department of Emergency Management,Cycle closed,The listed state deadline was in June 2026; watch for a future BRIC round.,Oklahoma,,,,,,"Local governments, tribes, state agencies, and eligible subapplicants",Mixed,Grant,resilience; flood mitigation; infrastructure; hazard planning,Protects outdoor recreation assets and main streets from hazard losses.,Varies by FEMA allocation and subapplication,FEMA match rules vary,https://oklahoma.gov/oem/programs-and-services/mitigation/bric.html,2026-07-13,RERC-FND-0427
Funding,Clean Vessel Act Grants,Oklahoma Department of Environmental Quality,Open when checked,Periodic DEQ cycle,Oklahoma,,,,,,"Marinas, local governments, and eligible boating facility sponsors",Mixed,Grant,boating; marinas; water recreation; pumpout facilities,Improves boating infrastructure for lake and river recreation economies.,Up to 75% federal share; project-specific,25% match,https://oklahoma.gov/deq/divisions/ecls/clean-vessel-act-grant.html,2026-06-09,RERC-FND-0428
Funding,Transportation Alternatives Program,Oklahoma Department of Transportation,Recurring,Periodic ODOT call,Oklahoma,,,,,,Local governments and eligible transportation sponsors,Mixed,Grant,sidewalks; bike-ped; trails; safe routes; streetscape,Funds walkable trail and main-street access projects.,Varies by call,Usually 20% local match; verify packet,https://oklahoma.gov/odot/programs-and-projects/programs/local-government.html,2026-06-09,RERC-FND-0436
Funding,TSET Built Environment Grants,Oklahoma Tobacco Settlement Endowment Trust,Open when checked,Current grant page active; verify application window,Oklahoma,,,,,,Oklahoma communities and eligible local partners,Mixed,Grant,trails; sidewalks; parks; active transportation; wellness,Funds healthier outdoor places that also serve recreation tourists.,Varies by current NOFO,Varies,https://oklahoma.gov/tset/builtenvironment,2026-06-09,RERC-FND-0435
Funding,Land and Water Conservation Fund,Oklahoma Tourism and Recreation Department,Recurring,Annual or periodic OTRD cycle,Oklahoma,,,,,,Local governments and eligible public outdoor recreation sponsors,Mixed,Grant,parks; outdoor recreation; acquisition; development,Funds public parks and recreation facilities in small towns.,Varies by federal apportionment,50% match,https://otrd.travelok.com/land-and-water-conservation-fund,2026-06-09,RERC-FND-0431
Funding,Recreational Trails Program,Oklahoma Tourism and Recreation Department,Cycle closed,Annual cycle; 2026 cycle recently closed,Oklahoma,,,,,,Public agencies; nonprofits; tribal governments as allowed by guidelines,Mixed,Grant,trails; outdoor recreation; trailheads; maintenance,Builds trail assets that anchor rural recreation visits.,Varies by annual FHWA apportionment,Usually 20% non-federal match,https://otrd.travelok.com/recreational-trails-program,2026-06-09,RERC-FND-0432
Funding,Rural Economic Action Plan Grants,Oklahoma Water Resources Board,Recurring,Annual state fiscal-year cycle,Oklahoma,,,,,,"Rural cities, towns, schools, water districts, sewer districts",Mixed,Financing,water; wastewater; rural infrastructure; readiness,Supports utility capacity needed for visitor-serving rural communities.,Varies by regional council and state appropriation,Varies,https://oklahoma.gov/owrb/financing/rural-economic-action-plan-grants.html,2026-06-09,RERC-FND-0433
Funding,Rural Economic Action Plan via Regional COGs,Oklahoma regional Councils of Government,Recurring,"Annual cycles, commonly summer to early September",Oklahoma,,,,,,"Rural counties, towns, municipalities, public authorities, school districts, eligible districts",Mixed,Grant,"rural infrastructure, access roads, water, sewer, quality of life","Can fund enabling infrastructure for rural recreation nodes, gateways, trail access, and visitor-serving districts.","Varies by COG, no more than $150,000 for OWRB REAP water projects",No local match for many REAP tracks,https://www.acogok.org/reap,2026-06-09,RERC-FND-0434
Funding,Community Development Block Grant,Business Oregon,Recurring,Annual or rolling category cycles,Oregon,,,,,,Non-entitlement cities and counties,Mixed,Grant,infrastructure; public facilities; planning; rural services,Funds public infrastructure and facilities needed by visitor-serving communities.,Varies by category,Varies,https://www.oregon.gov/biz/programs/cdbg/pages/default.aspx,2026-06-09,RERC-FND-0439
Funding,2026 Business Energy Incentives,Energy Trust of Oregon,Open when checked,2026 incentives active,Oregon,,,,,,"Eligible utility customers, including businesses, farms, nonprofits, and public facilities",Mixed,Rebate,"energy efficiency, commercial buildings, agriculture, lodging, operations cost reduction","Lowers operating costs for rural visitor facilities, outfitters, food businesses, and recreation-serving buildings.",Varies by measure,Varies,https://blog.energytrust.org/2026-incentives-easier-ways-to-save-energy-and-money,2026-06-09,RERC-FND-0437
Funding,Thriving Entrepreneurs Grant Program,Oregon Community Foundation,Recurring,"Opens May 12, 2026, due June 16, 2026",Oregon,,,,,,"501c3 organizations, tribal entities, government entities, fiscal sponsors",Implementation,Grant,"entrepreneur support, rural business support, under-resourced sectors","Can support organizations helping rural outdoor, food, maker, lodging, and recreation-adjacent entrepreneurs.","2026 pool about $800,000, most grants not over $25,000",None stated,https://oregoncf.org/grants-and-scholarships/grants/thriving-entrepreneurs-grant-program,2026-06-09,RERC-FND-0447
Funding,Oregon Conservation and Recreation Fund,Oregon Department of Fish and Wildlife,Recurring,"2025-2026 applications due February 9, 2026",Oregon,,,,,,"Tribes, watershed councils, nonprofits, schools, governments, agencies",Mixed,Grant,"outdoor access, conservation, education, restoration, community engagement",Funds smaller conservation and outdoor access projects that strengthen rural recreation stewardship.,"2025-2026 pool about $400,000, max request $25,000",None stated,https://www.dfw.state.or.us/conservationstrategy/OCRF/grants.html,2026-06-09,RERC-FND-0443
Funding,Oregon Parks Foundation Fund,Oregon Parks Foundation Fund at Oregon Community Foundation,Recurring,"2026 window January 20 to March 6, 2026",Oregon,,,,,,Nonprofits and public agencies,Mixed,Grant,"parks, trails, interpretive signage, underserved access","Fits small rural park, trail, signage, and access projects often missed by larger state grant trackers.","Generally $1,000 to $5,000",None stated,https://oregoncf.org/grants-and-scholarships/grants/oregon-parks-foundation-fund,2026-06-09,RERC-FND-0445
Funding,Grant Funding,Oregon Parks and Recreation Department,Recurring,Check with the program,Oregon,,,,,,"Cities, counties, park districts, port districts, nonprofits, tribes, and state agencies in Oregon",Construction,Grant,Recreation; Energy/Climate,"Fund acquisition, development, improvement, and maintenance of public outdoor recreation areas including trails, sports fields, playgrounds, campgrounds, and park facilities.",Varies; ~$28M+ awarded annually,"Yes, 50%",https://www.oregon.gov/oprd/GRA/pages/GRA-overview.aspx,2026-06-09,RERC-FND-0440
Funding,Land and Water Conservation Fund,Oregon Parks and Recreation Department,Recurring,Annual or periodic OPRD cycle,Oregon,,,,,,Local governments and public outdoor recreation providers,Mixed,Grant,parks; outdoor recreation; acquisition; development,Builds public recreation assets that support destination communities.,Varies by federal apportionment,50% match,https://www.oregon.gov/oprd/gra/pages/gra-lwcf.aspx,2026-06-09,RERC-FND-0441
Funding,Oregon Heritage,Oregon Parks and Recreation Department,Recurring,Check with the program,Oregon,,,,,,"Local governments, nonprofits, tribes, and heritage organizations in Oregon",Construction,Grant,Recreation; Historic/Cultural; Energy/Climate,"Fund preservation, development, and interpretation of Oregon's historic, cultural, and natural heritage sites and programs.",See program,See program,https://www.oregon.gov/oprd/GRA/pages/GRA-overview.aspx,2026-06-09,RERC-FND-0444
Funding,Recreational Trails Program,Oregon Parks and Recreation Department,Recurring,Annual or periodic OPRD cycle,Oregon,,,,,,"Local governments, tribes, nonprofits, and eligible trail sponsors",Mixed,Grant,trails; trailheads; maintenance; motorized; nonmotorized,Funds trail networks that directly match rural recreation economy goals.,Varies; OPRD lists category limits in manual,20% match typical,https://www.oregon.gov/oprd/GRA/Pages/GRA-rtp.aspx,2026-06-09,RERC-FND-0446
Funding,OWEB Land Acquisition Grants,Oregon Watershed Enhancement Board,Recurring,Next offering scheduled for fall 2026,Oregon,,,,,,"Local governments, tribes, land trusts, Oregon higher education, political subdivisions",Acquisition,Grant,"land acquisition, conservation easements, habitat, watershed protection","Helps land trusts and local partners protect recreation landscapes, trail corridors, water access, and scenic assets.",Varies,Varies,https://www.oregon.gov/oweb/grants/pages/grant-programs.aspx,2026-06-09,RERC-FND-0442
Funding,2026 Competitive Grants Program,Travel Oregon,Open when checked,2026 LOI and invited full-application cycle,Oregon,,,,,,"Destination organizations, local governments, tribes, nonprofits, and eligible partners",Mixed,Grant,tourism; destination development; visitor infrastructure; stewardship,Funds destination-scale tourism projects and visitor-ready infrastructure.,Large awards; program information lists 2026 funding pool and project minimums,Match or leverage requirements per guidelines,https://industry.traveloregon.com/grants/competitive-grants-program/2026-competitive-grants-program,2026-06-09,RERC-FND-0438
Funding,Travel Oregon Grants,Travel Oregon,Recurring,Check with the program,Oregon,,,,,,"Tourism businesses, destinations, and nonprofit organizations in Oregon",Construction,Grant,Infrastructure; Recreation; Economic Development; Energy/Climate,"Support development of tourism infrastructure, destination marketing, and outdoor recreation product development to grow Oregon's visitor economy.",See program,See program,https://industry.traveloregon.com/grants,2026-06-09,RERC-FND-0448
Funding,"Greenways, Trails and Recreation Program",Commonwealth Financing Authority and DCED,Recurring,"Annual CFA window, often Feb 1 to May 31",Pennsylvania,,,,,,"Municipalities, councils of governments, nonprofits, and eligible authorities",Mixed,Financing,greenways; trails; parks; recreation facilities,Direct capital funding for trail and recreation projects.,"Up to $250,000",15% match,https://dced.pa.gov/programs/greenways-trails-and-recreation-program-gtrp,2026-06-09,RERC-FND-0453
Funding,"Greenways, Trails, and Recreation Program",PA DCED Commonwealth Financing Authority,Recurring,Annual CFA cycle,Pennsylvania,,,,,,"Businesses, municipalities, COGs, authorized organizations, higher ed, watershed organizations",Mixed,Financing,"greenways, trails, open space, parks, beautification",Distinct non-RTP trail and recreation source for public-facing rural recreation assets.,"Up to $250,000",15 percent of total project cost,https://dced.pa.gov/programs/greenways-trails-and-recreation-program-gtrp,2026-06-09,RERC-FND-0454
Funding,Local Share Account Statewide,PA DCED Commonwealth Financing Authority,Recurring,Periodic CFA cycle,Pennsylvania,,,,,,"Counties, municipalities, authorities, economic development agencies, redevelopment authorities, land banks, COGs",Mixed,Financing,"quality of life, community facilities, public interest projects","Flexible gaming-revenue source for visitor infrastructure, trailheads, parks, streetscape amenities, and community facilities.",Varies by project,None stated,https://dced.pa.gov/programs/local-share-account-lsa-statewide,2026-06-09,RERC-FND-0457
Funding,Great American Getaway Co-Op,PA Department of Community and Economic Development,Open when checked,Always open per PA grants listing,Pennsylvania,,,,,,Destination marketing organizations and tourism-related businesses partnering on experiences,Implementation,Grant,"outdoor travel, culinary travel, heritage travel, tourism packages","Helps rural partners package outdoor, culinary, and heritage experiences into marketable visitor itineraries.",Varies by co-op opportunity,Partner participation required,https://www.pa.gov/grants/search/grant-details/dced/48,2026-06-09,RERC-FND-0452
Funding,Neighborhood Assistance Program,PA Department of Community and Economic Development,Recurring,Annual state budget-supported cycle,Pennsylvania,,,,,,Nonprofits apply with business contributors,Construction,Tax Credit,"community revitalization, economic development, nonprofit partnerships","Leverages private money for corridor revitalization, placemaking, and nonprofit-led rural community development.",Businesses can receive up to 95 percent tax credits for approved contributions,Private contribution required,https://dced.pa.gov/housing-and-development/community-services/neighborhood-assistance-program-business-contributor,2026-06-09,RERC-FND-0460
Funding,PA Wilds Community Engagement Mini-Grants,PA Wilds Center for Entrepreneurship,Cycle closed,"2026 applications closed March 7, 2026",Pennsylvania,,,,,,Community organizations in the PA Wilds Conservation Landscape,Mixed,Grant,"outdoor recreation economy, nature tourism, creative placemaking, civic engagement","Directly targets rural outdoor recreation economy, visitor readiness, and community placemaking.","$5,000 to $15,000",None stated,https://www.pawildscenter.org/mini-grants,2026-06-09,RERC-FND-0461
Funding,PECO Green Region Open Space Program,PECO and Natural Lands,Recurring,"Recent cycle deadline October 31, 2025",Pennsylvania,,,,,,Municipalities in PECO region and Philadelphia nonprofits,Mixed,Grant,"open space, parks, trails, tree canopy, public access","Useful match or gap funding for trails, park upgrades, open space, and nature access projects.","Up to $10,000",None stated,https://www.natlands.org/resources/for-municipal-partners/peco-green-region,2026-06-09,RERC-FND-0462
Funding,Community Development Block Grant,Pennsylvania DCED,Recurring,Annual DCED cycle,Pennsylvania,,,,,,Entitlement and non-entitlement local governments by category,Mixed,Grant,infrastructure; public facilities; planning; downtown; housing,Funds public infrastructure and facilities for rural destination readiness.,Varies by competitive and entitlement categories,Varies,https://dced.pa.gov/programs/community-development-block-grant-cdbg,2026-06-09,RERC-FND-0451
Funding,Main Street Matters,Pennsylvania DCED,Recurring,Annual DCED round,Pennsylvania,,,,,,"Municipalities, redevelopment authorities, nonprofits, business districts, and eligible partners",Mixed,Grant,main street; downtown; façade; planning; revitalization,Strengthens downtown commercial cores that capture recreation spending.,Varies by subprogram,Match varies by activity,https://dced.pa.gov/programs/main-street-matters,2026-06-09,RERC-FND-0458
Funding,Marketing to Attract Tourists,Pennsylvania DCED,Recurring,Annual or special DCED tourism rounds,Pennsylvania,,,,,,Destination marketing organizations and eligible tourism partners,Implementation,Grant,tourism marketing; destination promotion; events,Helps rural destinations turn recreation assets into visitor demand.,Varies by appropriation and guidelines,Match varies,https://dced.pa.gov/programs/marketing-to-attract-tourists,2026-06-09,RERC-FND-0459
Funding,Community Conservation Partnerships Program,Pennsylvania DCNR,Recurring,Annual DCNR grant round,Pennsylvania,,,,,,"Municipalities, counties, nonprofits, land trusts, and eligible partners",Mixed,Grant,parks; trails; conservation; recreation planning; acquisition,"Primary Pennsylvania program for parks, trails, and conservation in rural towns.",Varies by category,Match varies; many development projects require 50%,https://www.pa.gov/agencies/dcnr/programs-and-services/grants/community-conservation-partnerships-program-grants,2026-06-09,RERC-FND-0450
Funding,Growing Greener Plus Grants,Pennsylvania DEP,Cycle closed,"The 2026 application period ended June 22, 2026.",Pennsylvania,,,,,,"Counties, municipalities, authorities, nonprofits, watershed groups, conservation districts",Mixed,Grant,watershed; stream restoration; abandoned mine; green infrastructure,"Protects rivers, streams, and landscapes used by outdoor recreation economies.",Varies by project and funding source,Match varies,https://www.pa.gov/services/dep/water/bwrnsm/apply-for-a-department-of-environmental-protection-growing-greener-plus-grant,2026-07-13,RERC-FND-0455
Funding,WalkWorks Active Transportation Grants,Pennsylvania Department of Health,Available,Periodic WalkWorks grant round,Pennsylvania,,,,,,"Municipalities, counties, MPOs, RPOs, and eligible planning partners",Planning,Grant,active transportation; bike-ped plans; safety; walkability,Helps towns plan safe walking and biking networks for residents and visitors.,Varies by annual round,None,https://www.pa.gov/agencies/health/programs/healthy-living/walkworks/grant-opportunities.html,2026-06-09,RERC-FND-0651
Funding,PennDOT Multimodal Transportation Fund,Pennsylvania Department of Transportation,Recurring,Annual PennDOT window; verify current FY round,Pennsylvania,,,,,,"Municipalities, councils of governments, businesses, nonprofits, economic development organizations",Construction,Grant,pedestrian; bicycle; road; bridge; transit; freight access,"Supports safer access to trail towns, downtowns, and visitor sites.",Varies by annual PennDOT round,Match requirements vary,https://www.pa.gov/agencies/penndot/programs-and-doing-business/multimodal-transportation.html,2026-06-09,RERC-FND-0463
Funding,Boating Facility Grant Program,Pennsylvania Fish and Boat Commission,Recurring,"Periodic call for projects, 2026 round announced",Pennsylvania,,,,,,"Public entities and 501c3 nonprofits including land trusts, conservancies, watershed groups",Mixed,Grant,"boat launches, water access, parking, restrooms, boating facilities",Supports public water access and river recreation infrastructure in rural communities.,Up to 50 percent of eligible project cost,50 percent,https://www.pa.gov/en/services/fishandboat/boating-facility-grant.html,2026-06-09,RERC-FND-0449
Funding,Keystone Historic Preservation Construction Grants,Pennsylvania Historical and Museum Commission,Recurring,Annual PHMC cycle,Pennsylvania,,,,,,Nonprofits and local governments owning or supporting historic resources,Construction,Grant,historic preservation; downtown buildings; heritage tourism,Restores historic assets that anchor rural heritage tourism.,"$5,000 to $100,000",50% cash match,https://www.pa.gov/services/phmc/apply-for-keystone-historic-preservation-construction-grants,2026-06-09,RERC-FND-0456
Funding,Inversion 360,Fundacion Angel Ramos,Recurring,Applications and referrals may be managed through the foundation system or allied organizations; confirm the current process.,Puerto Rico,,,,,,Puerto Rico nonprofit organizations and allied partner organizations that fit current foundation priorities.,Implementation,Grant,youth; family; environment; agriculture; arts; culture; entrepreneurship,"Supports organizations expanding quality opportunities for children, youth, families, arts, culture, environmental, agricultural, sports, and entrepreneurship work.",Foundation investment amounts vary by cycle and organization.,See program,https://www.fundacionangelramos.org/inversion360,2026-06-24,RERC-FND-0464
Funding,Puerto Rico CDBG-DR and CDBG-MIT Opportunities,Puerto Rico Department of Housing,Recurring,"Check the recovery portal for current programs, procurements, and subrecipient opportunities.",Puerto Rico,,,,,,"Eligible Puerto Rico subrecipients, NGOs, contractors, and project partners listed in current program materials.",Implementation,Grant,disaster recovery; mitigation; vulnerable communities; infrastructure; housing,"Supports disaster recovery, mitigation, vulnerable community projects, housing, infrastructure, and implementation partnerships in Puerto Rico.",Disaster recovery and mitigation program amounts vary by action plan and procurement.,See program,https://recuperacion.pr.gov/welcome/en/index.html,2026-06-24,RERC-FND-0465
Funding,Local Agriculture and Seafood Act Grants,RI Department of Environmental Management,Cycle closed,"2025-2026 applications closed December 5, 2025, agreements April 2026",Rhode Island,,,,,,"Farmers, individuals, businesses, nonprofits",Mixed,Grant,"local food, seafood, agritourism, marketing, farm viability","Supports farm, seafood, market, and food-tourism projects that complement rural recreation economies.","Up to $20,000",None stated,https://dem.ri.gov/agriculture/grants/lasa,2026-06-09,RERC-FND-0470
Funding,Outdoor Recreation Grants,Rhode Island Department of Environmental Management,Recurring,Periodic Green Space and recreation bond rounds,Rhode Island,,,,,,Municipalities,Mixed,Financing,parks; recreation; open space; playgrounds; trails,Core state funding for local parks and outdoor recreation facilities.,Varies by bond round; recent awards totaled millions statewide,Match required; verify round guidance,https://dem.ri.gov/natural-resources-bureau/planning-development/grant-opportunities,2026-06-09,RERC-FND-0471
Funding,Brownfields Revolving Loan Fund,Rhode Island Infrastructure Bank,Open when checked,Rolling or periodic RIIB program intake,Rhode Island,,,,,,"Municipalities, nonprofits, and private borrowers with eligible sites",Mixed,Loan,brownfields; cleanup; redevelopment; waterfront reuse,Supports reuse of underutilized sites for recreation-oriented development.,Project-specific loans and subgrants when available,Varies,https://www.riib.org/solutions/programs/brownfields-revolving-loan-fund,2026-06-09,RERC-FND-0467
Funding,Commercial Property Assessed Clean Energy,Rhode Island Infrastructure Bank,Open when checked,Rolling,Rhode Island,,,,,,Commercial and industrial property owners in participating municipalities,Mixed,Financing,"energy efficiency, renewable energy, water conservation, EV charging, hazard remediation","Useful for visitor-serving buildings, adaptive reuse, marinas, farms, and lodging projects needing long-term retrofit finance.","Up to 100 percent of eligible hard and soft costs, terms up to 25 years",See program,https://www.riib.org/solutions/programs/commercial-property-assessed-clean-energy,2026-06-09,RERC-FND-0469
Funding,Municipal Resilience Program Action Grants,Rhode Island Infrastructure Bank and The Nature Conservancy,Available,Annual MRP workshop and action-grant cycle,Rhode Island,,,,,,Municipalities,Mixed,Grant,resilience; waterfronts; green infrastructure; stormwater; parks,"Protects coastal, riverfront, and park assets used by recreation visitors.",Varies by annual action grant round,None,https://www.riib.org/solutions/programs/municipal-resilience-program,2026-06-09,RERC-FND-0652
Funding,RISCA Project Grants for Organizations,Rhode Island State Council on the Arts,Recurring,Annual RISCA grant cycles,Rhode Island,,,,,,"Rhode Island nonprofits, municipalities, schools, and arts organizations by category",Implementation,Grant,arts programming; festivals; cultural tourism; placemaking,Supports events and cultural programming that complement recreation tourism.,Varies by annual grant category,Match may apply,https://arts.ri.gov/grants,2026-06-09,RERC-FND-0472
Funding,State Cultural Facilities Grant Program,Rhode Island State Council on the Arts,Recurring,Bond-funded RISCA rounds,Rhode Island,,,,,,Nonprofit cultural organizations and eligible facility owners,Construction,Financing,cultural facilities; theaters; museums; heritage tourism,Strengthens cultural venues that draw visitors to small communities.,Varies; recent bond-funded awards announced,Match required,https://arts.ri.gov/press-releases/ri-state-council-arts-announces-recipients-voter-approved-bond-measure,2026-06-09,RERC-FND-0473
Funding,1772 Foundation Historic Preservation Matching Grants,The 1772 Foundation and Preserve Rhode Island,Recurring,"2026 grants awarded April 2026, check back October 2026 for 2027 round",Rhode Island,,,,,,501c3 nonprofits owning or long-term leasing historic properties,Construction,Grant,"historic preservation, heritage sites, building exterior repair",Helps small heritage attractions and historic community anchors improve visitor-ready facilities.,"Up to $10,000",1 to 1 match,https://www.1772foundation.org/rhode-island,2026-06-09,RERC-FND-0466
Funding,Capital Grants,The Champlin Foundation,Cycle closed,"The 2026 capital grant portal closed July 1, 2026.",Rhode Island,,,,,,Rhode Island nonprofit organizations,Construction,Grant,"nonprofit facilities, camps, recreation, historic assets, equipment","Strong capital source for recreation nonprofits, camps, visitor-serving historic sites, and community facilities.",Varies,None stated,https://champlinfoundation.org/apply,2026-07-13,RERC-FND-0468
Funding,Community Connectors Grants,Smart Growth America,Cycle closed,The 2025 application round closed; the 2025-2026 cohort is underway and no new deadline is posted,Nationwide,,,,,,Small and mid-sized U.S. communities led by a local government and community partner; review the next round's rules,Planning and implementation,Grant and Technical Assistance,Infrastructure; Recreation,Helps selected communities plan quick-build projects that repair divisive or dangerous transportation infrastructure.,See program,See program,https://www.smartgrowthamerica.org/services/grants/overview/,2026-08-05,RERC-FND-0474
Funding,Toshiba America Foundation Grants,Toshiba America Foundation,Recurring,K-5 applications are due October 1; grades 6-12 deadlines vary by request size and recur during the year,Nationwide,,,,,,K-12 teachers in public and private schools across the United States,Planning and implementation,Grant,STEM education; schools; project-based learning; outdoor learning,"Funds teacher-designed, project-based STEM learning in K-12 classrooms.","K-5 grants up to $1,000; grades 6-12 grants may be up to or above $5,000",None stated,https://toshiba.com/taf/,2026-08-05,RERC-FND-0475
Funding,Five Star and Urban Waters Restoration Grant Program,National Fish and Wildlife Foundation,Cycle closed,"The 2026 proposal deadline was June 4, 2026; the round is closed",Nationwide; Puerto Rico; U.S. Virgin Islands,,,,,,"Non-profit 501(c) organizations, state government agencies, local governments, municipal governments, Tribal Governments and Organizations and educational institutions",Planning and implementation,Grant,Infrastructure; Planning; Conservation; Energy/Climate,"Supports local partnerships that restore habitat, improve water quality, build community stewardship, and expand access to nature.","$30,000 to $150,000","Yes, 75%",https://www.nfwf.org/programs/five-star-program,2026-08-05,RERC-FND-0476
Funding,Beaufort County Local Accommodations and Hospitality Tax Grants,Beaufort County,Open when checked,"Applications available March 1, 2026",South Carolina,,,,,,Eligible tourism-related organizations and project sponsors,Mixed,Grant,"tourism-related projects, events, destination assets","Local lodging and hospitality tax grants can support trails, events, visitor amenities, and recreation-linked tourism projects.",Varies,None stated,https://www.beaufortcountysc.gov/grants/index.html,2026-06-09,RERC-FND-0479
Funding,Community Grants,Community Foundation for the CSRA,Recurring,Annual community grant cycle,South Carolina,,,,,,501c3 organizations serving eligible counties,Mixed,Grant,"community vitality, nonprofit programs, local quality of life","Local community foundation support can fill small gaps for recreation-adjacent amenities, events, and nonprofit capacity.",Varies,None stated,https://www.cfcsra.org/nonprofits/grant-opportunities/community-grants/2027-community-grants,2026-06-09,RERC-FND-0481
Funding,Duke Energy Foundation Grants,Duke Energy Foundation,Recurring,Cycle varies by focus area and portal,South Carolina,,,,,,501c3 nonprofits and eligible community partners,Mixed,Grant,"workforce, community vitality, nature, resiliency","Potential match for outdoor workforce, conservation education, trail stewardship, and recreation-community partnerships.",Varies,None stated,https://foundation.duke-energy.com/grants,2026-06-09,RERC-FND-0485
Funding,Arts Industry Operating Support,South Carolina Arts Commission,Recurring,Annual SCAC deadline,South Carolina,,,,,,South Carolina arts nonprofits and eligible organizations,Mixed,Grant,arts organizations; cultural programming; operations; tourism,Stabilizes arts groups that produce visitor-facing cultural activity.,Up to current program cap; recent page lists award limits,Match varies by applicant budget and guidelines,https://www.southcarolinaarts.com/grant/aios,2026-06-09,RERC-FND-0477
Funding,Folklife and Traditional Arts Projects Grants,South Carolina Arts Commission,Recurring,Check with the program,South Carolina,,,,,,Individual artists and organizations in South Carolina engaged in folk and traditional arts,Mixed,Grant,Historic/Cultural,"Support traditional arts practices including quilting, pottery, folk music, dance, oral literature, and other culturally rooted art forms passed down through generations.",Up to $3.5K (Year 1); up to $5K (Years 2-3),"Yes (Years 2-3, 1:1)",https://www.southcarolinaarts.com/grants,2026-06-09,RERC-FND-0488
Funding,Conservation Bank Grants,South Carolina Conservation Bank,Open when checked,Annual application deadline listed by bank,South Carolina,,,,,,"Land trusts, local governments, state agencies, and eligible conservation entities",Acquisition,Grant,land conservation; public access; trails; working lands; habitat,Protects scenic and natural assets that drive outdoor recreation visitation.,Varies by appraised value and board award,Match or leverage strongly expected; verify guidelines,https://www.sccbank.sc.gov/land-trusts,2026-06-09,RERC-FND-0482
Funding,South Carolina Conservation Bank,South Carolina Conservation Bank,Recurring,Check with the program,South Carolina,,,,,,"Government agencies, land trusts, and eligible nonprofits working with willing landowners in South Carolina",Construction,Grant,Recreation; Conservation; Historic/Cultural,"Fund conservation easements and fee-simple acquisitions of natural areas, farmlands, forestlands, historic sites, and urban parks across South Carolina.",See program,See program,https://www.sccbank.sc.gov/,2026-06-09,RERC-FND-0493
Funding,Federal Historic Preservation Grants and CLG Grants,South Carolina Department of Archives and History,Recurring,Annual SCDAH federal grant cycle,South Carolina,,,,,,Certified Local Governments and eligible preservation partners,Mixed,Grant,historic surveys; planning; preservation; CLG projects,Helps small towns document and improve heritage assets for visitors.,Varies by annual federal allocation,50% match typical,https://scdah.sc.gov/node/316,2026-06-09,RERC-FND-0487
Funding,State Historic Preservation Grants,South Carolina Department of Archives and History,Recurring,Annual state grant cycle,South Carolina,,,,,,"Local governments, nonprofits, and eligible historic property stewards",Mixed,Grant,historic preservation; downtown; heritage tourism; stabilization,Preserves historic assets that support rural heritage tourism.,Varies by annual appropriation,50% match typical,https://scdah.sc.gov/historic-preservation/programs/grants/state-grants,2026-06-09,RERC-FND-0494
Funding,Community Development Block Grant,South Carolina Department of Commerce,Recurring,Annual and semiannual Commerce cycles,South Carolina,,,,,,Non-entitlement local governments,Mixed,Grant,downtown; streetscape; infrastructure; public facilities; neighborhood revitalization,Can fund downtown and infrastructure improvements in small communities.,Varies by category and annual allocation,Varies,https://www.sccommerce.com/news/more-12m-awarded-improve-communities-across-sc,2026-06-09,RERC-FND-0480
Funding,Diesel Emissions Reduction Grants,South Carolina Department of Environmental Services,Open when checked,Current application deadline listed by SCDES,South Carolina,,,,,,"Local governments, nonprofits, private fleets, schools, and eligible entities",Mixed,Grant,clean fleets; shuttles; equipment; air quality; visitor transport,"Can clean up shuttle, marina, park, and visitor-serving fleet equipment.",Current round lists available funding; project-specific,Match varies by equipment type,https://des.sc.gov/news/scdes-now-accepting-applications-projects-aimed-reducing-diesel-emissions,2026-06-09,RERC-FND-0484
Funding,Destination Specific Tourism Marketing Grant,"South Carolina Department of Parks, Recreation, and Tourism",Recurring,Check with the program,South Carolina,,,,,,Nonprofit tourism marketing organizations in designated South Carolina destination areas,Planning,Grant,Recreation; Economic Development; Planning,Provide funding for destination-specific tourism marketing campaigns to drive visitation and economic impact in South Carolina communities.,See program,See program,https://www.scprt.com/recreation/recreation-grant-programs,2026-06-09,RERC-FND-0483
Funding,Emerging Destination Marketing Grant Program,"South Carolina Department of Parks, Recreation, and Tourism",Recurring,Check with the program,South Carolina,,,,,,Federal nonprofit 501(c) organizations charged with marketing tourism for cities or unincorporated counties in SC with specific accommodations tax thresholds,Mixed,Grant,Recreation; Economic Development; Energy/Climate,Help emerging tourism destinations in South Carolina leverage local private funds for advertising activities that generate new visitation.,$100K-$200K,"Yes, 2:1 (private match)",https://www.scprt.com/recreation/recreation-grant-programs,2026-06-09,RERC-FND-0486
Funding,Land and Water Conservation Fund,"South Carolina Department of Parks, Recreation, and Tourism",Recurring,Check with the program,South Carolina,,,,,,State agencies and local governments in South Carolina,Construction,Grant,Infrastructure; Recreation; Economic Development; Conservation; Energy/Climate,Provide matching grants for acquisition or development of outdoor recreation areas and facilities to be maintained in perpetuity for public use.,$50K-$1M,"Yes, 50%",https://www.scprt.com/recreation/recreation-grant-programs,2026-06-09,RERC-FND-0489
Funding,Outdoor Recreation Grant Program,"South Carolina Department of Parks, Recreation, and Tourism",Recurring,Check with the program,South Carolina,,,,,,Local and state government entities,Construction,Grant,Recreation; Economic Development; Energy/Climate,Acquire or develop outdoor recreation areas and facilities.,$50K-$500K,"Yes, 50%",https://www.scprt.com/recreation/recreation-grant-programs,2026-06-09,RERC-FND-0490
Funding,Park and Recreation Development Fund,"South Carolina Department of Parks, Recreation, and Tourism",Recurring,Check with the program,South Carolina,,,,,,Local governments and special purpose district entities providing recreational opportunities within each county,Construction,Grant,Recreation; Economic Development; Energy/Climate,Development of new public recreation facilities or enhancement/renovation of existing facilities.,See program,"Yes, 20%",https://www.scprt.com/recreation/recreation-grant-programs,2026-06-09,RERC-FND-0491
Funding,Recreational Trails Program,"South Carolina Department of Parks, Recreation, and Tourism",Recurring,Check with the program,South Carolina,,,,,,"State, federal, and local government agencies and qualified private organizations",Mixed,Grant,Recreation; Economic Development,Provide and maintain recreational trails for motorized and nonmotorized use.,Up to $250K,See program,https://www.fhwa.dot.gov/environment/recreational_trails,2026-06-09,RERC-FND-0492
Funding,Tourism Advertising Grant Program,"South Carolina Department of Parks, Recreation, and Tourism",Recurring,Check with the program,South Carolina,,,,,,501(c) tourism organizations and local government branches with tourism marketing programs,Mixed,Grant,Recreation; Economic Development,Expand economic benefits of tourism by providing matching funds for direct tourism advertising expenditures.,Up to $6K,"Yes, 1:1 or 2:1",https://www.scprt.com/recreation/recreation-grant-programs,2026-06-09,RERC-FND-0495
Funding,Undiscovered SC Grant Program,"South Carolina Department of Parks, Recreation, and Tourism",Recurring,Check with the program,South Carolina,,,,,,County or municipal governments with accommodations tax distributions of $1M or less,Construction,Grant,Recreation; Economic Development; Energy/Climate,Assist communities with development of publicly owned tourism products and attractions to encourage visitation.,See program,See program,https://www.scprt.com/recreation/recreation-grant-programs,2026-06-09,RERC-FND-0497
Funding,Transportation Alternatives Program,South Carolina Department of Transportation,Recurring,Annual SCDOT TAP round,South Carolina,,,,,,Local governments and eligible transportation sponsors,Mixed,Grant,sidewalks; bike-ped; trails; safe routes; streetscape,Funds safe walking and biking access to recreation and downtown districts.,Varies by annual call,Usually 20% local match,https://www.scdot.org/projects/community-transportation-alternatives.html,2026-06-09,RERC-FND-0496
Funding,Basic and Economic Infrastructure Grants,South Carolina Rural Infrastructure Authority,Recurring,"FY26 deadlines included September 15, 2025 and March 23, 2026",South Carolina,,,,,,Local governments and eligible public water or sewer applicants,Construction,Grant,"water, wastewater, stormwater, economic infrastructure","Funds enabling infrastructure for rural visitor districts, trail towns, parks, and outdoor business sites.",Varies,Varies,https://ria.sc.gov/grants/how-to-apply,2026-06-09,RERC-FND-0478
Funding,Heartland Energy Economic Development Grants,Heartland Energy,Open when checked,"first-come, first-served",South Dakota,,,,,,cities served by Heartland Energy and their economic development corporations,Implementation,Grant,economic development; community wellbeing; business growth,Under-tracked utility funding for local projects that improve economic prosperity and quality of life in small communities.,Not stated,Not stated,https://heartlandenergy.com/for-your-community/economic-development-grants,2026-06-09,RERC-FND-0501
Funding,Arts Council Grants,South Dakota Arts Council,Recurring,FY27 grants generally due Mar 1 2026,South Dakota,,,,,,Nonprofits; local governments; schools; tribes; artists,Mixed,Grant,arts; culture; heritage tourism; events,Supports cultural events and creative placemaking in recreation gateway towns.,Varies by grant line,Match varies by grant line,https://artscouncil.sd.gov/grants,2026-06-09,RERC-FND-0498
Funding,Beyond Idea Grants,South Dakota Community Foundation with Bush Foundation,Open when checked,one 2026 round,South Dakota,,,,,,public nonprofits; verified fiscal sponsors,Mixed,Grant,community innovation; rural capacity; workforce; housing,"Funds testing and scaling of community solutions that can support recreation-economy workforce, housing, services, and local capacity.","$5,000-$100,000 per year",No required match,https://www.sdcommunityfoundation.org/grants/beyond-idea-grants,2026-06-09,RERC-FND-0499
Funding,Bush Prize: South Dakota,South Dakota Community Foundation with Bush Foundation,Recurring,annual; 2026 finalist review July-August,South Dakota,,,,,,501(c)(3) public charities; government entities; fiscal sponsors,Mixed,Grant,community innovation; nonprofit capacity; leadership,"Flexible support can strengthen high-performing rural or tribal organizations that anchor recreation, tourism, and community readiness.","two $250,000 awards in 2026 cycle",No stated match,https://www.sdcommunityfoundation.org/grants/bush-prize-south-dakota,2026-06-09,RERC-FND-0500
Funding,Specialty Crop Block Grant Program,South Dakota Department of Agriculture and Natural Resources,Recurring,2026 RFP posted; confirm deadline in RFP,South Dakota,,,,,,Producers; nonprofits; universities; agencies; industry groups,Mixed,Grant,local food; agritourism; farm markets,Supports farm-market and local-food assets that pair with rural tourism routes.,Varies,Match not clearly stated on landing page,https://danr.sd.gov/Conservation/SpecialtyCropBlockGrant/default.aspx,2026-06-09,RERC-FND-0506
Funding,Transportation Economic Development Grants: Community Access,South Dakota Department of Transportation,Open when checked,Community Access applications due Jul 15 annually,South Dakota,,,,,,Local governments,Construction,Grant,road access; visitor access; economic development,Improves access to downtowns; trailheads; attractions; recreation businesses.,"Up to $600,000 for Community Access",20 percent plus engineering and utilities,https://dot.sd.gov/doing-business/local-governments/transportation-economic-development-grants,2026-06-09,RERC-FND-0507
Funding,Land and Water Conservation Fund,South Dakota Game Fish and Parks,Recurring,2026 applications due Apr 30 2026,South Dakota,,,,,,City; county; township; tribal governments,Mixed,Grant,parks; outdoor recreation; public access,Builds local parks and outdoor assets in small recreation destinations.,Up to 50 percent reimbursement,50 percent local match,https://gfp.sd.gov/partnerships,2026-06-09,RERC-FND-0502
Funding,Recreational Trails Program,South Dakota Game Fish and Parks,Recurring,2026 applications due Apr 10 2026,South Dakota,,,,,,Local governments; agencies; trail groups; nonprofits,Mixed,Grant,trails; outdoor recreation; motorized; nonmotorized,Funds trail systems that anchor rural recreation economies.,Varies,Federal reimbursement; match required,https://gfp.sd.gov/partnerships,2026-06-09,RERC-FND-0505
Funding,Local Infrastructure Improvement Program,South Dakota Governor's Office of Economic Development,Recurring,quarterly: Jan. 31; Apr. 30; Jul. 31; Oct. 3,South Dakota,,,,,,local development corporations; tribal governments; political subdivisions,Implementation,Grant,economic development infrastructure; public facilities; site access,"Can fund infrastructure tied to outdoor businesses, recreation-adjacent commercial districts, and gateway-community economic projects.","up to $500,000",1:1 match,https://sdgoed.com/public-records/local-infrastructure-improvement-program,2026-06-09,RERC-FND-0503
Funding,REDI Fund,South Dakota Governor's Office of Economic Development,Open when checked,Ongoing,South Dakota,,,,,,Businesses; local economic development corporations,Mixed,Loan,business expansion; tourism business; infrastructure,Helps lodging; outfitter; food; retail; and recreation-support businesses expand.,Up to 45 percent of project cost,10 percent equity normally required,https://sdgoed.com/public-records/revolving-economic-development-initiative,2026-06-09,RERC-FND-0504
Funding,Community Impact Grants,Community Foundation of West Tennessee,Cycle closed,"The 2026-2027 cycle closed March 31, 2026; the foundation says the next cycle will open in early 2027",Tennessee,,,,,,501(c)(3) organizations active at least 3 years and active foundation funds serving eligible West Tennessee counties,Mixed,Grant,nonprofit projects; community impact; local opportunity,Supports eligible nonprofit projects that directly benefit residents of the foundation's 20-county West Tennessee service area.,Varies,Reimbursement-based awards,https://www.cfwtn.org/,2026-08-05,RERC-FND-0509
Funding,Agricultural Enterprise Fund,Tennessee Department of Agriculture with TNECD,Open when checked,current online application portal; verify cycle deadline in portal,Tennessee,,,,,,eligible agricultural enterprises with business plan and proof of financing,Mixed,Financing,agribusiness; value-added agriculture; rural enterprise,"Supports farm, food, and forest enterprises that can anchor agritourism, trail-town supply chains, and rural visitor services.","up to $499,999 for projects under $1M; up to $1M for larger projects",grant cannot exceed 25% of project budget,https://agriculturecloud.tn.gov/AEF,2026-06-09,RERC-FND-0508
Funding,Tourism Enhancement Grant,Tennessee Department of Tourist Development,Recurring,Round 8 reimbursement request due Jun 30 2026,Tennessee,,,,,,Local governments; nonprofits; quasi-government tourism entities,Construction,Grant,tourism assets; attractions; visitor experience,Funds physical tourism enhancements useful to small recreation destinations.,Amount varies; verify round guidance,Match varies by round,https://industry.tnvacation.com/sites/industry/files/component/pod/TEG_Round8_Overview_0.pdf,2026-06-09,RERC-FND-0510
Funding,Tourism Marketing Grant,Tennessee Department of Tourist Development,Cycle closed,Applications closed until Jul 2026,Tennessee,,,,,,Official tourism organizations; DMOs; local tourism entities,Implementation,Grant,tourism marketing; destination promotion,Helps rural recreation communities market trails; waterways; parks; heritage sites.,$1.5 million program budget,50 percent match; reduced match for distressed and at-risk counties,https://industry.tnvacation.com/industryresourcestourism-grants-and-scholarships/marketing-grant,2026-06-09,RERC-FND-0511
Funding,Power Up Community Grants,GVEC,Open when checked,"next deadline Aug. 17, 2026",Texas,,,,,,nonprofits and community organizations in GVEC service area,Implementation,Grant,parks; historic landmarks; shared community spaces; equipment,"Proven utility-funded source for parks, historic landmarks, and shared public spaces in small communities.","varies; recent cycle awarded over $208,000 across 13 grants",Not stated,https://www.gvec.org/power-grants-feb26,2026-06-09,RERC-FND-0517
Funding,Community Grants Program,Lower Colorado River Authority,Open when checked,"standing $100,000 grants begin July 2026",Texas,,,,,,eligible community organizations in LCRA service area,Implementation,Grant,community facilities; parks; public safety; civic infrastructure,"Funds local parks, civic facilities, and river-region amenities that support recreation communities.","up to $100,000; two cycles per year",Not stated,https://www.lcra.org/news/news-releases/lcra-now-offers-grants-of-up-to-100000-twice-a-year,2026-06-09,RERC-FND-0513
Funding,Event Trust Funds,Office of the Governor Economic Development and Tourism,Open when checked,Rolling by event deadline,Texas,,,,,,Local governments; endorsing municipalities or counties; eligible event organizers,Mixed,Rebate,tourism events; visitor spending; sports; festivals,Helps rural destinations attract festivals; races; tournaments; outdoor events.,Event-specific; no fixed cap stated,Local contribution required; state match based on incremental tax estimate,https://gov.texas.gov/business/page/event-trust-funds-program,2026-06-09,RERC-FND-0515
Funding,Travel Texas Co-op Opportunities,Office of the Governor Economic Development and Tourism,Open when checked,FY26 media co-op enrollment through Jul 4 2026,Texas,,,,,,Texas travel industry partners; destinations; tourism businesses,Implementation,Grant,tourism marketing; destination promotion,Lets smaller recreation destinations buy into state-scale marketing channels.,Discounted co-op placements; grant amount not applicable,Partner buy-in required,https://gov.texas.gov/travel-texas/page/co-op-opportunities,2026-06-09,RERC-FND-0520
Funding,Community Grants,Pedernales Electric Cooperative,Recurring,fall 2026 application; awards January,Texas,,,,,,501(c)(3) and 501(c)(4) nonprofits,Implementation,Grant,capital improvements; energy efficiency; equipment,"Useful small capital source for trail nonprofits, visitor centers, parks groups, and community hubs in Hill Country communities.","up to $5,000",No stated match,https://mypec.com/community-grants,2026-06-09,RERC-FND-0512
Funding,TxCDBG Community Development Fund,Texas Department of Agriculture,Recurring,Next CDF cycle expected Dec 2026 for 2027-2028 funds,Texas,,,,,,Non-entitlement cities and counties,Construction,Grant,rural infrastructure; community facilities; economic development,Funds basic infrastructure that lets rural recreation destinations host visitors safely.,"Up to $750,000",Match required by scoring or category; verify application guide,https://texasagriculture.gov/Grants-Services/Rural-Economic-Development/-TxCDBG-Rural-Community-Development-Block-Grant/Fund-Categories-and-Applications,2026-06-09,RERC-FND-0521
Funding,TxCDBG Downtown Revitalization and Main Street Programs,Texas Department of Agriculture,Open when checked,Phase 2 due Jul 24 2026,Texas,,,,,,Incorporated municipalities; Main Street communities where applicable,Mixed,Grant,downtown; streetscape; accessibility; public space,Strengthens historic downtowns that serve as recreation gateway hubs.,"Up to $1,000,000",Match and scoring requirements vary,https://texasagriculture.gov/Grants-Services/Rural-Economic-Development/-TxCDBG-Rural-Community-Development-Block-Grant/Fund-Categories-and-Applications/Downtown-Revitalization,2026-06-09,RERC-FND-0522
Funding,TxCDBG State Urgent Need Fund,Texas Department of Agriculture,Open when checked,As needed after qualifying events,Texas,,,,,,Non-entitlement local governments with qualifying urgent need,Mixed,Grant,infrastructure resilience; emergency repair,Helps recreation towns restore access and utilities after floods; storms; fires.,"Up to $500,000; up to $1,000,000 for multi-jurisdiction projects",Match varies,https://texasagriculture.gov/Grants-Services/Rural-Economic-Development/-TxCDBG-Rural-Community-Development-Block-Grant/Fund-Categories-and-Applications,2026-06-09,RERC-FND-0523
Funding,Texas Preservation Trust Fund,Texas Historical Commission,Recurring,"FY2027 closed Feb. 2, 2026; FY2028 expected Dec. 2026",Texas,,,,,,sponsors of eligible historic properties or projects,Mixed,Grant,historic preservation; heritage tourism; planning; development,"Historic downtown and site preservation can strengthen heritage tourism, trail towns, and rural visitor districts.","Dallas earmark grants anticipated $10,000-$250,000; other awards vary",1:1 match,https://thc.texas.gov/preserve/grants-tax-credits-and-funding/texas-preservation-trust-fund,2026-06-09,RERC-FND-0519
Funding,Community Outdoor Outreach Program,Texas Parks and Wildlife Department,Recurring,annual TPWD recreation grant cycle,Texas,,,,,,nonprofits; schools; local governments; universities; eligible community sponsors,Mixed,Grant,outdoor access; conservation education; underserved communities,"Funds outdoor participation programs rather than standard park construction, making it useful for RERC access and stewardship goals.","up to $70,000; verify current packet",no match typically required; verify current packet,https://tpwd.texas.gov/business/grants/recreation-grants,2026-06-09,RERC-FND-0514
Funding,Local Parks Grants,Texas Parks and Wildlife Department,Open when checked,Applications open May 1 2026; due Aug 1 2026,Texas,,,,,,Local governments,Mixed,Grant,parks; recreation; trailheads; outdoor access,Builds rural park and recreation infrastructure that supports outdoor tourism.,"Non-urban Outdoor up to $750,000; Small Community up to $150,000",50 percent match,https://tpwd.texas.gov/business/grants/recreation-grants/about-local-parks-grants,2026-06-09,RERC-FND-0516
Funding,Recreational Trails Grants,Texas Parks and Wildlife Department,Recurring,Annual cycle; 2026 awards listed by TPWD,Texas,,,,,,Local governments; nonprofits; state/federal agencies,Mixed,Grant,trails; trailheads; motorized; nonmotorized,Directly funds trail assets for recreation economy communities.,"Up to $300,000 nonmotorized; up to $500,000 motorized",20 percent match generally required,https://tpwd.texas.gov/business/grants/recreation-grants/recreational-trails-grants,2026-06-09,RERC-FND-0518
Funding,CFVI Grant Opportunities,Community Foundation of the Virgin Islands,Recurring,CFVI posts available opportunities through its grant portal and interest forms.,U.S. Virgin Islands,,,,,,U.S. Virgin Islands nonprofits and community partners invited or eligible under each posted opportunity.,Capacity Building,Grant,community needs; nonprofits; capacity; resilience; local solutions,"Supports local solutions, nonprofit capacity, community needs, and territory-wide impact through CFVI grant programs.",Varies by posted opportunity.,See program,https://cfvi.net/Grant-Opportunities,2026-06-24,RERC-FND-0524
Funding,Humanities Council of the Virgin Islands Grants,Community Foundation of the Virgin Islands,Recurring,Check HCVI and CFVI grant opportunity pages for current grant windows.,U.S. Virgin Islands,,,,,,U.S. Virgin Islands organizations and humanities partners listed by each grant opportunity.,Implementation,Grant,humanities; culture; public history; storytelling; community engagement,"Supports humanities, culture, public history, storytelling, community engagement, and preservation projects in the U.S. Virgin Islands.",Award amounts vary by humanities grant opportunity.,See program,https://cfvi.net/HCVI,2026-06-24,RERC-FND-0526
Funding,Judith A. Towle Environmental Studies Fund,Community Foundation of the Virgin Islands,Recurring,Applications generally open in the fall each year; check CFVI for the current cycle.,U.S. Virgin Islands,,,,,,Organizations and projects addressing environmental concerns in the insular Caribbean as listed by CFVI.,Implementation,Grant,environment; conservation; education; insular Caribbean; stewardship,"Provides annual grants for environmental concerns in the insular Caribbean, including conservation, education, research, and citizen science projects.",Award amounts vary by annual fund cycle.,See program,https://cfvi.net/Grant-Opportunities,2026-06-24,RERC-FND-0527
Funding,Urban and Community Forestry Program,Community Foundation of the Virgin Islands and Virgin Islands Department of Agriculture,Recurring,The listed 2026 round was April 1 to June 1; check CFVI for the next cycle.,U.S. Virgin Islands,,,,,,"U.S. Virgin Islands local governments, nonprofits, schools, institutions, neighborhood groups, and eligible partners listed by the program.",Implementation,Grant,community forestry; tree planting; food forests; urban canopy; green space,"Supports tree planting, food forests, community forestry, urban canopy, public green space, workforce, and environmental resilience in the U.S. Virgin Islands.","Recent posted opportunities included $50,000 and $92,500 grant tracks; check current cycle.",See program,https://cfvi.net/Urban-and-Community-Forestry-Program,2026-06-24,RERC-FND-0532
Funding,USVIEDA Development Loan Program,U.S. Virgin Islands Economic Development Authority,Recurring,Applications appear to be accepted through USVIEDA program forms; confirm current requirements before applying.,U.S. Virgin Islands,,,,,,Qualified U.S. Virgin Islands residents and businesses that meet program requirements.,Implementation,Loan,business financing; entrepreneurship; local business; job creation,Provides business financing for eligible U.S. Virgin Islands businesses and entrepreneurs.,"$10,000 to $500,000 secured loans.",See program,https://usvieda.org/financing,2026-06-24,RERC-FND-0528
Funding,USVIEDA Farmers and Fishermen Loan Program,U.S. Virgin Islands Economic Development Authority,Recurring,Applications appear to be accepted through USVIEDA program forms; confirm current requirements before applying.,U.S. Virgin Islands,,,,,,Commercial farmers and fishermen that meet USVIEDA requirements.,Implementation,Loan,farmers; fishermen; working waterfront; agribusiness; local food,"Supports commercial farming and fishing businesses that can strengthen local food, working waterfront, and recreation economy supply chains.","Up to $50,000 in loans.",See program,https://usvieda.org/financing,2026-06-24,RERC-FND-0529
Funding,USVIEDA Micro-Credit Loan Program,U.S. Virgin Islands Economic Development Authority,Recurring,Applications appear to be accepted through USVIEDA program forms; confirm current requirements before applying.,U.S. Virgin Islands,,,,,,Qualified U.S. Virgin Islands residents and businesses that meet program requirements.,Implementation,Loan,microloan; small business; startup; working capital,Offers smaller business loans for start-ups and operating businesses in the U.S. Virgin Islands.,"$1,000 to $50,000 secured loans.",See program,https://usvieda.org/financing,2026-06-24,RERC-FND-0530
Funding,USVIEDA State Small Business Credit Initiative,U.S. Virgin Islands Economic Development Authority,Recurring,Confirm current participating lender and program requirements with USVIEDA; confirm current requirements before applying.,U.S. Virgin Islands,,,,,,Eligible U.S. Virgin Islands small businesses and participating lenders.,Implementation,Financing,SSBCI; small business; credit support; loan guarantee; working capital,"Supports small business lending, collateral support, loan participation, guarantees, and bond support for business growth.",Credit support may cover up to 80 percent depending on the SSBCI product.,See program,https://usvieda.org/financing,2026-06-24,RERC-FND-0531
Funding,Community Electrical Innovation Program,Virgin Islands Energy Office,Open when checked,Program operates from June 2025 through June 2029; confirm current intake requirements with VIEO.,U.S. Virgin Islands,,,,,,Community-based organizations serving low- to moderate-income people and vulnerable populations in the U.S. Virgin Islands.,Implementation,Grant,solar; battery storage; resilience; community facilities; vulnerable populations,Funds solar and battery microgrids that strengthen community facility resilience and reduce outage impacts.,"$10,000,000 program for solar and battery microgrids.",See program,https://energy.vi.gov/vieo-opens-application-window-for-10-million-community-electrical-innovation-program-to-strengthen-energy-resilience-in-the-usvi,2026-06-24,RERC-FND-0525
Funding,VI Battery Energy Storage Program,Virgin Islands Energy Office,Open when checked,Applications are accepted through the VIBES application link while funding remains available.,U.S. Virgin Islands,,,,,,"Eligible U.S. Virgin Islands residents, small businesses, and nonprofits with active WAPA service and qualifying systems.",Implementation,Rebate,battery storage; resilience; rebate; small business; nonprofits,"Provides battery backup rebates that help homes, small businesses, and nonprofits stay operational during outages.","Up to $6,000 rebate for approved battery purchase.",See program,https://energy.vi.gov/vibes,2026-06-24,RERC-FND-0533
Funding,Continuum of Care,HUD,Available,Available online,United States,,,,,,"nonprofit, states, indian tribes, and local governments",Planning,Grant,Planning; Housing,"Helps communities coordinate housing and services to prevent and end homelessness, rehouse people quickly, connect households with mainstream programs, and support long-term stability.","$2,500 to $25,000,000",None,https://www.hud.gov/program_offices/comm_planning/coc,2026-06-09,RERC-FND-0653
Funding,Native American Library Services Enhancement Grants,Institute of Museum and Library Services,Recurring,Check with the program,United States,,,,,,Federally recognized native communities that offer library and/or archival services to the community,Mixed,Grant,Historic/Cultural,To assist eligible Native Communities in sustaining and improving library services with their communities.,"$50,000 to $150,000",No,https://www.imls.gov/grants/available/native-american-library-services-enhancement-grants,2026-06-09,RERC-FND-0538
Funding,Challenge America,National Endowments for the Arts,Recurring,Check with the program,United States,,,,,,"Nonprofit, tax-exempt 501(c)(3), U.S. organizations; Units of state or local government; or Federally recognized tribal communities or tribes.",Mixed,Grant,Historic/Cultural,Supports arts projects from small organizations that extend the reach of the arts to underserved groups/communities.,10000.0,See program,https://www.arts.gov/grants/challenge-america,2026-06-09,RERC-FND-0535
Funding,Our Town,National Endowments for the Arts,Recurring,Check with the program,United States,,,,,,"Nonprofit, tax-exempt 501(c)(3), U.S. organizations; Units of state or local government; or Federally recognized tribal communities or tribes.",Planning,Grant,Economic Development; Planning; Historic/Cultural,"Support creative placemaking projects that integrate arts, culture, and design in efforts to advance local economic, physical, and other community-desired outcomes.","$10,000 to $100,000","Yes, 50%",https://www.arts.gov/grants/our-town,2026-06-09,RERC-FND-0539
Funding,Recreational Trails Program,U.S. Department of Transportation Federal Highway Administration,Recurring,Check with the program,United States,,,,,,States,Construction,Grant,Infrastructure; Recreation; Energy/Climate,To the States to develop and maintain recreational trails and trail-related facilities for both nonmotorized and motorized recreational trail uses.,See program,See program,https://www.fhwa.dot.gov/environment/recreational_trails,2026-06-09,RERC-FND-0540
Funding,Transportation Alternatives Set-Aside,U.S. Department of Transportation Federal Highway Administration,Recurring,Check with the program,United States,,,,,,States and regional transportation planning agencies,Planning,Grant,Infrastructure; Recreation; Planning; Conservation; Historic/Cultural; Energy/Climate,"Supports smaller transportation projects such as walking and biking facilities, recreational trails, safe routes to school, historic preservation, environmental work, overlooks, and safety studies.",See program,See program,https://www.fhwa.dot.gov/environment/transportation_alternatives,2026-06-09,RERC-FND-0541
Funding,Brownfields Program,U.S. Environmental Protection Agency,Recurring,Check with the program,United States,,,,,,Eligibility varies by opportunity; review the current program page.,Cleanup,Grant,Brownfields,"To help assess, clean up and sustainably reuse brownfield sites across the country.",Varies by grant,varies by grant,https://www.epa.gov/brownfields,2026-06-09,RERC-FND-0534
Funding,Clean Water State Revolving Fund,U.S. Environmental Protection Agency,Recurring,Check with the program,United States,,,,,,Eligibility varies by opportunity; review the current program page.,Construction,Loan,Infrastructure; Conservation; Energy/Climate,"Provides low-cost financing to communities for a wide range of water quality infrastructure projects, including municipal wastewater facilities, nonpoint source pollution control, decentralized wastewater treatment systems, stormwater runoff mitigation, green infrastructure, estuary protection, and water reuse.",Revolving Fund,See program,https://www.epa.gov/cwsrf,2026-06-09,RERC-FND-0536
Funding,Forest Legacy Program,USDA Forest Service,Recurring,Check with the program,United States,,,,,,landowners,Mixed,Grant,Conservation,To encourage the protection of privately owned forest lands through conservation easements or land purchases.,See program,See program,https://www.fs.usda.gov/managing-land/private-land/forest-legacy,2026-06-09,RERC-FND-0537
Funding,USDA Forest Service - Urban and Community Forestry Program,USDA Forest Service,Recurring,The program manages several funding opportunities. The Community Tree Resource Utilization notice is pending release.,United States,,,,,,"State and local agencies, universities, and nonprofit organizations",Planning; implementation; operations and maintenance,Grant and Technical Assistance,urban forestry; community forestry; tree canopy; green space; workforce; resilience,"Provides information, tools, technical support, and funding that help communities maintain, restore, and improve trees, forests, and green spaces.",See program,See program,https://www.fs.usda.gov/managing-land/urban-forests/ucf,2026-06-23,RERC-FND-0542
Funding,Blue Sky Community Project Funding,Rocky Mountain Power,Open when checked,rolling 2026 review; awards committee monthly,Utah,,,,,,non-residential community-serving sites served by Rocky Mountain Power,Mixed,Grant,renewable energy; community facilities; operating cost reduction,"Can reduce energy costs and fund renewable systems for rural visitor centers, libraries, parks facilities, and community hubs.",varies,Not stated,https://www.rockymountainpower.net/community/blue-sky-projects/funding-applications.html,2026-06-09,RERC-FND-0543
Funding,LeRay McAllister Working Farm and Ranch Fund,Utah Department of Agriculture and Food,Open when checked,ongoing registration and application portal,Utah,,,,,,landowners working with qualified entities such as land trusts,Mixed,Grant,working lands; land trust; conservation; scenic landscapes,"Protects working landscapes and scenic rural character that underpin outdoor recreation, agritourism, and gateway-community identity.",varies,leveraged funding emphasized; exact match varies,https://ag.utah.gov/conservation/leray-mcallister-working-farm-and-ranch-fund,2026-06-09,RERC-FND-0546
Funding,Community Parks and Recreation Grant,Utah Division of Outdoor Recreation,Recurring,2026 cycle Jan 12 to Mar 13 2026,Utah,,,,,,Local governments; tribes; nonprofits; agencies,Construction,Grant,parks; sports facilities; community recreation,Improves local recreation amenities for residents and visitors in rural towns.,"$5,000 to $200,000",Match varies; verify guide,https://recreation.utah.gov/grants,2026-06-09,RERC-FND-0544
Funding,Land and Water Conservation Fund,Utah Division of Outdoor Recreation,Recurring,2026 application dates not yet posted,Utah,,,,,,Political subdivisions; sovereign Indian Nations,Mixed,Grant,parks; outdoor recreation; public access,Helps small communities build durable public recreation assets.,"$200,000 to $2,000,000",50 percent match,https://recreation.utah.gov/grants/land-water-conservation-fund,2026-06-09,RERC-FND-0545
Funding,OHV Year-Round Land Acquisition Grant,Utah Division of Outdoor Recreation,Open when checked,Year-round,Utah,,,,,,Federal; tribal; state; political subdivisions; OHV nonprofits with partners,Acquisition,Grant,OHV; land acquisition; trail access,Supports motorized recreation access important to many rural Utah gateway economies.,"$10,000 to $1,000,000",Matching grant; ratio varies,https://recreation.utah.gov/grants/year-round-ohv-land-acquisition-grant,2026-06-09,RERC-FND-0547
Funding,Outdoor Recreation Planning Assistance,Utah Division of Outdoor Recreation,Available,2026 cycle Apr 6 to May 15 2026,Utah,,,,,,Municipalities; counties; tribes; nonprofits; agencies,Mixed,Grant,recreation planning; feasibility; design,Fits RERC communities that need plans before construction grants.,"Up to $200,000",None,https://recreation.utah.gov/grants/planning-assistance,2026-06-09,RERC-FND-0654
Funding,Recreation Restoration Infrastructure Grant,Utah Division of Outdoor Recreation,Recurring,2026 cycle Jan 12 to Mar 13 2026,Utah,,,,,,Local governments; tribes; nonprofits; agencies,Mixed,Grant,trail restoration; high-use recreation; infrastructure repair,Helps recreation gateway areas repair overused assets before visitor impacts grow.,"Up to $250,000",Match varies; verify guide,https://recreation.utah.gov/grants,2026-06-09,RERC-FND-0548
Funding,Recreational Trails Program,Utah Division of Outdoor Recreation,Recurring,2026 cycle listed on program information,Utah,,,,,,Government entities; nonprofits; tribal entities; partners,Mixed,Grant,trails; trailheads; outdoor access,Funds trail networks that drive rural outdoor recreation visitation.,"$10,000 to $200,000",Match required; verify guide,https://recreation.utah.gov/grants/recreational-trails-program,2026-06-09,RERC-FND-0549
Funding,Utah Outdoor Recreation Grant,Utah Division of Outdoor Recreation,Cycle closed,2026 cycle closed Mar 13 2026,Utah,,,,,,Municipalities; counties; tribes; nonprofits; agencies,Mixed,Grant,outdoor recreation; trails; parks; access,Core state capital source for rural outdoor recreation infrastructure.,Varies by tier; verify 2026 guide,Match varies by category,https://recreation.utah.gov/grants/utah-outdoor-recreation-grant,2026-06-09,RERC-FND-0552
Funding,Rural Communities Opportunity Grant,Utah Governor's Office of Economic Opportunity,Open when checked,"opens Sep. 14; closes Oct. 30, 2026",Utah,,,,,,rural counties; eligible cities; towns; metro townships; associations of governments,Mixed,Grant,rural economic development; business expansion; workforce; infrastructure,"Supports unique rural economic development projects that can include recreation-economy infrastructure, workforce, and business activity.",not stated on program information,match required based on population,https://business.utah.gov/rural/rcog,2026-06-09,RERC-FND-0550
Funding,Rural County Grant,Utah Governor's Office of Economic Opportunity,Open when checked,Opens Jul 1 2026; closes Sep 1 2026,Utah,,,,,,Rural counties; eligible class 3 through 6 counties except Washington,Implementation,Grant,rural business; tourism; infrastructure; planning,Flexible rural funding can support recreation economy projects and capacity.,"Up to $200,000 annually",Match not clearly stated on page,https://business.utah.gov/rural/rural-county-grant,2026-06-09,RERC-FND-0551
Funding,Tiny Grants,Association of Vermont Conservation Commissions,Recurring,"2026 awards announced May 20; grant period May 1, 2026-May 1, 2027",Vermont,,,,,,Vermont conservation commissions or groups working to become commissions; AVCC members,Mixed,Grant,land conservation; stewardship; planning; outreach,"Small local conservation funds can unlock town forest, trail, mapping, and stewardship work.","2026 total $5,956.47",seed or matching funds,https://vtconservation.com/tiny-grants,2026-06-09,RERC-FND-0568
Funding,Rebates for Your Business,Efficiency Vermont,Open when checked,2026 offers subject to change,Vermont,,,,,,"Businesses, nonprofits, public facilities, institutions",Mixed,Rebate,"lighting, HVAC, refrigeration, commercial kitchen, lodging","Tourism-heavy rural towns can cut operating costs for inns, restaurants, stores, and municipal assets.",Measure-specific 2026 rebates,Customer pays remaining cost,https://www.efficiencyvermont.com/Media/Default/docs/trade-partners/technical-resources/EVT%20Business%20Offerings%202026%20Final.pdf,2026-06-09,RERC-FND-0565
Funding,Better Places Program,Vermont Agency of Commerce and Community Development,Recurring,Check with the program,Vermont,,,,,,"Municipalities, local community groups, and nonprofit entities with municipal support",Planning,Grant,Economic Development; Planning; Historic/Cultural; Energy/Climate,"Advance community-led placemaking efforts that create, revitalize, or activate public spaces in designated downtowns and village centers.",$5K-$40K,"Yes, 2:1 match (crowdfunding)",https://accd.vermont.gov/community-development/funding-incentives,2026-06-09,RERC-FND-0553
Funding,Brownfields Revitalization Fund,Vermont Agency of Commerce and Community Development,Recurring,Check with the program,Vermont,,,,,,"Non-profits, for-profit entities, and municipalities with sites in Vermont",Construction,Grant,Economic Development; Brownfields; Energy/Climate,Characterize and clean up brownfield sites to support redevelopment and economic reuse.,Up to $200K (grants); no loan limit,"Yes, 10%",https://accd.vermont.gov/community-development/funding-incentives,2026-06-09,RERC-FND-0554
Funding,Downtown Transportation Fund,Vermont Agency of Commerce and Community Development,Recurring,Check with the program,Vermont,,,,,,Municipalities with state-designated downtowns or eligible village centers,Planning,Grant,Infrastructure; Economic Development; Planning; Energy/Climate,Fund transportation-related capital improvements within or serving designated downtowns and village centers.,See program,See program,https://accd.vermont.gov/community-development/funding-incentives,2026-06-09,RERC-FND-0557
Funding,Downtown and Village Center Tax Credits,Vermont Agency of Commerce and Community Development,Recurring,Check with the program,Vermont,,,,,,Owners of qualifying buildings in Vermont's designated downtowns and village centers,Planning,Rebate,Economic Development; Planning; Historic/Cultural; Energy/Climate,Encourage investment in historic downtown buildings through state tax credit incentives.,See program,See program,https://accd.vermont.gov/community-development/funding-incentives,2026-06-09,RERC-FND-0558
Funding,Historic Preservation Grants,Vermont Agency of Commerce and Community Development,Recurring,Check with the program,Vermont,,,,,,"Municipalities, nonprofits, and property owners of qualifying historic structures",Construction,Grant,Historic/Cultural; Energy/Climate,Support preservation and rehabilitation of historic buildings and structures across Vermont.,See program,See program,https://accd.vermont.gov/community-development/funding-incentives,2026-06-09,RERC-FND-0561
Funding,Investment Capital,Vermont Agency of Commerce and Community Development,Recurring,Check with the program,Vermont,,,,,,"Businesses, municipalities, and development organizations",Construction,Financing,Economic Development; Energy/Climate,Provide capital investment support for economic development and community growth initiatives in Vermont.,See program,See program,https://accd.vermont.gov/community-development/funding-incentives,2026-06-09,RERC-FND-0562
Funding,Municipal Planning Grant,Vermont Agency of Commerce and Community Development,Recurring,Check with the program,Vermont,,,,,,Vermont municipalities,Planning,Grant,Planning; Energy/Climate,"Help municipalities plan for future growth and development including town plans, zoning bylaws, and community revitalization strategies.",Up to $30K,"Yes, 10%",https://accd.vermont.gov/community-development/funding-incentives,2026-06-09,RERC-FND-0564
Funding,Vermont Better Connections Grant,Vermont Agency of Commerce and Community Development,Recurring,Check with the program,Vermont,,,,,,Municipalities and regional planning commissions in Vermont,Planning,Grant,Infrastructure; Planning; Conservation; Energy/Climate,Fund planning projects that align land use planning and community revitalization with transportation investments.,See program,See program,https://accd.vermont.gov/community-development/funding-incentives,2026-06-09,RERC-FND-0570
Funding,Vermont State Brownfield Grants,Vermont Agency of Commerce and Community Development,Recurring,Check with the program,Vermont,,,,,,"Non-profits, for-profit entities, and municipalities with brownfield sites in Vermont",Construction,Grant,Brownfields; Energy/Climate,Fund assessment and cleanup of contaminated brownfield sites to facilitate redevelopment across Vermont.,Up to $200K (grants),"Yes, 10%",https://accd.vermont.gov/community-development/funding-incentives,2026-06-09,RERC-FND-0573
Funding,Funding Opportunities,Vermont Department of Environmental Conservation,Recurring,Check with the program,Vermont,,,,,,"Municipalities, nonprofits, businesses, and landowners",Mixed,Grant,Infrastructure; Economic Development; Conservation; Energy/Climate,"Support environmental protection, water quality, clean energy, and pollution prevention projects across Vermont.",See program,See program,https://dec.vermont.gov/water-investment/water-financing,2026-06-09,RERC-FND-0559
Funding,Land and Water Conservation Fund,"Vermont Department of Forests, Parks and Recreation",Recurring,Check with the program,Vermont,,,,,,State agencies and local governments,Construction,Grant,Infrastructure; Recreation; Conservation; Energy/Climate,"Develop public outdoor recreation opportunities including parks, open spaces, and recreation facilities.",See program,"Yes, 50%",https://fpr.vermont.gov/recreation/recreation-grants,2026-06-09,RERC-FND-0563
Funding,Recreation Trails Program,"Vermont Department of Forests, Parks and Recreation",Recurring,Check with the program,Vermont,,,,,,"Municipalities, nonprofits, and other governmental entities",Construction,Grant,Recreation; Conservation; Energy/Climate,Fund development and restoration of public recreational trails for motorized and nonmotorized use.,Up to $50K,"Yes, 20%",https://www.fhwa.dot.gov/environment/recreational_trails,2026-06-09,RERC-FND-0566
Funding,The Enhancement of Recreation Stewardship and Access Trails Grants,"Vermont Department of Forests, Parks and Recreation",Recurring,Check with the program,Vermont,,,,,,Municipalities and nonprofit organizations,Construction,Grant,Recreation; Conservation; Energy/Climate,Develop and restore public recreational trails and improve stewardship and community access to Vermont's outdoor recreation resources.,See program,See program,https://fpr.vermont.gov/recreation/recreation-grants,2026-06-09,RERC-FND-0567
Funding,VOREC Community Grant,"Vermont Department of Forests, Parks and Recreation",Recurring,Check with the program,Vermont,,,,,,Municipalities and nonprofit organizations,Mixed,Grant,Recreation; Economic Development; Conservation; Energy/Climate,Help Vermont communities leverage outdoor recreation assets for economic vitality and support the five pillars of the VOREC program.,$10K-$100K,See program,https://fpr.vermont.gov/recreation/recreation-grants,2026-06-09,RERC-FND-0569
Funding,Vermont Outdoor Recreation Economic Collaborative (VOREC) Grant,"Vermont Department of Forests, Parks and Recreation",Recurring,Check with the program,Vermont,,,,,,Vermont municipalities and nonprofit organizations,Mixed,Grant,Recreation; Economic Development; Conservation; Energy/Climate,Help communities leverage outdoor recreation assets for economic vitality and grow outdoor recreation-friendly communities.,$10K-$100K,See program,https://fpr.vermont.gov/recreation/recreation-grants,2026-06-09,RERC-FND-0572
Funding,Vermont Community Development Program,Vermont Department of Housing and Community Development,Recurring,Rolling or competitive by category; confirm current VCDP schedule,Vermont,,,,,,Municipalities as applicants; projects may benefit nonprofits and businesses,Mixed,Rebate,public facilities; economic development; housing; infrastructure,Funds core infrastructure and facilities that support rural recreation destinations.,Varies; state receives over $7 million annually,Match varies by project type,https://accd.vermont.gov/community-development/funding-incentives/vcdp,2026-06-09,RERC-FND-0571
Funding,Watershed Grants,Vermont Fish and Wildlife Department and Department of Environmental Conservation,Recurring,2026 applications accepted in winter cycle,Vermont,,,,,,Municipalities; local or regional government; sporting clubs; nonprofits; watershed groups,Mixed,Grant,water quality; paddling; fishing; lake access; education,Supports water-based recreation assets and stewardship in rural lake and river towns.,Amount varies; verify current application,Match not clearly stated in release,https://www.vtfishandwildlife.com/press-releases/watershed-grant-program-now-accepting-applications-1,2026-06-09,RERC-FND-0574
Funding,Conservation Programs,Vermont Housing and Conservation Board,Recurring,Funding decisions are made in recurring board cycles.,Vermont,,,,,,land trusts; government partners; conservation project sponsors,Mixed,Grant,land trust; working forest; farmland; natural areas,"Conserves farms, forests, and natural areas that support trails, scenic quality, rural character, and nature-based tourism.",varies,varies by project,https://vhcb.org/conservation,2026-07-13,RERC-FND-0556
Funding,Community Navigator Pilot Program,Vermont Small Business Development Center,Recurring,Check with the program,Vermont,,,,,,"Small businesses and entrepreneurs, particularly those in underserved communities",Construction,Grant,Economic Development; Energy/Climate,"Provide outreach, education, and connections to federal resources for small businesses and entrepreneurs.",See program,See program,https://www.vtsbdc.org/,2026-06-09,RERC-FND-0555
Funding,Communities Caring for Canopy Grants,Vermont Urban and Community Forestry Program,Available,call late summer; deadline early following year; 2026 grant page listed,Vermont,,,,,,Vermont municipalities and community partners,Mixed,Grant,community forestry; tree canopy; public spaces; stewardship,"Supports shaded village centers, parks, trailheads, and public spaces that improve visitor experience and climate resilience.",varies,None,https://vtcommunityforestry.org/municipal-assistance/financial-assistance,2026-06-09,RERC-FND-0655
Funding,Grants Program,Windham Foundation,Open when checked,"Mar. 15 and Sep. 15, 2026",Vermont,,,,,,nonprofits aligned with foundation themes; Grafton-area nonprofits for Grafton Fund,Mixed,Grant,rural economic development; conservation; healthy forests; streams; outdoor activities; historic places,"Explicit 2026 themes include rural economic development, conservation, healthy forests and streams, outdoor activities, and historic places.",not stated,Not stated,https://windham-foundation.org/grants,2026-06-09,RERC-FND-0560
Funding,Working Lands Enterprise Initiative,Working Lands Enterprise Board,Available,annual opportunities set by board,Vermont,,,,,,"Vermont farm, forest, food businesses; service providers; producer associations",Mixed,Grant,farm; forest; food; rural business; value-added products,"Supports rural working-land businesses that connect to agritourism, forest recreation, local products, and visitor-economy supply chains.","recent grant ranges include $10,000-$75,000 depending on category",None,https://workinglands.vermont.gov/,2026-06-09,RERC-FND-0656
Funding,Appalachian Regional Commission Area Development in Virginia,ARC with Virginia DHCD,Recurring,Annual ARC state strategy and project cycles,Virginia,,,,,,Local governments; nonprofits; regional bodies,Mixed,Grant,infrastructure; tourism; entrepreneurship; workforce,Targets many rural mountain communities where recreation is an economic diversification strategy.,Varies,Federal share varies by county distress,https://www.dhcd.virginia.gov/vaarc,2026-06-09,RERC-FND-0575
Funding,GO Virginia Regional and Statewide Grants,GO Virginia and Virginia DHCD,Open when checked,2026 calendar active; regional deadlines vary,Virginia,,,,,,"Regional councils, local governments, higher education, nonprofits, industry partners",Mixed,Grant,"regional economic development, workforce, site development, business growth","Can support outdoor industry clusters, workforce training, sites, and regional recreation-economy strategies.","Planning capped at $250,000 annually per region; implementation has no fixed max in manual",Match required by program rules,https://www.dhcd.virginia.gov/go-virginia-regional-materials,2026-06-09,RERC-FND-0578
Funding,Transportation Alternatives Program,VDOT,Recurring,Check with the program,Virginia,,,,,,"Local governments, transit agencies, school districts, and other eligible entities in Virginia",Mixed,Grant,Infrastructure; Recreation; Historic/Cultural,"Fund community-based non-motorized transportation projects including bicycle and pedestrian facilities, safe routes to school, and historic transportation structure preservation.",80% federal funding,"Yes, 20%",https://www.vdot.virginia.gov/doing-business/for-localities/local-assistance/transportation-alternatives/,2026-06-09,RERC-FND-0585
Funding,Virginia Brownfields Restoration and Economic Redevelopment Assistance Fund,VEDP and Virginia DEQ,Recurring,FY2026 materials posted; verify current round,Virginia,,,,,,Local governments; public authorities; eligible owners,Mixed,Loan,brownfields; site assessment; remediation; redevelopment,"Helps convert blighted sites into parks, trailheads, river access, or tourism businesses.",Varies,Varies,https://www.vedp.org/brownfields,2026-06-09,RERC-FND-0587
Funding,Land and Water Conservation Fund,Virginia DCR,Recurring,DCR grant cycles,Virginia,,,,,,Local governments; public park agencies,Mixed,Grant,parks; outdoor recreation; land acquisition; public access,Funds public recreation assets in small towns and rural destinations.,Varies,50 percent reimbursement,https://www.dcr.virginia.gov/recreational-planning/lwcf,2026-06-09,RERC-FND-0580
Funding,Recreational Trails Program,Virginia DCR,Cycle closed,"2026 cycle closed May 5, 2026; recurring",Virginia,,,,,,Localities; state agencies; nonprofits,Mixed,Grant,trails; trailheads; maintenance; access,Directly funds trail infrastructure that anchors rural recreation economies.,Varies,Typically 20 percent minimum,https://www.dcr.virginia.gov/recreational_planning/trailfnd,2026-06-09,RERC-FND-0583
Funding,Industrial Revitalization Fund,Virginia DHCD,Open when checked,"FY2027 round opened Jun. 1, 2026; due Jul. 31, 2026",Virginia,,,,,,Local governments; economic development authorities,Construction,Loan,vacant buildings; downtown reuse; mixed-use; tourism assets,"Reuses rural downtown buildings for visitor services, outfitters, markets, and lodging-adjacent uses.",Varies,Gap-financing structure; local leverage expected,https://www.dhcd.virginia.gov/irf,2026-06-09,RERC-FND-0579
Funding,Virginia Community Development Block Grant,Virginia DHCD,Recurring,Annual competitive and planning cycles,Virginia,,,,,,Non-entitlement local governments,Mixed,Grant,downtown; infrastructure; community facilities; planning,Can fund public infrastructure and community facilities needed for tourism gateways.,Varies by category,Varies by activity,https://www.dhcd.virginia.gov/cdbg,2026-06-09,RERC-FND-0588
Funding,Virginia Enterprise Zone Grants,Virginia DHCD,Recurring,"GY25 applications were due April 1, 2026; annual cycle",Virginia,,,,,,"Qualified zone investors, property owners, and job creators",Mixed,Rebate,"business investment, property rehab, job creation","Can lower private cost for lodging, outfitter, mixed-use, and visitor-service investment in distressed rural districts.","RPIG up to $100,000 or $200,000 per building; JCG up to $500-$800 per eligible job per year",Applicant investment required,https://www.dhcd.virginia.gov/vez,2026-06-09,RERC-FND-0589
Funding,Open Space Lands Preservation Trust Fund,Virginia Department of Conservation and Recreation,Recurring,Check with the program,Virginia,,,,,,Local governments and nonprofits in Virginia,Mixed,Grant,Recreation; Conservation,"Assist localities in acquiring open-space land for public benefit including parks, forests, and conservation areas.",See program,See program,https://www.dcr.virginia.gov/recreational-planning/grants,2026-06-09,RERC-FND-0582
Funding,Virginia Land Conservation Foundation,Virginia Department of Conservation and Recreation,Recurring,Check with the program,Virginia,,,,,,"State agencies, local governments, Indian Tribes, and nonprofit land trusts",Mixed,Grant,Recreation; Conservation,Provide matching grants for purchase of land or conservation easements to protect Virginia's natural resources.,See program,"Yes, 50%",https://www.dcr.virginia.gov/recreational-planning/grants,2026-06-09,RERC-FND-0590
Funding,Virginia Recreational Trails Program,Virginia Department of Conservation and Recreation,Recurring,Check with the program,Virginia,,,,,,"Local governments, nonprofits, and other government entities",Construction,Grant,Recreation; Conservation; Energy/Climate,"Fund development, acquisition, and maintenance of recreational trails for motorized and nonmotorized use across Virginia.",See program,"Yes, 20%",https://www.dcr.virginia.gov/recreational-planning/grants,2026-06-09,RERC-FND-0591
Funding,Virginia Trail Access Grants Program,Virginia Department of Conservation and Recreation,Recurring,Check with the program,Virginia,,,,,,"Local governments, nonprofits, and trail organizations in Virginia",Construction,Grant,Recreation; Conservation; Energy/Climate,Improve public access to Virginia's trail systems and support trail development and maintenance.,See program,See program,https://www.dcr.virginia.gov/recreational-planning/grants,2026-06-09,RERC-FND-0592
Funding,Forest Legacy Program,Virginia Department of Forestry,Recurring,Check with the program,Virginia,,,,,,Landowners with working forests at risk of conversion in Virginia,Mixed,Grant,Conservation,Protect environmentally important private forest lands from conversion to non-forest uses through conservation easements.,See program,"Yes, 25%",https://www.fs.usda.gov/managing-land/private-land/forest-legacy,2026-06-09,RERC-FND-0577
Funding,"Virginia Black, Indigenous, and People of Color Historic Preservation Grant",Virginia Department of Historic Resources,Recurring,Check with the program,Virginia,,,,,,"State/federally recognized Indian tribes, private nonprofits, and localities in Virginia",Mixed,Grant,Historic/Cultural,"Acquire, protect, and rehabilitate historic and archaeological sites associated with Black, Indigenous, and People of Color communities in Virginia.",$50K-$1M,Varies,https://www.dhr.virginia.gov/grants,2026-06-09,RERC-FND-0586
Funding,Virginia Wildlife Grant Program,Virginia Department of Wildlife Resources and Wildlife Foundation of Virginia,Cycle closed,2026 cycle closed February 1; annual style cycle likely,Virginia,,,,,,Virginia-based 501(c)(3) nonprofits and colleges or universities,Mixed,Grant,"outdoor access, boating, fishing, wildlife viewing, youth engagement",Funds direct outdoor participation programs that can build local recreation demand and stewardship.,"2026 pool $150,000; start-up $2,000-$5,000; growth $5,000-$10,000",Not stated,https://dwr.virginia.gov/virginia-wildlife-grant-program,2026-06-09,RERC-FND-0593
Funding,Preservation Trust Fund,Virginia Outdoors Foundation,Available,Next grant round announced June 2026; applications open June 17,Virginia,,,,,,"Local governments, VOF easement projects, eligible open-space partners",Mixed,Grant,"conservation, public access, open space, trails","Protects land for parks, preserves, river access, trails, and rural recreation assets.","Round pool varies; spring FY2026 was $2.1M; easement assistance up to $20,000",None,https://www.vof.org/protect/grants/ptf,2026-06-09,RERC-FND-0657
Funding,Tobacco Region Revitalization Commission Grants,Virginia Tobacco Region Revitalization Commission,Recurring,Spring and fall funding rounds,Virginia,,,,,,Localities; public bodies; nonprofits; regional partners,Mixed,Grant,economic development; tourism; downtown; outdoor recreation,"Funds rural diversification projects, including visitor economy and outdoor recreation assets.",Varies,Varies,https://www.revitalizeva.org/,2026-06-09,RERC-FND-0584
Funding,DMO Marketing Program,Virginia Tourism Corporation,Recurring,Annual VTC grant rounds,Virginia,,,,,,Destination marketing organizations,Mixed,Grant,destination marketing; regional campaigns; visitor economy,Supports regional recreation-economy branding and trip-building.,Varies,Match required,https://www.vatc.org/grants,2026-06-09,RERC-FND-0576
Funding,CERB Prospective Development,Community Economic Revitalization Board,Open when checked,Board cycles ongoing,Washington,,,,,,Local governments; tribes; ports; special districts,Mixed,Loan,economic infrastructure; planning; site readiness,Supports infrastructure that enables recreation-related business growth.,"Planning up to about $50,000; construction varies",Match required; grant share limited by program,https://www.commerce.wa.gov/cerb/cerb-pd,2026-06-09,RERC-FND-0595
Funding,Innovia Foundation Community Grants,Innovia Foundation,Recurring,2026 deadline was February 6; annual cycle,Washington,,,,,,Nonprofits serving Eastern Washington and North Idaho,Mixed,Grant,"community vitality, belonging, economic opportunity, quality of life","Can fund local placemaking, community events, nonprofit capacity, and quality-of-life work in rural recreation gateways.",More than $1M awarded annually; typical local grant amounts vary,Not stated,https://innovia.org/news/innovia-foundation-opens-2026-community-grants-round,2026-06-09,RERC-FND-0598
Funding,Community Development Block Grant General Purpose Grants,Washington Department of Commerce,Open when checked,Annual Commerce cycle,Washington,,,,,,"Rural cities, towns, and counties",Mixed,Grant,public facilities; infrastructure; community development,Can fund basic infrastructure behind rural tourism districts and community facilities.,"Up to about $2,000,000",Varies,https://www.commerce.wa.gov/cdbg,2026-06-09,RERC-FND-0596
Funding,Community Economic Revitalization Board Prospective Development Program,"Washington Department of Commerce, CERB",Recurring,The program follows recurring board cycles.,Washington,,,,,,Local governments and federally recognized tribes,Mixed,Loan,"rural infrastructure, business growth, site readiness","Funds public infrastructure that can unlock recreation businesses, waterfront districts, ports, trail towns, and rural visitor services.",Loans up to $3M; grants up to 25% of total award; 1%-3% interest,Grant share determined through underwriting,https://www.commerce.wa.gov/cerb/cerb-pd,2026-07-13,RERC-FND-0597
Funding,Oversight Remedial Action Grants and Loans,Washington Department of Ecology,Recurring,"2027-2029 applications ran February 17-March 17, 2026",Washington,,,,,,Local governments conducting cleanup under order or decree,Mixed,Loan,"brownfields, cleanup, redevelopment","Helps convert contaminated waterfront, mill, or industrial sites into safe recreation and tourism redevelopment assets.",Varies by remedial action funding guidelines,Not stated in search result,https://ecology.wa.gov/About-us/Payments-contracts-grants/Grants-loans/Find-a-grant-or-loan/Oversight-remedial-action-grants-loans,2026-06-09,RERC-FND-0600
Funding,Aquatic Lands Enhancement Account,Washington Recreation and Conservation Office,Recurring,RCO biennial cycle,Washington,,,,,,Local governments; tribes; state agencies,Mixed,Grant,waterfront access; habitat; water recreation,"Useful for rural river, lake, and waterfront recreation access projects.",Varies,Match required; varies,https://rco.wa.gov/grant/aquatic-lands-enhancement-account,2026-06-09,RERC-FND-0594
Funding,Nonhighway and Off-Road Vehicle Activities Program,Washington Recreation and Conservation Office,Recurring,2026 RCO cycle; verify category schedule,Washington,,,,,,Local governments; tribes; nonprofits; agencies,Mixed,Grant,backcountry trails; ORV access; education; maintenance,Supports motorized and backcountry recreation infrastructure in rural gateway areas.,Varies,Varies by category,https://rco.wa.gov/grant/nonhighway-and-off-road-vehicle-activities,2026-06-09,RERC-FND-0599
Funding,WWRP Recreation Grants,Washington Recreation and Conservation Office,Recurring,"2026 applications due Apr. 30, 2026; biennial",Washington,,,,,,Local governments; tribes; state agencies; nonprofits for some categories,Mixed,Grant,local parks; trails; water access; recreation facilities,Core state source for parks and trails in recreation-economy communities.,Varies by category,Usually match required; varies by category,https://rco.wa.gov/grant/washington-wildlife-and-recreation-program-recreation,2026-06-09,RERC-FND-0601
Funding,TakeCharge WV Go Electric Program,Appalachian Power,Open when checked,Ongoing current rebate program,West Virginia,,,,,,Small commercial Appalachian Power WV customers with peak demand of 200 kW or less,Mixed,Rebate,"small business electrification, EV charging, outdoor equipment","Helps small rural businesses adopt e-bikes, EV charging, portable power, and electric maintenance equipment.",$10-$300 per listed item; incentive cannot exceed equipment cost,Purchase required,https://takechargewv.com/programs/for-your-business/go-electric,2026-06-09,RERC-FND-0610
Funding,Claude Worthington Benedum Foundation Grants,Benedum Foundation,Recurring,Rolling inquiry and board cycles,West Virginia,,,,,,Nonprofits; public charities; eligible public partners,Mixed,Grant,community development; economic development; education; health,Major Appalachian funder for community capacity and rural economic development.,Varies,No standard match listed,https://benedum.org/grants,2026-06-09,RERC-FND-0603
Funding,Claude Worthington Benedum Foundation Economic Development Grants,Claude Worthington Benedum Foundation,Open when checked,Rolling foundation inquiry process; verify with program staff,West Virginia,,,,,,Nonprofits and public-purpose partners,Mixed,Grant,"economic development, community development, entrepreneurship","Major WV philanthropy for community and economic development, including rural capacity and entrepreneurship work.",Varies by proposal,Not stated,https://benedum.org/what-we-fund,2026-06-09,RERC-FND-0602
Funding,Snowshoe Foundation Grants,Snowshoe Foundation,Recurring,Recurring grant and scholarship programs; verify current cycle,West Virginia,,,,,,Local community-based organizations,Construction,Grant,"community benefit, central WV nonprofits, recreation-adjacent quality of life",Regional foundation tied to a major outdoor-tourism area; useful for community amenities and nonprofit support near recreation assets.,Varies,Not stated,https://snowshoefoundation.org/,2026-06-09,RERC-FND-0609
Funding,Community Development Block Grant,WV Community Advancement and Development,Recurring,Annual state CDBG cycle,West Virginia,,,,,,Units of local government,Mixed,Grant,water; sewer; facilities; downtown; planning,Supports infrastructure that rural recreation destinations need to host visitors.,Varies,Varies by activity,https://wvcad.org/infrastructure/community-development-block-grant,2026-06-09,RERC-FND-0604
Funding,Land and Water Conservation Fund,WV Community Advancement and Development,Recurring,Annual or periodic CAD cycle,West Virginia,,,,,,Local governments and public recreation providers,Construction,Grant,parks; outdoor recreation; public access,Funds parks and recreation facilities in small communities.,Varies,50 percent reimbursement,https://commerce.wv.gov/boards-commissions/land-and-water-conservation-fund,2026-06-09,RERC-FND-0606
Funding,Outdoor Heritage Conservation Fund,West Virginia Department of Commerce,Open when checked,Page says grant applications are being accepted; verify current deadline,West Virginia,,,,,,Eligible conservation recipients and land-protection partners,Mixed,Grant,"land conservation, hunting, fishing, outdoor recreation","Protects lands that support fishing, hunting, trails, nature tourism, and rural outdoor access.",Varies by grant round,Not stated on page,https://commerce.wv.gov/boards-commissions/outdoor-heritage-conservation-fund,2026-06-09,RERC-FND-0607
Funding,Tourism Cooperative Advertising Program,West Virginia Department of Tourism,Open when checked,Year-round opportunities and campaign cycles,West Virginia,,,,,,Tourism businesses; DMOs; local partners,Mixed,Grant,tourism marketing; media buys; destination campaigns,Helps rural recreation destinations reach visitors without building full campaigns alone.,Discounted or leveraged advertising; direct grant amounts vary,Cost share or buy-in varies,https://wvtourism.com/information-and-press/tourism-partners/industry-resources/cooperative-advertising-program,2026-06-09,RERC-FND-0611
Funding,Recreational Trails Program,West Virginia Division of Highways,Open when checked,"Applications close August 13, 2026 at noon ET; annual online cycle",West Virginia,,,,,,Local governments; nonprofits; public agencies,Mixed,Grant,trails; trailheads; maintenance; access,Direct funding for trails central to West Virginia outdoor recreation economies.,"Up to $300,000 federal-aid portion",None for FFY 2026; typically 20 percent non-federal,https://dohgrants.wv.gov/home.html,2026-08-07,RERC-FND-0608
Funding,WVEDA Direct Lending Program,West Virginia Economic Development Authority,Open when checked,Rolling loan review,West Virginia,,,,,,Existing or prospective qualifying West Virginia businesses,Mixed,Loan,"business expansion, fixed assets, job creation","Provides gap financing for outdoor manufacturers, hospitality, logistics, and recreation-serving businesses with fixed asset needs.","$50,000-$15M",Borrower equity generally 10%-30% depending asset type,https://eda.wv.gov/programs/direct-loans,2026-06-09,RERC-FND-0612
Funding,Historic Rehabilitation Tax Credit,West Virginia State Historic Preservation Office and Tax Division,Open when checked,Ongoing statutory credit; application through SHPO GOapply for commercial projects,West Virginia,,,,,,Owners of certified historic structures meeting tax and SHPO requirements,Mixed,Rebate,"historic buildings, heritage tourism, downtown reuse","Can make historic lodging, downtown storefront, museum, depot, and heritage-tourism reuse projects financially feasible.",25% of qualified rehabilitation expenditures for certified historic structures; residential credit also exists,Private rehabilitation investment required,https://wvculture.org/agencies/state-historic-preservation-office-shpo/tax-credits,2026-06-09,RERC-FND-0605
Funding,Focus on Energy Business Incentives,Focus on Energy,Open when checked,2026 incentive year,Wisconsin,,,,,,Businesses; local governments; schools; nonprofits; farms,Implementation,Rebate,energy efficiency; solar; HVAC; commercial facilities,"Reduces operating costs for visitor centers, outfitters, lodges, parks, and public facilities.",Varies by measure,Incentive-based; no standard match,https://focusonenergy.com/business,2026-06-09,RERC-FND-0615
Funding,Focus on Energy Business Rebates,Focus on Energy,Open when checked,"Products purchased and installed January 1-December 31, 2026",Wisconsin,,,,,,Wisconsin businesses and industries served by participating utilities,Mixed,Rebate,"energy efficiency, HVAC, lighting, foodservice, refrigeration, agribusiness","Helps rural lodging, restaurants, outfitters, farms, and facilities reduce operating costs.",Varies by catalog; 2026 business rebates available,Purchase and installation required,https://focusonenergy.com/business/rebates,2026-06-09,RERC-FND-0616
Funding,Norma and Stanley DeBoer Quiet Trails Fund,Natural Resources Foundation of Wisconsin,Recurring,March 1 annual deadline; 2026 recipients posted,Wisconsin,,,,,,Eligible Wisconsin conservation and community partners,Mixed,Grant,"trails, accessibility, signage, habitat near trails","Directly funds walking, hiking, and skiing trail creation, repair, signage, and access improvements.","$500-$1,000",Not stated,https://www.wisconservation.org/grants/quiet-trails-fund,2026-06-09,RERC-FND-0619
Funding,Energy Innovation Grant Program,Public Service Commission of Wisconsin Office of Energy Innovation,Open when checked,"2026 applications open as of April 22, 2026; check PSC RFP deadline",Wisconsin,,,,,,"Businesses, schools, local and tribal governments, nonprofits, and other eligible entities",Mixed,Grant,"energy efficiency, renewable energy, resilience, energy planning","Reduces energy costs and improves resilience for rural facilities, visitor assets, and community hubs.",2026 round has $10M available,Match rules in RFP,https://content.govdelivery.com/accounts/WIPSC/bulletins/413eb37,2026-06-09,RERC-FND-0614
Funding,Knowles-Nelson Stewardship Local Assistance Grants,Wisconsin DNR,Available,"2026 applications due May 1, 2026",Wisconsin,,,,,,Local governments; tribes; eligible nonprofits for some categories,Mixed,Grant,local parks; trails; land acquisition; recreation development,Primary Wisconsin funding source for parks and trail assets.,Varies,None,https://dnr.wisconsin.gov/topic/Stewardship/ApplyLUG,2026-06-09,RERC-FND-0658
Funding,Land and Water Conservation Fund,Wisconsin DNR,Available,Annual DNR local assistance cycle,Wisconsin,,,,,,Local governments and public recreation providers,Construction,Grant,parks; outdoor recreation; public access,Supports rural recreation facilities and access points.,Varies,None,https://dnr.wisconsin.gov/aid/LWCF.html,2026-06-09,RERC-FND-0659
Funding,Recreational Trails Program,Wisconsin DNR,Recurring,"Starting 2026, applications due Mar. 1 annually",Wisconsin,,,,,,Local governments; tribes; incorporated organizations,Mixed,Grant,trails; maintenance; trail equipment; access,Direct trail funding for rural recreation destinations.,Varies,Match required per DNR guidance,https://dnr.wisconsin.gov/aid/RTP.html,2026-06-09,RERC-FND-0620
Funding,Wisconsin Coastal Management Program Grants,Wisconsin DOA Coastal Management Program,Cycle closed,2026-2027 cycle closed; next RFP expected Aug. 2026,Wisconsin,,,,,,Local governments; tribes; nonprofits; universities,Mixed,Grant,coastal access; harbor; trails; waterfront planning,"Strong fit for lakefront recreation, harbor towns, and coastal trails.",Varies; annual pool about $1.3 million,Usually 50 percent,https://doa.wi.gov/Pages/LocalGovtsGrants/CoastalGrants.aspx,2026-06-09,RERC-FND-0624
Funding,Transportation Alternatives Program,Wisconsin DOT,Recurring,"2026-2030 solicitation deadline passed Aug. 11, 2025; recurring",Wisconsin,,,,,,Local governments; regional bodies; tribes,Construction,Grant,bike-ped; safe routes; trails; streetscape,"Funds trail connections, walkability, and gateway circulation.",Varies,Usually 20 percent local match,https://wisconsindot.gov/Pages/doing-bus/local-gov/astnce-pgms/aid/tap.aspx,2026-06-09,RERC-FND-0622
Funding,Joint Effort Marketing Grant Program,Wisconsin Department of Tourism,Recurring,Annual and category-specific cycles,Wisconsin,,,,,,Nonprofit tourism organizations; municipalities; chambers; event sponsors,Implementation,Grant,tourism marketing; events; destination campaigns,Helps rural destinations market recreation trips and events.,Varies,Match required by category,https://industry.travelwisconsin.com/industry-resources/grants/joint-effort-marketing-jem-grant-program,2026-06-09,RERC-FND-0618
Funding,Community Development Investment Grant,Wisconsin Economic Development Corporation,Open when checked,FY2026 program; contact WEDC before applying,Wisconsin,,,,,,Municipalities and eligible development partners,Construction,Grant,downtown redevelopment; community facilities; adaptive reuse,Helps rural downtowns reuse buildings for visitor-serving and community uses.,"Generally up to $250,000",Leverage expected,https://wedc.org/programs/community-development-investment-grant,2026-06-09,RERC-FND-0613
Funding,Idle Sites Redevelopment Program,Wisconsin Economic Development Corporation,Open when checked,Active WEDC program; contact WEDC for application timing,Wisconsin,,,,,,"Cities, villages, towns, counties, tribal entities, governmental entities",Mixed,Grant,"idle sites, brownfields, adaptive reuse, infrastructure","Helps convert large abandoned commercial, industrial, or institutional sites into productive visitor-serving or recreation-supportive assets.","Up to $250,000",Not stated on page,https://wedc.org/programs/idle-sites-redevelopment-program,2026-06-09,RERC-FND-0617
Funding,Small Business Development Grant,Wisconsin Economic Development Corporation,Recurring,FY26 application period expired; awards announced March 2026,Wisconsin,,,,,,"Economic development organizations, membership organizations, municipalities, tribes, counties",Implementation,Financing,"small business support, facade, startup, expansion","Lets local partners pass funds to small businesses such as outfitters, cafes, lodging, guides, and main-street visitor services.","FY26 allocation $1.5M; awards $50,000-$250,000","WEDC does not require match, but match scores higher",https://wedc.org/programs/small-business-development-grant,2026-06-09,RERC-FND-0621
Funding,Vibrant Spaces Grant,Wisconsin Economic Development Corporation,Open when checked,FY2026 cycle,Wisconsin,,,,,,Municipalities; tribal governments; nonprofits; BID/Main Street partners,Construction,Grant,public space; placemaking; downtown activation,Funds public spaces that make trail towns and rural downtowns more visitor-ready.,"$25,000 to $50,000",1:1 match; lower match for some small or distressed places,https://wedc.org/programs/vibrant-spaces-grant,2026-06-09,RERC-FND-0623
Funding,Black Hills Energy Commercial Rebates,Black Hills Energy,Open when checked,Ongoing 2026 commercial rebate programs,Wyoming,,,,,,Black Hills Energy commercial customers,Mixed,Rebate,"energy efficiency, EV charging, small business","Supports energy upgrades and EV charging for small businesses, visitor sites, and rural commercial facilities.",Varies by state and measure,Purchase or installation required,https://www.blackhillsenergy.com/efficiency-and-savings/commercial-rebates,2026-06-09,RERC-FND-0625
Funding,Platte County Economic Development Revolving Loan Fund,Platte County Economic Development,Open when checked,Rolling local loan program; verify with PCED,Wyoming,,,,,,"Local businesses that meet employment, production, service export, or tourist-related criteria",Implementation,Loan,"tourist businesses, local business expansion, employment","Directly names tourist-related businesses that bring new dollars into the county, making it highly relevant for rural recreation enterprises.",Amount not stated in search result; interest 4%-6%,Borrower repayment required,https://pcedwy.org/about/loan-programs,2026-06-09,RERC-FND-0629
Funding,Rocky Mountain Power Wattsmart Business Wyoming,Rocky Mountain Power,Open when checked,2024-2026 DSM plan active; ongoing applications,Wyoming,,,,,,Rocky Mountain Power business customers,Mixed,Rebate,"energy efficiency, lighting, HVAC, agriculture, commercial facilities","Helps recreation businesses, lodging, visitor facilities, and community buildings reduce operating costs.",Varies by incentive list; financing support available,Customer project cost share required,https://www.rockymountainpower.net/savings-energy-choices/business/wattsmart-efficiency-incentives-wyoming.html,2026-06-09,RERC-FND-0631
Funding,Business Ready Community Planning Grants,Wyoming Business Council,Recurring,WBC planning cycles,Wyoming,,,,,,Local governments; tribes; economic development organizations through eligible sponsors,Planning,Financing,feasibility; engineering; site planning; economic development,Helps rural towns plan recreation infrastructure before capital requests.,"Up to about $100,000",Match may apply by category,https://wyomingbusiness.org/communities/financing/business-ready-community,2026-06-09,RERC-FND-0626
Funding,Community Development Block Grant,Wyoming Community Development Authority and Wyoming Business Council,Recurring,Check the current Wyoming CDBG method of distribution for application timing.,Wyoming,,,,,,Local governments and eligible public entities,Mixed,Grant,public facilities; infrastructure; community development,Can fund basic infrastructure and public facilities in rural recreation towns.,FY2025-2026 allocation about $3.545 million,Varies by activity,https://www.wyomingcda.com/wp-content/uploads/2025/05/WCDA-CDBG-MOD-2026-BOARD-APPROVED.pdf,2026-07-13,RERC-FND-0627
Funding,Land and Water Conservation Fund,"Wyoming State Parks, Historic Sites and Trails",Recurring,"2026 pre-application cycle opened Apr. 7, 2026; recurring",Wyoming,,,,,,Local governments and public outdoor recreation providers,Mixed,Grant,parks; outdoor recreation; public access,Funds rural park and outdoor recreation assets.,Varies,50 percent reimbursement,https://wyoparks.wyo.gov/index.php/news-updates-general/1269-land-and-water-conservation-fund-grants-available,2026-06-09,RERC-FND-0628
Funding,Recreational Trails Program,"Wyoming State Parks, Historic Sites and Trails",Recurring,Annual State Trails cycle,Wyoming,,,,,,Local governments; agencies; nonprofits; trail organizations,Mixed,Grant,trails; trail maintenance; motorized and nonmotorized access,Direct support for trail systems that drive rural outdoor visitation.,Varies,Match required; verify current manual,https://wyoparks.wyo.gov/index.php/home-trails,2026-06-09,RERC-FND-0630
Funding,Wyoming Wildlife and Natural Resource Trust,Wyoming Wildlife and Natural Resource Trust Account Board,Open when checked,Deadlines March 1 and September 1,Wyoming,,,,,,Nonprofit and governmental organizations; partnerships with for-profit entities allowed without funds to for-profit entity,Mixed,Grant,"habitat, land conservation, natural resources, recreation heritage","Funds conservation and habitat projects that protect the natural assets behind hunting, fishing, wildlife viewing, and rural outdoor tourism.",Varies by board award,Not stated,https://wwnrt.wyo.gov/how-to-apply/how-to-apply,2026-06-09,RERC-FND-0633
Resource,Appalachian Regional Commission Investment Priorities,Appalachian Regional Commission,Available,Available online,Appalachian Region,,,,,,Local governments; Tribes; nonprofits; economic development partners,Planning; Application,Program guidance,appalachia; economic development; project fit; funding strategy,Explains the outcomes and priorities ARC uses to guide its investments.,Free,None,https://www.arc.gov/investment-priorities,2026-07-13,RERC-RES-0002
Resource,Appalachian Regional Commission Service Area,Appalachian Regional Commission,Available,Available online,Appalachian Region,,,,,,Communities and organizations checking ARC eligibility,Idea; Planning,Eligibility map,appalachia; eligibility; economic development,Shows the counties served by the Appalachian Regional Commission.,Free,None,https://www.arc.gov/about-the-appalachian-region,2026-07-13,RERC-RES-0003
Resource,Appalachian Regional Commission State Program Managers,Appalachian Regional Commission,Available,Available online,Appalachian Region,,,,,,Potential ARC applicants and community partners,Planning; Application,Contact directory,appalachia; contacts; grant application; project development,Lists the state partners who help manage ARC applications and programs.,Free,None,https://www.arc.gov/state_partner_role/state-program-manager,2026-07-13,RERC-RES-0004
Resource,Greenhouse Outdoor Recreation Program Cohort,University of Arkansas Office of Entrepreneurship and Innovation,Available,Spring 2026 cohort applications announced,Arkansas,,,,,,Outdoor recreation startups and entrepreneurs,Mixed,Technical Assistance,outdoor startups; entrepreneurship; outdoor recreation economy,"Builds outdoor-recreation businesses that can serve trail users, visitors, and rural recreation markets.",Cohort support; direct award amount not stated,None,https://news.uark.edu/articles/80622/gorp-seeks-applications-for-newest-outdoor-startups-cohort,2026-06-09,RERC-RES-0005
Resource,Technical Assistance to Improve the Delivery of Homelessness Program,California Department of Housing and Community Development,Available,Available online,California,,,,,,local CoC or County,Planning,Technical Assistance,Planning; Housing; Energy/Climate,Helps local continuums of care and counties improve the delivery of homelessness programs in California.,Technical Assistance,None,https://www.hcd.ca.gov/grants-and-funding,2026-06-09,RERC-RES-0008
Resource,Off Highway Motor Vehicle Recreation Division,California Department of Parks and Recreation,Available,Available online,California,,,,,,Eligibility varies by opportunity; review the current program page.,Construction,Funding program directory,Infrastructure; Recreation; Energy/Climate,"Connects eligible California agencies and organizations with funding information for developing, maintaining, and operating off-highway vehicle recreation areas, roads, and trails.",varies by grant,None,https://parks.ca.gov/?page_id=1008,2026-06-09,RERC-RES-0007
Resource,Colorado Outdoor Recreation Rural Technical Assistance Program,"Colorado Outdoor Recreation Industry Office with CU Boulder, CSU Extension, EPA RERC",Available,cohort based,Colorado,,,,,,selected rural Colorado communities,Planning,Technical Assistance,"outdoor_recreation, main_street, tourism_strategy, rural_capacity",Directly matches RERC-style action planning for recreation economy communities.,No direct cash listed,None,https://oedit.colorado.gov/the-outdoor-recreation-industry-impact-fund-oriif,2026-06-09,RERC-RES-0009
Resource,Florida Main Street Program,"Florida Department of State, Division of Historical Resources",Available,annual designation and ongoing TA,Florida,,,,,,eligible traditional commercial districts and local programs,Mixed,Technical Assistance,"downtown, preservation, main_street, placemaking",Provides the Main Street framework that RERC towns use to capture recreation visitor spending.,no direct cash listed; TA and scoring support,None,https://dos.fl.gov/historical/preservation/florida-main-street/getting-started,2026-06-09,RERC-RES-0010
Funding,Guam State Trade Expansion Program,Guam Economic Development Authority,Cycle closed,GEDA says it is not accepting applications now and a new STEP cycle is coming soon.,Guam,,,,,,Eligible Guam small businesses seeking export growth and market expansion.,Capacity Building,Grant and Technical Assistance,export; small business; market expansion; training; trade shows,"Provides export training, market expansion assistance, trade show support, and access to international markets for Guam small businesses.",Financial assistance and training vary by STEP cycle.,None,https://www.investguam.com/step,2026-06-24,RERC-RES-0014
Resource,Lake and River Enhancement Program,Indiana DNR Division of Fish and Wildlife,Available,Applications due Jan 15 annually,Indiana,,,,,,Local sponsors and watershed partners,Mixed,Technical Assistance,lakes; rivers; water quality; sediment; aquatic habitat; logjams,"Protects paddling, fishing, boating, and river recreation assets.",Varies,None,https://secure.in.gov/dnr/fish-and-wildlife/wildlife-resources/lake-and-river-enhancement,2026-06-09,RERC-RES-0016
Resource,Rural BOOST Grant,Iowa Economic Development Authority / Empower Rural Iowa,Available,"Opens July 1, 2026; applications due August 26, 2026; activities through June 30, 2028",Iowa,,,,,,Rural communities and nonprofits ready for next-step growth,Mixed,Technical Assistance,rural strategy; nonprofit capacity; economic vitality; planning,Builds local strategy and implementation capacity for rural recreation-economy projects.,"Not stated in retrieved guideline snippet; provides expert guidance, structured planning support, and targeted resources",None,https://opportunityiowa.gov/media/6856/download?inline=,2026-06-09,RERC-RES-0017
Resource,Rural Entrepreneurship Initiative,Louisiana Economic Development; Edward Lowe Foundation,Available,Applications May 1-May 31,Louisiana,,,,,,"Louisiana-based rural second-stage businesses with $600,000-$50,000,000 revenue and 5-99 employees",Mixed,Technical Assistance,rural entrepreneurship; second-stage business; growth strategy,"Helps scalable rural outdoor, food, lodging, and experience businesses refine growth strategy.",LED-funded participation; no participant cost stated,None,https://www.opportunitylouisiana.gov/program/rural-entrepreneurship-initiative,2026-06-09,RERC-RES-0020
Resource,Green Streets Green Jobs Green Towns,Chesapeake Bay Trust; EPA Region 3; partners,Available,2026 deadline was March 13 2026; future rounds expected,Maryland,,,,,,local governments; nonprofits; community partners,Mixed,Technical Assistance,green streets; stormwater; tree canopy; town greening; livability,"Adds green infrastructure and streetscape quality to rural downtowns, waterfronts, and trail corridors.",varies by track,None,https://cbtrust.org/green-streets-green-jobs-green-towns,2026-06-09,RERC-RES-0022
Resource,People Energizing Places Service Grant,Missouri Main Street Connection,Available,Applications accepted monthly,Missouri,,,,,,Missouri Main Street communities and historic commercial districts,Mixed,Technical Assistance,Main Street; strategic planning; branding; hospitality; downtown capacity,Builds the local Main Street capacity RERC towns need to capture recreation spending.,"Total value $38,400; MMSC share $28,800",None,https://momainstreet.org/programs-trainings/people-energizing-places-service-grant,2026-06-09,RERC-RES-0027
Resource,Lending and Technical Assistance,Communities Unlimited,Available,Rolling request-services model,Multi-State,Alabama; Arkansas; Louisiana; Mississippi; Oklahoma; Tennessee; Texas,Communities Unlimited provides lending and technical assistance across its seven-state service area; services vary by location.,https://communitiesu.org/lending/,,,"Rural small businesses, communities, utilities, and community-based organizations",Mixed,Technical Assistance,"rural entrepreneurship, community infrastructure, small business, utilities, community facilities","Can support water, wastewater, small business, and community-facility needs behind recreation destinations.",Varies by loan or TA need,None,https://communitiesu.org/,2026-06-09,RERC-RES-0029
Resource,AARP Bike Audit Tool Kit,AARP Livable Communities,Available,Available online,National,,,,,,Residents; local governments; community groups; schools; planners,Idea; Planning,Toolkit,biking; safety; accessibility; streets; trails,"Shows how to review bicycle routes, intersections, parking, signs, and rider comfort.",Free,None,https://www.aarp.org/livable-communities/getting-around/aarp-bike-audit-tool-kit,2026-07-13,RERC-RES-0031
Resource,AARP Disaster Resilience Tool Kit,AARP Livable Communities,Available,Available online,National,,,,,,Local governments; community groups; emergency partners; residents,Planning; Implementation,Toolkit,disaster resilience; older adults; preparedness; community networks,Offers steps for stronger local preparedness with attention to older adults and other people who may need more help.,Free,None,https://www.aarp.org/livable-communities/tool-kits-resources/info-2022/aarp-disaster-resilience-tool-kit.html,2026-07-13,RERC-RES-0032
Resource,AARP Livable Communities Publications Library,AARP Livable Communities,Available,Available online,National,,,,,,Local governments; community groups; residents; planners,Idea; Planning; Implementation,Toolkit library,livability; aging; transportation; housing; public space,"Offers guides and worksheets for safer, healthier, and more livable communities.",Free,None,https://www.aarp.org/livable-communities/tool-kits-resources,2026-07-13,RERC-RES-0034
Resource,AARP Walk Audit Tool Kit,AARP Livable Communities,Available,Available online,National,,,,,,Residents; local governments; community groups; schools; planners,Idea; Planning,Toolkit,walking; safety; accessibility; streets; public engagement,Shows community members how to review walking conditions and record problems and ideas.,Free,None,https://www.aarp.org/livable-communities/getting-around/aarp-walk-audit-tool-kit,2026-07-13,RERC-RES-0035
Resource,AARP Walk Audit Worksheets,AARP Livable Communities,Available,Available online,National,,,,,,Residents; local governments; community groups; schools; planners,Idea; Planning,Worksheets,walking; safety; accessibility; streets; field work,"Provides fillable worksheets for observing sidewalks, crossings, comfort, access, and safety.",Free,None,https://www.aarp.org/livable-communities/getting-around/aarp-walk-audit-worksheets-english,2026-07-13,RERC-RES-0036
Resource,AARP Livability Index,AARP Public Policy Institute,Available,Available online,National,,,,,,Residents; local governments; planners; community organizations,Idea; Planning,Community data tool,livability; housing; transportation; health; environment; opportunity,"Provides local scores and data for housing, neighborhoods, transportation, health, environment, engagement, and opportunity.",Free,None,https://livabilityindex.aarp.org/,2026-07-13,RERC-RES-0033
Resource,Planning KnowledgeBase,American Planning Association,Available,Availability varies by item,National,,,,,,Local officials; planners; community organizations; project teams,Idea; Planning,Reference library,planning; land use; zoning; community development; best practices,Collects planning guidance and examples by topic.,Some content is public; some may require membership,None,https://www.planning.org/knowledgebase,2026-07-13,RERC-RES-0049
Resource,Rural and Tribal Community Resources,Build America Bureau,Available,Available online,National,,,,,,Rural local governments; Tribes; transportation project sponsors,Idea; Planning; Application,Resource hub,rural transportation; tribal; project development; funding,"Collects project development, funding, financing, and technical assistance resources for rural and Tribal communities.",Free,None,https://www.transportation.gov/buildamerica/rural,2026-07-13,RERC-RES-0056
Resource,Rural Innovation Initiative,Center on Rural Innovation,Available,Cohort-based cycles; verify current application period,National,,,,,,Rural communities and local coalitions building entrepreneurship ecosystems,Mixed,Technical Assistance,"rural entrepreneurship, digital economy, ecosystem building, grant readiness, strategy","Builds rural business ecosystems that can support recreation, tourism, remote work, and main street growth.",TA value varies,None,https://ruralinnovation.us/our-work/rural-innovation-initiative,2026-06-09,RERC-RES-0054
Resource,BRIC Direct Technical Assistance,Federal Emergency Management Agency,Available,Request and selection process varies,National,,,,,,Local governments; Tribes; territories; priority rural and high-risk communities,Idea; Planning; Design,Technical assistance,hazard mitigation; resilience; planning; nature-based solutions,"Provides hands-on help with risk assessment, community engagement, partnerships, planning, and project design. It does not provide money.",Free,None,https://www.fema.gov/grants/mitigation/learn/building-resilient-infrastructure-communities/direct-technical-assistance,2026-07-13,RERC-RES-0037
Resource,Benefit-Cost Analysis Toolkit,Federal Emergency Management Agency,Available,Available online,National,,,,,,Local governments; Tribes; states; hazard mitigation applicants; technical partners,Planning; Application,Calculator and guidance,hazard mitigation; benefit-cost analysis; grant application,"Provides FEMA methods, software, and guidance for benefit-cost analysis.",Free,None,https://www.fema.gov/grants/tools/benefit-cost-analysis,2026-07-13,RERC-RES-0038
Resource,Hazus,Federal Emergency Management Agency,Available,Available online,National,,,,,,Emergency managers; planners; local governments; Tribes; technical partners,Planning; Design,Risk analysis software,hazards; risk; flooding; earthquakes; hurricanes; mapping,"Estimates possible losses from floods, hurricanes, earthquakes, and other hazards.",Free,None,https://www.fema.gov/flood-maps/products-tools/hazus,2026-07-13,RERC-RES-0042
Resource,Pedestrian and Bicycle Funding Resources,Federal Highway Administration,Available,Available online,National,,,,,,Local governments; transportation agencies; planning groups; community partners,Planning; Design,Funding guide,walking; biking; trails; transportation funding,Collects funding programs and guidance for walking and biking projects.,Free,None,https://www.fhwa.dot.gov/environment/bicycle_pedestrian/funding,2026-07-13,RERC-RES-0048
Resource,Transportation Planning Capacity Building Program,Federal Highway Administration and Federal Transit Administration,Available,Available online; peer help has its own request process,National,,,,,,State; local; regional; and Tribal governments; transit agencies; community leaders,Idea; Planning,Training and technical assistance,transportation planning; training; peer help; rural,"Provides training, planning tools, a resource hub, and free peer assistance.",Free,None,https://www.planning.dot.gov/,2026-07-13,RERC-RES-0060
Resource,Helping Communities Directory,National Park Service,Available,Available online,National,,,,,,Local governments; Tribes; nonprofits; community and conservation groups,Idea; Planning,Program directory,parks; trails; rivers; conservation; historic preservation,"Links to NPS community assistance, recognition, and funding programs for recreation, conservation, and preservation.",Free,None,https://www.nps.gov/subjects/partnerships/helping-communities.htm,2026-07-13,RERC-RES-0043
Resource,Historic Preservation Grants and Technical Assistance Directory,National Park Service,Available,Program schedules vary,National,,,,,,States; Tribes; local governments; preservation organizations; eligible nonprofits,Planning; Design; Construction,Funding and assistance directory,historic preservation; main street; cultural heritage; grants,"Links to NPS historic preservation grants and technical assistance for states, Tribes, and local communities.",Free,None,https://www.nps.gov/orgs/1623/whatwedo.htm,2026-07-13,RERC-RES-0044
Resource,Outdoor Recreation Legacy Partnership Application Help,National Park Service,Available,2026 webinars and one-on-one help are listed on the page,National,,,,,,Potential ORLP applicants and state lead agencies,Planning; Application,Technical assistance,parks; outdoor recreation; grant application; technical assistance,"Offers application guidance, webinars, state contacts, and possible one-on-one help for ORLP applicants.",Free,None,https://www.nps.gov/subjects/lwcf/orlp-technical-assistance.htm,2026-07-13,RERC-RES-0047
Resource,Rivers Trails and Conservation Assistance Program,National Park Service,Available,Annual application process; contact the regional program office,National,,,,,,Community groups; nonprofits; Tribes; local governments; state and federal agencies,Idea; Planning; Design,Technical assistance,parks; trails; rivers; conservation; partnerships; planning,Provides NPS planning and facilitation services for locally led conservation and outdoor recreation projects. It does not provide money.,Free,None,https://www.nps.gov/orgs/rtca/index.htm,2026-07-13,RERC-RES-0051
Resource,Rivers Trails and Conservation Assistance Resource Library,National Park Service,Available,Available online,National,,,,,,Communities; planners; nonprofits; Tribes; park and trail partners,Idea; Planning; Design,Toolkit library,parks; trails; rivers; health; workshops; planning,"Offers case studies, workbooks, river guides, and trail planning toolkits.",Free,None,https://www.nps.gov/orgs/rtca/resources.htm,2026-07-13,RERC-RES-0052
Resource,Internet for All Programs,National Telecommunications and Information Administration,Available,Available online.,National,,,,,,States; territories; Tribes; local and regional partners; broadband organizations,Planning; Design; Implementation,Program directory,broadband; digital access; infrastructure; adoption,Federal broadband program information and planning resources.,Free,None,https://broadbandusa.ntia.gov/,2026-07-13,RERC-RES-0045
Resource,Rural Technical Assistance Network,Rural Community Assistance Partnership,Available,Rolling request through regional partners,National,,,,,,"Rural and tribal communities, water systems, and local partners",Mixed,Technical Assistance,"rural infrastructure, water, wastewater, capacity, community development",Helps rural destinations solve water and infrastructure capacity issues that limit recreation growth.,No direct grant amount; TA resource,None,https://www.rcap.org/,2026-06-09,RERC-RES-0055
Resource,DOT Competitive Grants Dashboard,U.S. Department of Transportation,Available,Updated weekly,National,,,,,,Local governments; Tribes; regional organizations; project partners,Planning; Design,Funding directory,transportation; grant search; rural; tribal,Searches more than 100 transportation grant programs and highlights rural set-asides and match waivers.,Free,None,https://www.transportation.gov/grants/dashboard,2026-07-13,RERC-RES-0039
Resource,ROUTES Rural Grant Applicant Toolkit,U.S. Department of Transportation,Available,Available online,National,,,,,,Rural local governments; Tribes; regional organizations,Idea; Planning; Application,Toolkit,transportation; rural; grant application; project development,"Explains transportation grants, applicant steps, funding choices, and rural considerations.",Free,None,https://www.transportation.gov/rural,2026-07-13,RERC-RES-0050
Resource,Rural Eligibility Tools,U.S. Department of Transportation,Available,Available online,National,,,,,,Rural local governments; Tribes; states; project partners,Idea; Planning; Application,Eligibility guide,rural; eligibility; transportation; mapping,Explains how USDOT programs define rural areas and links to maps used for eligibility checks.,Free,None,https://www.transportation.gov/rural/eligibility,2026-07-13,RERC-RES-0053
Resource,Economic Development Integration,U.S. Economic Development Administration,Available,Available online,National,,,,,,Local governments; economic development districts; Tribes; regional partners,Planning; Funding strategy,Program guidance,economic development; funding coordination; partnerships; CEDS,Explains how communities can coordinate EDA and other public investments around one economic development strategy.,Free,None,https://www.eda.gov/strategic-initiatives/economic-development-integration,2026-07-13,RERC-RES-0040
Resource,Find Open EDA Funding,U.S. Economic Development Administration,Available,Available online,National,,,,,,Local governments; Tribes; economic development districts; eligible nonprofits and institutions,Planning; Application,Funding directory,economic development; infrastructure; planning; workforce; funding search,Lists open EDA funding and the current application rules for each program.,Free,None,https://www.eda.gov/funding/funding-opportunities/all-opportunities,2026-07-13,RERC-RES-0041
Resource,MOVES Emissions Model,U.S. Environmental Protection Agency,Available,Available online,National,,,,,,Transportation and air quality agencies; planners; technical consultants,Planning; Design,Analysis software,transportation; air quality; emissions; analysis,"Estimates emissions from cars, trucks, buses, and other mobile sources.",Free,None,https://www.epa.gov/moves,2026-07-13,RERC-RES-0046
Resource,Smart Growth Tools and Resources,U.S. Environmental Protection Agency,Available,Available online,National,,,,,,Local governments; Tribes; planning organizations; community partners,Idea; Planning,Resource library,smart growth; rural; land use; transportation; resilience,"Provides EPA planning tools, maps, publications, and technical assistance links.",Free,None,https://www.epa.gov/smartgrowth,2026-07-13,RERC-RES-0057
Resource,Smart Growth in Small Towns and Rural Communities,U.S. Environmental Protection Agency,Available,Available online,National,,,,,,Local governments; Tribes; nonprofits; community organizations; residents,Idea; Planning,Resource library,rural planning; main street; land use; revitalization; environment,"Collects EPA guides, case studies, and planning help for rural communities and small towns.",Free,None,https://www.epa.gov/smartgrowth/smart-growth-small-towns-and-rural-communities,2026-07-13,RERC-RES-0058
Resource,Main Street Nevada,Nevada Governor's Office of Economic Development,Available,Annual technical assistance and grant activity,Nevada,,,,,,Designated Main Street communities and organizations,Mixed,Technical Assistance,downtown revitalization; preservation; business districts; placemaking,Improves visitor-facing downtowns in rural recreation communities.,2026 awards reported; amounts vary,None,https://goed.nv.gov/programs/rural-economic-community-development/main-street,2026-06-09,RERC-RES-0061
Resource,Sustainable Jersey-PSE&G Energy Efficiency Partnership Program,Sustainable Jersey and PSE&G,Cycle closed,"2026 application period closed June 3, 2026",New Jersey,,,,,,Municipalities fully served by PSE&G electric and gas,Mixed,Technical Assistance,"municipal energy efficiency, outreach, small business efficiency",Helps municipalities cut facility costs and support local small-business efficiency outreach.,Free TA and funding support; amount varies,None,https://www.sustainablejersey.com/grants/sj-pseg-energy-efficiency-partnership-program,2026-06-09,RERC-RES-0062
Resource,Clean Energy Communities 3.0,NYSERDA,Available,Ongoing Round 3.0,New York,,,,,,Local governments,Mixed,Technical Assistance,clean energy; municipal facilities; resilience; cost reduction,"Helps towns reduce facility costs and fund clean-energy upgrades for public buildings, visitor amenities, and community assets.",Varies by points and designation pathway,None,https://www.nyserda.ny.gov/All-Programs/clean-energy-communities,2026-06-09,RERC-RES-0063
Resource,Clean Energy Communities Round 3.0,NYSERDA,Available,Round 3.0 ongoing,New York,,,,,,Local governments,Mixed,Technical Assistance,"municipal energy, clean fleets, building efficiency, community campaigns",Municipal RERC partners can fund energy actions that support resilient downtowns and public recreation assets.,"Varies by designation, action, and population",None,https://www.nyserda.ny.gov/All-Programs/Clean-Energy-Communities/How-It-Works,2026-06-09,RERC-RES-0064
Resource,Technical Assistance,New York State Department of Environmental Conservation,Available,Available online,New York,,,,,,Selected municipalities/public water supply communities,Planning,Technical Assistance,Infrastructure; Planning; Conservation,Protect drinking water sources through planning and implementation support.,No cash grant; free technical assistance,None,https://dec.ny.gov/get-involved/grant-applications,2026-06-09,RERC-RES-0065
Funding,CNMI State Trade Expansion Program,CNMI Department of Commerce,Available,Check the CNMI Department of Commerce for current STEP forms and cycle status.,Northern Mariana Islands,,,,,,Eligible CNMI small businesses new to exporting or seeking market expansion.,Capacity Building,Grant and Technical Assistance,export; small business; market expansion; trade shows; training,"Supports foreign trade missions, trade shows, export training, marketing materials, website costs, and subscription services for CNMI small businesses.",Financial assistance varies by STEP cycle.,None,https://www.commerce.gov.mp/cnmi-step,2026-06-24,RERC-RES-0066
Funding,Operation Round-Up,Northeast Oklahoma Electric Cooperative,Available,"2026 deadlines include July 1, September 1, November 2",Oklahoma,,,,,,Organizations and individuals in service area,Mixed,Grant,"community needs, nonprofits, civic projects",Rural recreation communities can route small civic and facility needs through a local co-op fund.,Varies by trust decision,None,https://www.noec.coop/community/operation-round-up,2026-06-09,RERC-RES-0068
Resource,Recreation Ready Program,Travel Oregon,Available,2025-2029 program period,Oregon,,,,,,Rural and gateway communities selected by Travel Oregon,Mixed,Technical Assistance,outdoor recreation; destination stewardship; planning; capacity,Designed for communities building sustainable outdoor recreation economies.,Technical assistance and project-development support; amount varies,None,https://industry.traveloregon.com/programs/recreation-ready-program,2026-06-09,RERC-RES-0069
Resource,Rising Entrepreneurs and Leadership Programs,Bravo Family Foundation,Available,Check with the program for current application windows.,Puerto Rico,,,,,,"Puerto Rico entrepreneurs, young leaders, students, and founders listed in each program.",Capacity Building,Technical Assistance,entrepreneurship; leadership; technology; mentorship; community innovation,"Supports Puerto Rico leadership, entrepreneurship, technology, mentoring, and community innovation programs.","Program support, mentoring, and network access vary by program.",None,https://www.bravofamilyfoundation.org/,2026-06-24,RERC-RES-0072
Resource,Small Business Incubators and Accelerators,Fundacion Comunitaria de Puerto Rico and Puerto Rico Department of Housing,Available,The fifth cycle began in October 2025; check with the program for current enrollment status.,Puerto Rico,,,,,,Puerto Rico residents with business ideas and Puerto Rico firms seeking acceleration support.,Capacity Building,Technical Assistance,small business; entrepreneurship; training; mentoring; CDBG-DR; economic recovery,"Provides no-cost business training, mentoring, and support to help Puerto Rico entrepreneurs formalize or grow businesses.",No-cost training and mentoring; see current cycle materials.,None,https://www.fcpr.org/emprende,2026-06-24,RERC-RES-0073
Resource,"Puerto Rico Science, Technology and Research Trust Programs","Puerto Rico Science, Technology and Research Trust",Available,Check individual Trust programs for current application windows.,Puerto Rico,,,,,,"Puerto Rico researchers, entrepreneurs, businesses, and organizations listed in each Trust program.",Capacity Building,Technical Assistance,entrepreneurship; innovation; research; workforce; agriculture; biodiversity,"Supports research, entrepreneurship, workforce, innovation, biodiversity, agriculture, health, and technology programs that can strengthen local economies.","Funding, mentorship, and program support vary by program.",None,https://prsciencetrust.org/,2026-06-24,RERC-RES-0071
Resource,RiverTowns Program,Tennessee RiverLine,Available,ongoing program,Tennessee,,,,,,Tennessee River communities,Mixed,Technical Assistance,river access; trails; parks; public spaces; tourism,Provides planning and design support for river-based recreation economies and Tennessee River access communities.,no direct cash amount stated,None,https://www.tnriverline.org/rivertowns-program,2026-06-09,RERC-RES-0075
Funding,USDA Forest Service - Community Forest and Open Space Program,USDA Forest Service,Cycle closed,The next Request for Proposals is pending approval and release; a date has not been announced.,United States,,,,,,"Local governments, federally recognized Tribes, Alaska Native Corporations, and qualified nonprofits, including land trusts",Acquisition; implementation,Grant,community forest; conservation; public access; recreation; habitat; water; local economy,"Helps eligible organizations acquire and establish locally managed community forests that provide public access and benefits such as recreation, clean water, wildlife habitat, learning sites, and forest products.",See program,None,https://www.fs.usda.gov/managing-land/private-land/community-forest,2026-06-23,RERC-RES-0076
Resource,USDA Forest Service - Forest Stewardship Program,USDA Forest Service,Available,Ongoing. Contact the state forestry agency to find a local service forester.,United States,,,,,,"Private landowners, including individuals and families, who own 10 acres or more of forest land",Planning; operations and maintenance,Technical Assistance,forest stewardship; private land; technical assistance; conservation; timber; woodland management,"Connects private forest owners with state forestry agencies, extension offices, and conservation districts to set goals and plan sound woodland management.",No-cost planning assistance; services vary by state,None listed,https://www.fs.usda.gov/managing-land/private-land/forest-stewardship/,2026-06-23,RERC-RES-0078
Resource,Virginia Geographic Information Network,Commonwealth of Virginia,Available,Available online,Virginia,,,,,,Virginia local governments; GIS staff; planners; researchers,Planning; Design,Map and data portal,GIS; maps; imagery; elevation; boundaries,Provides statewide mapping data and GIS services for Virginia.,Free,None,https://vgin.vdem.virginia.gov/,2026-07-13,RERC-RES-0087
Resource,Virginia Open Data,Commonwealth of Virginia,Available,Available online,Virginia,,,,,,Virginia local governments; residents; planners; researchers,Idea; Planning,Data portal,open data; community conditions; mapping; research,Provides public data published by Virginia agencies.,Free,None,https://data.virginia.gov/,2026-07-13,RERC-RES-0088
Resource,Community Business Launch,Virginia DHCD,Available,"2026 applications due Jun. 17, 2026",Virginia,,,,,,Local governments and partner organizations,Mixed,Technical Assistance,entrepreneurship; storefronts; downtown business districts,Builds the small-business base around trail towns and recreation gateways.,Varies,None,https://www.dhcd.virginia.gov/cbl,2026-06-09,RERC-RES-0084
Resource,Virginia DHCD Resources,Virginia Department of Housing and Community Development,Available,Program schedules vary,Virginia,,,,,,Virginia local governments; nonprofits; housing and community development partners,Idea; Planning; Application,Program directory,housing; community development; main street; business; grants,"Links to Virginia housing, community development, Main Street, broadband, and economic development programs.",Free,None,https://www.dhcd.virginia.gov/,2026-07-13,RERC-RES-0086
Resource,West Virginia Brownfields Assistance Centers,WV Brownfields Assistance Centers,Available,Ongoing assistance and EPA grant training,West Virginia,,,,,,West Virginia communities and redevelopment partners,Mixed,Technical Assistance,"brownfields, abandoned buildings, redevelopment, grant readiness","Helps rural towns identify, prioritize, and fund reuse of abandoned buildings and brownfield sites for recreation-economy uses.","TA, not direct cash",None,https://wvbrownfields.org/assistance,2026-06-09,RERC-RES-0091
Resource,Outdoor Community Development Assistance,WVU Brad and Alys Smith OEDC,Available,Available online.,West Virginia,,,,,,Communities and local partners,Planning,Technical Assistance,trail towns; asset mapping; strategy; partner building,Community development guidance and support for outdoor recreation work in West Virginia.,TA; no direct grant amount listed,None,https://oedc.wvu.edu/grow-your-outdoor-economy/,2026-07-13,RERC-RES-0090
Resource,C.O.R.E. Initiative,WVU Brad and Alys Smith Outdoor Economic Development Collaborative,Available,Available online.,West Virginia,,,,,,Communities; nonprofits; small businesses; local partners,Mixed,Technical Assistance,outdoor economy; business support; community capacity,"Provides training, technical assistance, and resources for West Virginia outdoor businesses, nonprofits, and communities.",TA; no direct grant amount listed,None,https://oedc.wvu.edu/grow-your-outdoor-economy/build-local-capacity/,2026-07-13,RERC-RES-0089
Resource,ARISE Regional Multistate Collaboration Toolkit,Appalachian Regional Commission,Available,Available online,Nationwide and U.S. territories,,,,,,Local governments; Tribal governments and organizations; nonprofits; community groups; businesses; planners; economic development partners,Planning,Case-study collection,community engagement; equity; inclusion; outdoor access; planning; local capacity,Appalachian Regional Initiative for Stronger Economies. A Regional Multistate Collaboration Toolkit.,Free public resource,None,https://www.arc.gov/wp-content/uploads/2022/08/Case-Studies-Toolkit_Final_081522r1.pdf,2026-07-20,RERC-RES-R2-004
Resource,Diversify Outdoors,Diversify Outdoors,Available,Available online,Nationwide and U.S. territories,,,,,,Local governments; Tribal governments and organizations; nonprofits; community groups; businesses; planners; economic development partners,Planning,Resource hub,community engagement; equity; inclusion; outdoor access; planning; local capacity,"Connects outdoor groups led by people of color, LGBTQIA+ people, people with disabilities, and other groups that have often been left out.",Free public resource,None,https://www.diversifyoutdoors.com/,2026-07-20,RERC-RES-R2-005
Resource,Outdoor Afro: Where Black People and Nature Meet,Outdoor Afro: Where Black People and Nature Meet,Available,Available online,Nationwide and U.S. territories,,,,,,Local governments; Tribal governments and organizations; nonprofits; community groups; businesses; planners; economic development partners,Planning,Resource hub,community engagement; equity; inclusion; outdoor access; planning; local capacity,Builds Black leadership and connections with nature through local programs and a national network.,Free public resource,None,https://outdoorafro.org/,2026-07-20,RERC-RES-R2-006
Resource,Skowhegan Outdoor Recreation Plan,Main Street Skowhegan and community partners,Available,Available online,Maine,,,,,,Local governments; Tribal governments and organizations; nonprofits; community groups; businesses; planners; economic development partners,Planning,Report,outdoor recreation; planning; case studies; economic development; local capacity,"Summarizes Skowhegan's outdoor recreation goals, assets, priorities, and next steps for local economic and community development.",Free public resource,None,https://runofriver.org/outdoor-recreation-plan/,2026-07-20,RERC-RES-R2-015
Resource,Skowhegan Strategic Plan for Community Transformation,Main Street Skowhegan and community partners,Available,Available online,Maine,,,,,,Local governments; Tribal governments and organizations; nonprofits; community groups; businesses; planners; economic development partners,Planning,Report,outdoor recreation; planning; case studies; economic development; local capacity,Shares Skowhegan's strategic priorities for community and economic development and coordinated local action.,Free public resource,None,https://mainstreetskowhegan.org/strategic-planning/,2026-07-20,RERC-RES-R2-016
Resource,"Parks, Trails, and Health Workbook",National Park Service and Centers for Disease Control and Prevention,Available,Available online,Nationwide and U.S. territories,,,,,,Local governments; Tribal governments and organizations; nonprofits; community groups; businesses; planners; economic development partners,Planning,Toolkit or guide,parks; trails; health; conservation; stewardship; community engagement,"National Park Service and Centers for Disease Control and Prevention. Parks, Trails, and Health Workbook: A Tool for Planners, Parks & Recreation Professionals, and Health Practitioners.",Free public resource,None,https://www.nps.gov/orgs/rtca/upload/Parks-Trails-and-Health-Workbook_2020.pdf,2026-07-20,RERC-RES-R2-026
Resource,Stewardship Mapping and Assessment Project,USDA Forest Service,Available,Available online,Nationwide and U.S. territories,,,,,,Local governments; Tribal governments and organizations; nonprofits; community groups; businesses; planners; economic development partners,Planning,Report,parks; trails; health; conservation; stewardship; community engagement,Explains how communities can map stewardship groups and activities to understand local conservation networks and partnerships.,Free public resource,None,https://www.fs.usda.gov/nrs/pubs/gtr/gtr_nrs156.pdf,2026-07-20,RERC-RES-R2-028
Resource,Putting Smart Growth to Work in Rural Communities,U.S. Environmental Protection Agency and partners,Available,Available online,Nationwide and U.S. territories,,,,,,Local governments; Tribal governments and organizations; nonprofits; community groups; businesses; planners; economic development partners,Planning,Toolkit or guide,downtown; main street; placemaking; economic development; business; planning,International City/County Management Association and Smart Growth Network. Putting Smart Growth to Work in Rural Communities.,Free public resource,None,https://www.epa.gov/smartgrowth/putting-smart-growth-work-rural-communities,2026-07-20,RERC-RES-R2-029
Resource,Why Some Places Thrive and Others Fail,Virginia Municipal League,Available,Available online,Virginia,,,,,,Local governments; Tribal governments and organizations; nonprofits; community groups; businesses; planners; economic development partners,Planning,Report,downtown; main street; placemaking; economic development; business; planning,Explains practical ways communities can support growth while protecting what makes each place special.,Free public resource,None,https://www.vml.org/wp-content/uploads/pdf/VTCJanFeb17_pg21-25.pdf,2026-07-20,RERC-RES-R2-031
Resource,Planning for Prosperity in Small Towns and Rural Regions,National Association of Development Organizations,Available,Available online,Nationwide and U.S. territories,,,,,,Local governments; Tribal governments and organizations; nonprofits; community groups; businesses; planners; economic development partners,Planning,Webinar or video,downtown; main street; placemaking; economic development; business; planning,National Association of Development Organizations (NADO). Planning for Prosperity in Small Towns and Rural Regions.,Free public resource,None,https://www.nado.org/online-resource-planning-for-prosperity-in-small-towns-and-rural-regions/,2026-07-20,RERC-RES-R2-033
Resource,"National Association of Development Organizations, WealthWorks Rural Economic Development Case Studies",National Association of Development Organizations,Available,Available online,Nationwide and U.S. territories,,,,,,Local governments; Tribal governments and organizations; nonprofits; community groups; businesses; planners; economic development partners,Planning,Case-study collection,downtown; main street; placemaking; economic development; business; planning,"Shows how rural communities can build local wealth by using local skills, businesses, and other assets.",Free public resource,None,https://www.nado.org/wealthworks-case-studies/,2026-07-20,RERC-RES-R2-034
Resource,Power of 10+ Placemaking Guide,Project for Public Spaces,Available,Available online,Nationwide and U.S. territories,,,,,,Local governments; Tribal governments and organizations; nonprofits; community groups; businesses; planners; economic development partners,Planning,Resource hub,downtown; main street; placemaking; economic development; business; planning,Shows how to assess public places and add useful things for people to do.,Free public resource,None,https://www.pps.org/article/the-power-of-10,2026-07-20,RERC-RES-R2-036
Resource,Rural America Placemaking Toolkit,USDA Rural Development and University of Kentucky,Available,Available online,Nationwide and U.S. territories,,,,,,Local governments; Tribal governments and organizations; nonprofits; community groups; businesses; planners; economic development partners,Planning,Case-study collection,downtown; main street; placemaking; economic development; business; planning,"Offers tools, examples, and training to help rural communities plan public places with local partners.",Free public resource,None,https://www.ruralplacemaking.com/,2026-07-20,RERC-RES-R2-041
Resource,Essential Smart Growth Fixes for Rural Communities,U.S. Environmental Protection Agency,Available,Available online,Nationwide and U.S. territories,,,,,,Local governments; Tribal governments and organizations; nonprofits; community groups; businesses; planners; economic development partners,Planning,Report,downtown; main street; placemaking; economic development; business; planning,Lists policy changes rural communities can use to guide growth and protect local character.,Free public resource,None,https://www.epa.gov/smartgrowth/essential-smart-growth-fixes-communities,2026-07-20,RERC-RES-R2-043
Resource,Framework for a Smart Growth Economic Development Strategy,U.S. Environmental Protection Agency,Available,Available online,Nationwide and U.S. territories,,,,,,Local governments; Tribal governments and organizations; nonprofits; community groups; businesses; planners; economic development partners,Planning,Toolkit or guide,downtown; main street; placemaking; economic development; business; planning,Helps communities build an economic development plan around local needs and assets.,Free public resource,None,https://www.epa.gov/smartgrowth/framework-creating-smart-growth-economic-development-strategy,2026-07-20,RERC-RES-R2-044
Resource,Smart Growth Self-Assessment for Rural Communities,U.S. Environmental Protection Agency,Available,Available online,Nationwide and U.S. territories,,,,,,Local governments; Tribal governments and organizations; nonprofits; community groups; businesses; planners; economic development partners,Planning,Report,downtown; main street; placemaking; economic development; business; planning,Provides a checklist for reviewing rural growth and development policies.,Free public resource,None,https://www.epa.gov/smartgrowth/smart-growth-self-assessment-rural-communities,2026-07-20,RERC-RES-R2-045
Resource,Outdoor Recreation Satellite Account,U.S. Bureau of Economic Analysis,Available,Available online,Nationwide and U.S. territories,,,,,,Local governments; Tribal governments and organizations; nonprofits; community groups; businesses; planners; economic development partners,Planning,Data and analysis tool,outdoor recreation; tourism; recreation economy; workforce; economic development; data,"Bureau of Economic Analysis, Outdoor Recreation Satellite Account. Federal dataset measuring the economic activity as well as sales and receipts generated by outdoor recreational activities across the U.S.",Free public resource,None,https://www.bea.gov/data/special-topics/outdoor-recreation,2026-07-20,RERC-RES-R2-047
Resource,Headwaters Economics Outdoor Recreation Resources,Headwaters Economics,Available,Available online,Nationwide and U.S. territories,,,,,,Local governments; Tribal governments and organizations; nonprofits; community groups; businesses; planners; economic development partners,Planning,Data and analysis tool,outdoor recreation; tourism; recreation economy; workforce; economic development; data,"Offers research and tools about land, outdoor recreation, and community growth.",Free public resource,None,https://headwaterseconomics.org/outdoor-recreation/,2026-07-20,RERC-RES-R2-051
Resource,The Amenity Trap: How High-Amenity Communities Can Avoid Being Loved to Death,Headwaters Economics,Available,Available online,Nationwide and U.S. territories,,,,,,Local governments; Tribal governments and organizations; nonprofits; community groups; businesses; planners; economic development partners,Planning,Report,outdoor recreation; tourism; recreation economy; workforce; economic development; data,"(2023). A report analyzing four major challenges and ways they uniquely affect amenity communities: housing, infrastructure, fiscal policy, and natural disasters.",Free public resource,None,https://headwaterseconomics.org/outdoor-recreation/amenity-trap/,2026-07-20,RERC-RES-R2-052
Resource,Best Practices for States to Fund Outdoor Recreation,Headwaters Economics,Available,Available online,Nationwide and U.S. territories,,,,,,Local governments; Tribal governments and organizations; nonprofits; community groups; businesses; planners; economic development partners,Planning,Case-study collection,outdoor recreation; tourism; recreation economy; workforce; economic development; data,(2017). Seven case studies illustrate best practices and lessons learned to develop programs for outdoor state recreation funding.,Free public resource,None,https://headwaterseconomics.org/economic-development/state-recreation-funding/,2026-07-20,RERC-RES-R2-053
Resource,How Outdoor Recreation Supports Rural Economic Development,Headwaters Economics,Available,Available online,Nationwide and U.S. territories,,,,,,Local governments; Tribal governments and organizations; nonprofits; community groups; businesses; planners; economic development partners,Planning,Report,outdoor recreation; tourism; recreation economy; workforce; economic development; data,"(2019). Report that finds that counties with outdoor recreation economies are more likely to attract new residents with greater wealth and have faster-growing wages than their non-recreation counterparts, particularly in rural communities.",Free public resource,None,https://headwaterseconomics.org/economic-development/trends-performance/outdoor-recreation/,2026-07-20,RERC-RES-R2-055
Resource,The Outdoor Recreation Economy by State,Headwaters Economics,Available,Available online,Nationwide and U.S. territories,,,,,,Local governments; Tribal governments and organizations; nonprofits; community groups; businesses; planners; economic development partners,Planning,Data and analysis tool,outdoor recreation; tourism; recreation economy; workforce; economic development; data,"(2021, updated 2023). Report outlines the outdoor recreation economy impacts by state, using Bureau of Economic Analysis data.",Free public resource,None,https://headwaterseconomics.org/economic-development/trends-performance/outdoor-recreation-economy-by-state/,2026-07-20,RERC-RES-R2-057
Resource,River Access Planning Guide,National Park Service,Available,Available online,Nationwide and U.S. territories,,,,,,Local governments; Tribal governments and organizations; nonprofits; community groups; businesses; planners; economic development partners,Planning,Toolkit or guide,outdoor recreation; tourism; recreation economy; workforce; economic development; data,"National Park Service, River Access Planning Guide. An online and downloadable resource for planning river access.",Free public resource,None,https://www.nps.gov/articles/river-access-planning-guide-a-decision-making-framework-for-enhancing-river-access.htm,2026-07-20,RERC-RES-R2-059
Resource,Northern Forest Outdoor Recreation Economy Symposium,Northern Forest Center,Available,Available online,Maine; New Hampshire; New York; Vermont,,,,,,Local governments; Tribal governments and organizations; nonprofits; community groups; businesses; planners; economic development partners,Planning,Report,outdoor recreation; tourism; recreation economy; workforce; economic development; data,Shares presentations and lessons from a regional symposium on outdoor recreation in the Northern Forest.,Free public resource,None,https://northernforest.org/recreation-symposium/,2026-07-20,RERC-RES-R2-060
Resource,Outdoor Industry Association Research and Resources,Outdoor Industry Association,Available,Available online,Nationwide and U.S. territories,,,,,,Local governments; Tribal governments and organizations; nonprofits; community groups; businesses; planners; economic development partners,Planning,Resource hub,outdoor recreation; tourism; recreation economy; workforce; economic development; data,Outdoor Industry Association (OIA). OIA synthesizes the different strategies and programs currently employed in the U.S.,Free public resource,None,https://outdoorindustry.org/,2026-07-20,RERC-RES-R2-061
Resource,State Funding Mechanisms for Outdoor Recreation,Outdoor Industry Association and Headwaters Economics,Available,Available online,Nationwide and U.S. territories,,,,,,Local governments; Tribal governments and organizations; nonprofits; community groups; businesses; planners; economic development partners,Planning,Report,outdoor recreation; tourism; recreation economy; workforce; economic development; data,(2017). Provides a summary from Headwaters Economics that outlines state funding mechanisms for outdoor recreation.,Free public resource,None,https://outdoorindustry.org/wp-content/uploads/2017/08/Headwaters-Economics-v4-Screen.pdf,2026-07-20,RERC-RES-R2-063
Resource,State-Level Outdoor Recreation Reports,Outdoor Industry Association,Available,Available online,Nationwide and U.S. territories,,,,,,Local governments; Tribal governments and organizations; nonprofits; community groups; businesses; planners; economic development partners,Planning,Report,outdoor recreation; tourism; recreation economy; workforce; economic development; data,(2021). Provides links to reports describing the participation in and economic impact of the outdoor recreation sector in every state and Congressional district.,Free public resource,None,https://outdoorindustry.org/advocacy/,2026-07-20,RERC-RES-R2-064
Resource,The Outdoor Recreation Economy,Outdoor Industry Association,Available,Available online,Nationwide and U.S. territories,,,,,,Local governments; Tribal governments and organizations; nonprofits; community groups; businesses; planners; economic development partners,Planning,Report,outdoor recreation; tourism; recreation economy; workforce; economic development; data,(2017). Summarizes the economic impact of the outdoor recreation sector across the U.S.,Free public resource,None,https://outdoorindustry.org/wp-content/uploads/2017/04/OIA_RecEconomy_FINAL_Single.pdf,2026-07-20,RERC-RES-R2-065
Resource,White Paper on State Leadership Roles for Outdoor Recreation,Outdoor Industry Association,Available,Available online,Nationwide and U.S. territories,,,,,,Local governments; Tribal governments and organizations; nonprofits; community groups; businesses; planners; economic development partners,Planning,Report,outdoor recreation; tourism; recreation economy; workforce; economic development; data,"(2016). This white paper describes the role that states can play in promoting outdoor recreation, with examples from states that were early to adopt state-level directors of outdoor recreation.",Free public resource,None,https://industry.traveloregon.com/wp-content/uploads/2016/08/Outdoor-Industry-Association-White-Paper-on-State-Leadership-Roles-for-Outdoor-Recreation.pdf,2026-07-20,RERC-RES-R2-066
Resource,Outdoor Recreation Roundtable Resources,Outdoor Recreation Roundtable,Available,Available online,Nationwide and U.S. territories,,,,,,Local governments; Tribal governments and organizations; nonprofits; community groups; businesses; planners; economic development partners,Planning,Resource hub,outdoor recreation; tourism; recreation economy; workforce; economic development; data,"Offers policy, research, and industry resources about outdoor recreation.",Free public resource,None,https://recreationroundtable.org/,2026-07-20,RERC-RES-R2-067
Resource,Outdoor Career Path Module,Outdoor Recreation Roundtable,Available,Available online,Nationwide and U.S. territories,,,,,,Local governments; Tribal governments and organizations; nonprofits; community groups; businesses; planners; economic development partners,Planning,Resource hub,outdoor recreation; tourism; recreation economy; workforce; economic development; data,"Shares real outdoor-industry jobs, career paths, and work-life experiences.",Free public resource,None,https://osucore.s3.us-west-2.amazonaws.com/orr-workforce-profiles-2022/story.html,2026-07-20,RERC-RES-R2-068
Resource,Outdoor Rec Drives Jobs: Careers in the Recreation Economy,Outdoor Recreation Roundtable,Available,Available online,Nationwide and U.S. territories,,,,,,Local governments; Tribal governments and organizations; nonprofits; community groups; businesses; planners; economic development partners,Planning,Report,outdoor recreation; tourism; recreation economy; workforce; economic development; data,Describes outdoor recreation jobs for people with different skills and training.,Free public resource,None,https://recreationroundtable.org/wp-content/uploads/2023/02/Workforce-Report.pdf,2026-07-20,RERC-RES-R2-069
Resource,National Outdoor Recreation Economic Data,Outdoor Recreation Roundtable,Available,Available online,Nationwide and U.S. territories,,,,,,Local governments; Tribal governments and organizations; nonprofits; community groups; businesses; planners; economic development partners,Planning,Data and analysis tool,outdoor recreation; tourism; recreation economy; workforce; economic development; data,Outdoor Recreation Drives the American Economy. This section of the ORR website hosts summary economic statistics overall and by state.,Free public resource,None,https://recreationroundtable.org/resources/national-recreation-data/,2026-07-20,RERC-RES-R2-070
Resource,State Outdoor Recreation Economic Data,Outdoor Recreation Roundtable,Available,Available online,Nationwide and U.S. territories,,,,,,Local governments; Tribal governments and organizations; nonprofits; community groups; businesses; planners; economic development partners,Planning,Data and analysis tool,outdoor recreation; tourism; recreation economy; workforce; economic development; data,Outdoor Recreation Drives the American Economy. This section of the ORR website hosts summary economic statistics overall and by state.,Free public resource,None,https://recreationroundtable.org/resources/state-recreation-data/,2026-07-20,RERC-RES-R2-071
Resource,Society of Outdoor Recreation Professionals Resource Library,Society of Outdoor Recreation Professionals,Available,Available online,Nationwide and U.S. territories,,,,,,Local governments; Tribal governments and organizations; nonprofits; community groups; businesses; planners; economic development partners,Planning,Webinar or video,outdoor recreation; tourism; recreation economy; workforce; economic development; data,"Offers training, webinars, research, and tools for outdoor recreation professionals.",Free public resource,None,https://www.recpro.org/,2026-07-20,RERC-RES-R2-075
Resource,FHWA Bicycle and Pedestrian Program,Federal Highway Administration,Available,Available online,Nationwide and U.S. territories,,,,,,Local governments; Tribal governments and organizations; nonprofits; community groups; businesses; planners; economic development partners,Planning,Case-study collection,trails; transportation; bike; pedestrian; mobility; planning; funding,"Links to federal guidance about walking, biking, safety, design, and funding.",Free public resource,None,https://www.fhwa.dot.gov/environment/bicycle_pedestrian/,2026-07-20,RERC-RES-R2-082
Resource,FHWA Pedestrian and Bicycle Funding Opportunities,Federal Highway Administration,Available,Available online,Nationwide and U.S. territories,,,,,,Local governments; Tribal governments and organizations; nonprofits; community groups; businesses; planners; economic development partners,Planning,Case-study collection,trails; transportation; bike; pedestrian; mobility; planning; funding,Lists federal funding programs that may support walking and biking projects.,Free public resource,None,https://www.fhwa.dot.gov/environment/bicycle_pedestrian/funding/funding_opportunities.pdf,2026-07-20,RERC-RES-R2-083
Resource,Small Town and Rural Multimodal Networks,Federal Highway Administration,Available,Available online,Nationwide and U.S. territories,,,,,,Local governments; Tribal governments and organizations; nonprofits; community groups; businesses; planners; economic development partners,Planning,Report,trails; transportation; bike; pedestrian; mobility; planning; funding,Shows walking and biking network designs for small towns and rural areas.,Free public resource,None,https://www.fhwa.dot.gov/environment/bicycle_pedestrian/publications/small_towns/fhwahep17024_lg.pdf,2026-07-20,RERC-RES-R2-084
Resource,Trails Research and Searchable Benefits Library,Headwaters Economics,Available,Available online,Nationwide and U.S. territories,,,,,,Local governments; Tribal governments and organizations; nonprofits; community groups; businesses; planners; economic development partners,Planning,Report,trails; transportation; bike; pedestrian; mobility; planning; funding,"Provides research about trail use, benefits, and economic effects.",Free public resource,None,https://headwaterseconomics.org/economic-development/trails-pathways/trails-research/,2026-07-20,RERC-RES-R2-085
Resource,Get to Know Your Neighborhood With a Walk Audit,Safe Routes Partnership,Available,Available online,Nationwide and U.S. territories,,,,,,Local governments; Tribal governments and organizations; nonprofits; community groups; businesses; planners; economic development partners,Planning,Report,trails; transportation; bike; pedestrian; mobility; planning; funding,Provides a simple walk-audit guide for finding neighborhood safety and access problems.,Free public resource,None,https://www.saferoutespartnership.org/sites/default/files/get_to_know_your_neighborhood_with_a_walk_audit.pdf,2026-07-20,RERC-RES-R2-090
Resource,Outdoor Developed Areas Accessibility Guide,U.S. Access Board,Available,Available online,Nationwide and U.S. territories,,,,,,"Local, Tribal, territorial, state, and federal agencies; designers; engineers; park and trail managers",Planning and design,Federal design guide,accessibility; trails; camping; picnic areas; viewing areas; beach access; outdoor recreation; design,"Explains federal accessibility rules for trails, campsites, picnic areas, viewing areas, trailheads, and beach access.",Free public resource,None,https://www.access-board.gov/aba/guides/chapter-10-outdoor/,2026-07-20,RERC-RES-NEW-2026-005
Resource,Visitor Use Management Framework,Interagency Visitor Use Management Council,Available,Available online,Nationwide and U.S. territories,,,,,,Public land managers; local and Tribal governments; gateway communities; tourism and recreation partners,Planning and management,Framework and guidebooks,visitor use; stewardship; capacity; monitoring; public lands; outdoor recreation; tourism,"Shows how to set goals for visitor use, track impacts, choose management actions, and adjust over time.",Free public resource,None,https://visitorusemanagement.nps.gov/VUM/Framework,2026-07-20,RERC-RES-NEW-2026-006
Resource,Outdoor Recreation Adaptation Menu,USDA Climate Hubs and Northern Institute of Applied Climate Science,Available,Available online,Nationwide and U.S. territories,,,,,,"Local, Tribal, territorial, state, and federal agencies; recreation managers; planners; nonprofits",Planning and implementation,Planning menu and tactics,climate; resilience; outdoor recreation; trails; wildfire; extreme heat; snow; adaptation,"Offers practical ways to prepare recreation sites, trails, visitors, and operations for changing climate conditions.",Free public resource,None,https://www.climatehubs.usda.gov/hubs/northern-forests/topic/outdoor-recreation-adaptation-menu,2026-07-20,RERC-RES-NEW-2026-007
Resource,Wildfire Risk to Communities,USDA Forest Service Research and Development,Available,Available online,"Nationwide, including Tribal areas",,,,,,Local and Tribal governments; fire and emergency managers; planners; public land and recreation partners,Assessment and planning,Data viewer and downloads,wildfire; risk; resilience; mapping; vulnerable populations; public lands; gateway communities,"Maps wildfire likelihood, exposure, risk to homes, and vulnerable populations across U.S. communities.",Free public resource,None,https://research.fs.usda.gov/firelab/products/dataandtools/wildfire-risk-communities,2026-07-20,RERC-RES-NEW-2026-008
Resource,Steps to Resilience,U.S. Climate Resilience Toolkit,Available,Available online,Nationwide and U.S. territories,,,,,,"Local, Tribal, and territorial governments; community groups; planners; businesses; nonprofits",Assessment and planning,Planning framework and training,climate; resilience; hazards; vulnerability; assets; action planning; monitoring,"Walks a community from identifying hazards and assets to choosing, carrying out, and tracking resilience actions.",Free public resource,None,https://toolkit.climate.gov/overview-steps,2026-07-20,RERC-RES-NEW-2026-009
Resource,Stormwater Management in Pacific and Caribbean Islands,NOAA Office for Coastal Management,Available,Available online,Hawaii; Puerto Rico; U.S. Virgin Islands; Guam; American Samoa; Northern Mariana Islands,,,,,,Territorial and local governments; engineers; planners; coastal communities; developers; watershed partners,Planning and design,Practitioner's guide and training,territories; stormwater; coastal; low-impact development; resilience; water quality; infrastructure,Explains stormwater and low-impact design methods suited to Pacific and Caribbean island conditions.,Free public resource,None,https://coast.noaa.gov/digitalcoast/training/low-impact.html,2026-07-20,RERC-RES-NEW-2026-010
Resource,Comprehensive Economic Development Strategy Resources,U.S. Economic Development Administration,Available,Available online,Nationwide and U.S. territories,,,,,,"Economic development districts; local, Tribal, and territorial governments; regional partners; planners",Planning,Planning guidance and resources,economic development; strategy; regional planning; resilience; implementation; performance measures,Provides guidance and examples for building a regional economic development strategy with goals and action steps.,Free public resource,None,https://www.eda.gov/ceds/,2026-07-20,RERC-RES-NEW-2026-011
Resource,Nature-Based Placemaking,Main Street America and Pennsylvania Downtown Center,Available,Available online,Nationwide and U.S. territories,,,,,,Main Street organizations; local governments; community groups; planners; downtown and recreation partners,Planning and implementation,Guide,main street; placemaking; nature; downtown; outdoor recreation; economic development; community engagement,Shows how communities can use natural and outdoor assets to make downtowns more inviting and active.,Free public resource,None,https://mainstreet.org/resources/knowledge-hub/publication/nature-based-placemaking,2026-07-20,RERC-RES-NEW-2026-012
Resource,Main Street Disaster and Resilience Toolkit,Main Street America,Available,Available online,Nationwide and U.S. territories,,,,,,Main Street organizations; local governments; small businesses; community groups; emergency and planning partners,Preparedness and recovery,Toolkit,main street; disaster; resilience; recovery; small business; downtown; preparedness,Provides steps and tools to prepare downtown organizations and businesses for disasters and recovery.,Free public resource,None,https://mainstreet.org/resources/knowledge-hub/toolkit/main-street-disaster-and-resilience-toolkit,2026-07-20,RERC-RES-NEW-2026-013
Resource,NRPA Park Metrics,National Recreation and Park Association,Available,Available online,Nationwide,,,,,,Local park and recreation agencies; local governments; planners; elected officials; community partners,Assessment and planning,Benchmarking database and reports,parks; benchmarking; data; staffing; budgets; facilities; planning; performance,"Provides national benchmarks for park budgets, staffing, facilities, programs, and service levels.",Public reports are free; some agency tools may require participation or an account,None,https://www.nrpa.org/publications-research/parkmetrics/,2026-07-20,RERC-RES-NEW-2026-014
Resource,ParkServe,Trust for Public Land,Available,Available online; coverage varies by community,Nationwide; Puerto Rico,,,,,,Local governments; park agencies; community groups; planners; public health and equity partners,Assessment and planning,Interactive map and data,parks; access; mapping; equity; health; climate; population; data,Maps where people can reach a park within a 10-minute walk and where park access gaps remain.,Free public resource,None,https://www.tpl.org/parkserve,2026-07-20,RERC-RES-NEW-2026-015
Resource,Recreation Information Database,Recreation.gov,Available,Available online; data downloads are updated regularly,Nationwide and U.S. territories,,,,,,"Local, Tribal, territorial, state, and federal agencies; researchers; tourism partners; application developers",Assessment and planning,Federal database and downloads,outdoor recreation; public lands; facilities; campsites; permits; data; tourism; mapping,"Provides federal data on recreation areas, facilities, campsites, tours, tickets, and permits.",Free public resource,None,https://ridb.recreation.gov/,2026-07-20,RERC-RES-NEW-2026-016
Resource,Native American Business and Indigenous Tourism Support,U.S. Department of the Interior,Available,Services and programs vary; review the current page,Federally recognized Tribal Nations and Native-owned businesses,,,,,,Tribal governments; Native entrepreneurs; Tribal enterprises; Native organizations; tourism partners,Planning and implementation,Technical assistance and business support,Tribal; Indigenous tourism; business; technical assistance; entrepreneurship; economic development,"Connects Native communities and businesses with planning, management, product development, and tourism support.",Support varies by service,Varies,https://www.doi.gov/ocl/native-american-business-support,2026-07-20,RERC-RES-NEW-2026-017
Resource,Cultural Heritage Tourism: A Planner for Indigenous Tourism Professionals,American Indigenous Tourism Association,Available,Available online,Nationwide; Native Nations; Alaska Native communities; Native Hawaiian communities,,,,,,Tribal tourism professionals; Native organizations and enterprises; cultural leaders; destination partners,Planning and implementation,Planning guide,Tribal; Indigenous tourism; cultural heritage; interpretation; marketing; business; stewardship,"Covers cultural asset inventories, preservation, interpretation, tours, marketing, revenue, and evaluation.",Free public resource,None,https://americanindigenoustourism.org/wp-content/uploads/2025/09/Cultural_Heritage_Planner_Final.pdf,2026-07-20,RERC-RES-NEW-2026-018
Resource,Tribal Climate Adaptation Guidebook,"Oregon Climate Change Research Institute, Oregon State University, and Adaptation International",Available,Available online,Nationwide and Tribal Nations in North America,,,,,,Tribal governments; Native organizations; cultural and natural resource staff; community planning teams,Assessment and planning,"Interactive guidebook, worksheets, and checklists",Tribal; climate; adaptation; traditional knowledge; resilience; community planning; natural resources,"Provides a five-step, community-led process for Tribal climate adaptation planning.",Free public resource,None,https://tribalclimateadaptationguidebook.org/,2026-07-20,RERC-RES-NEW-2026-019
Resource,Tribal Green Building Toolkit,U.S. Environmental Protection Agency,Available,Available online,Nationwide; U.S. Tribal Nations,,,,,,Tribal governments; housing and facility departments; planners; designers; community development teams,Planning and design,Assessment toolkit and case studies,Tribal; green building; land use; water; energy; materials; resilience; codes,"Provides an assessment tool and Tribal examples for land use, water, energy, materials, resilience, and building codes.",Free public resource,None,https://www.epa.gov/green-building-tools-tribes/toolkit,2026-07-20,RERC-RES-NEW-2026-020
Resource,Mapa Interactivo de Puerto Rico,Puerto Rico Planning Board,Available,Available online,Puerto Rico,,,,,,Municipal and territorial agencies; planners; community groups; tourism and recreation partners; developers,Assessment and planning,Interactive map,Puerto Rico; GIS; zoning; land use; flood; conservation; parcels; infrastructure; planning,"Brings together official zoning, land-use, flood, conservation, parcel, permit, and infrastructure map layers.",Free public resource,None,https://www.estadisticas.pr.gov/productos/mapa-interactivo-de-pr,2026-07-20,RERC-RES-NEW-2026-021
Resource,U.S. Virgin Islands Online GIS Viewer,"Office of the Lieutenant Governor, Division of Geospatial Information Systems",Available,Available online,U.S. Virgin Islands,,,,,,Territorial and local agencies; planners; community groups; tourism and recreation partners; property owners,Assessment and planning,Interactive map and GIS program,U.S. Virgin Islands; GIS; property; infrastructure; mapping; recreation; planning,"Provides public territorial property, infrastructure, and administrative map information.",Free public resource,None,https://ltg.gov.vi/departments/gis-program/,2026-07-20,RERC-RES-NEW-2026-022
Resource,American Samoa Coastal and Marine Spatial Planning Data Portal,NOAA National Centers for Coastal Ocean Science,Available,Available online,American Samoa,,,,,,"Territorial agencies; villages; planners; fishery, tourism, recreation, conservation, and aquaculture partners",Assessment and planning,Data portal and maps,American Samoa; coastal; marine; GIS; recreation; fishing; tourism; conservation; planning,"Shares coastal-use and marine spatial data for planning, stewardship, recreation, fishing, and aquaculture decisions.",Free public resource,None,https://coastalscience.noaa.gov/products/american-samoa-cmsp-data-portal/,2026-07-20,RERC-RES-NEW-2026-023
Resource,GovGuam GIS,Guam Bureau of Statistics and Plans,Available with noted service limits,Map viewers are available; the publisher notes that some downloads or embeds may be temporarily limited,Guam,,,,,,"Territorial and local agencies; planners; community groups; tourism, recreation, conservation, and development partners",Assessment and planning,GIS hub and map viewers,Guam; GIS; permitting; historic sites; shoreline; hazards; conservation; marine planning,"Provides public maps for planning, property, permits, historic sites, conservation, shoreline, hazards, and marine uses.",Free public resource,None,https://bsp.guam.gov/gis/,2026-07-20,RERC-RES-NEW-2026-024
Resource,"Smart, Safe Growth Project Evaluation Tool",Commonwealth of the Northern Mariana Islands Office of Planning and Development,Available,Available online,Northern Mariana Islands,,,,,,"Commonwealth and municipal agencies; planners; community groups; infrastructure, tourism, and recreation partners",Project screening and planning,"Scoring tool, guide, and reference library",Northern Mariana Islands; smart growth; hazards; climate; project evaluation; tourism; infrastructure,"Scores projects using locally tailored smart-growth, hazard, and climate-adaptation criteria.",Free public resource,None,https://opd.gov.mp/ssg-highlights-library-reading-list.html,2026-07-20,RERC-RES-NEW-2026-025
Resource,Charging Forward: Rural Electric Mobility Toolkit,U.S. Department of Transportation,Available,Available online,Nationwide and U.S. territories,,,,,,"Rural, Tribal, territorial, and local governments; transit agencies; utilities; businesses; planning partners",Planning and implementation,Planning and funding toolkit,rural; electric vehicles; charging; transportation; transit; trailheads; funding; infrastructure,"Shows how rural communities can plan, fund, place, install, and operate electric vehicle charging.",Free public resource,None,https://www.transportation.gov/rural/ev/toolkit,2026-07-20,RERC-RES-NEW-2026-026
Resource,Active Transportation Guidebook for National Parks and Partners,National Park Service and U.S. Department of Transportation,Available,Available online,Communities near National Park Service units nationwide and in U.S. territories,,,,,,National park units; gateway communities; local and Tribal governments; transportation and recreation partners,Planning and design,Guidebook,walking; bicycling; national parks; gateway communities; safety; trails; transportation; access,Guides parks and nearby communities in planning safer walking and biking access to and within national parks.,Free public resource,None,https://www.nps.gov/subjects/transportation/bikeped.htm,2026-07-20,RERC-RES-NEW-2026-027
Resource,Trail Construction and Maintenance Notebook,USDA Forest Service Technology and Development Program,Available,Available online,Nationwide and U.S. territories,,,,,,"Trail managers; local, Tribal, territorial, state, and federal agencies; nonprofits; crews; designers","Design, construction, and maintenance",Technical field guide,trails; construction; maintenance; drainage; design; accessibility; stewardship; public lands,"Provides field guidance for route planning, trail design, drainage, construction, accessibility, repair, and maintenance.",Free public resource,None,https://www.fs.usda.gov/t-d/pubs/htmlpubs/htm07232806/toc.htm,2026-07-20,RERC-RES-NEW-2026-028
Resource,Building a Community Entrepreneurial Ecosystem,Main Street America,Available,Available online,Nationwide and U.S. territories,,,,,,Local governments; Main Street organizations; economic development groups; nonprofits; colleges; business partners,Assessment and planning,"Self-guided training, surveys, and audits",entrepreneurship; small business; main street; economic development; ecosystem; workforce; tourism,"Helps local partners map, review, and strengthen the services that support entrepreneurs and small businesses.",Free public resource,None,https://mainstreet.org/resources/knowledge-hub/publication/building-a-community-entrepreneurial-ecosystem,2026-07-20,RERC-RES-NEW-2026-029
Resource,Business Smart Toolkit,U.S. Small Business Administration,Available,Available online in English and Spanish,Nationwide and U.S. territories,,,,,,Small-business trainers; local governments; nonprofits; colleges; economic development groups; entrepreneurs,Business development,Workshop curriculum and instructor materials,small business; entrepreneurship; training; credit; startup; Spanish; tourism; workforce,"Provides ready-to-use workshop lessons on starting a business, building credit readiness, and finding help.",Free public resource,None,https://www.sba.gov/partners/counselors/instructional-materials-trainers/business-smart-toolkit,2026-07-20,RERC-RES-NEW-2026-030
Resource,County Typology Codes,USDA Economic Research Service,Available,Available online; 2025 edition posted,Nationwide; U.S. counties,,,,,,Local and regional governments; economic development groups; researchers; planners; grant writers,Assessment and planning,Data files and methodology,rural; recreation dependence; economy; demographics; counties; data; benchmarking,"Classifies counties by economic dependence, including recreation, and by conditions such as housing stress and population loss.",Free public resource,None,https://www.ers.usda.gov/data-products/county-typology-codes,2026-07-20,RERC-RES-NEW-2026-031
Resource,Visitor Spending Effects,National Park Service,Available,Available online; results are updated by the National Park Service,"National Park Service units, states, and national totals",,,,,,Gateway communities; local and Tribal governments; economic development groups; tourism partners; researchers,Assessment and planning,Annual data and interactive tool,national parks; visitor spending; jobs; economic impact; gateway communities; tourism; data,"Reports visitor spending, jobs, labor income, value added, and economic output linked to national park visits.",Free public resource,None,https://www.nps.gov/subjects/socialscience/vse.htm,2026-07-20,RERC-RES-NEW-2026-032
Resource,Community Engagement Resource Guide,National Recreation and Park Association,Available,Available online,Nationwide and U.S. territories,,,,,,Park and recreation agencies; local and Tribal governments; planners; nonprofits; community groups,Planning and implementation,Guide,community engagement; parks; equity; trust; planning; construction; maintenance; evaluation,"Provides a practical path for building trust, choosing engagement methods, and evaluating public participation in park projects.",Free public resource,None,https://www.nrpa.org/contentassets/19b3cbe05a634d5e8d3b712dbc8aa9d0/community-engagement-guide-nrpa.pdf,2026-07-20,RERC-RES-NEW-2026-033
Resource,Rural Workforce Innovation Network,USDA Rural Development,Available,Available online; organizations may join the network,Nationwide and U.S. territories,,,,,,"Rural employers; local, Tribal, and territorial governments; colleges; nonprofits; economic development organizations",Planning and implementation,Network and resource hub,rural; workforce; employers; training; economic development; partnerships; tourism; careers,"Connects rural organizations with workforce ideas, partners, updates, and examples from around the country.",Free public resource,None,https://www.rd.usda.gov/rwin,2026-07-20,RERC-RES-NEW-2026-034
Funding,Single Family Housing Guaranteed Loan Program,USDA Rural Development,Open when checked,Applications are accepted through approved lenders on an ongoing basis from October 1 through September 30.,Nationwide and U.S. territories,,,,,,Approved lenders serving low- and moderate-income rural homebuyers,Implementation,Loan guarantee,housing; homeownership; rural development,"Helps qualified rural households buy, build, improve, or relocate a primary home through approved lenders.",Up to 100% financing for qualified borrowers,Program rules apply,https://www.rd.usda.gov/programs-services/single-family-housing-programs/single-family-housing-guaranteed-loan-program,2026-08-10,RERC-FND-USDA-001
Funding,Single Family Housing Repair Loans and Grants,USDA Rural Development,Open when checked,Applications are accepted through local Rural Development offices year-round.,Nationwide and U.S. territories,,,,,,Very-low-income rural homeowners; grants are limited to eligible homeowners age 62 or older,Implementation,Loan and grant,housing; home repair; accessibility; health and safety,"Pays for repairs, modernization, accessibility work, and removal of health and safety hazards in eligible rural homes.","Loans up to $40,000; grants generally up to $10,000",No match stated,https://www.rd.usda.gov/programs-services/single-family-housing-programs/single-family-housing-repair-loans-grants,2026-08-10,RERC-FND-USDA-002
Funding,Rural Housing Site Loans,USDA Rural Development,Open when checked,Applications are accepted through local Rural Development offices on an ongoing basis.,Nationwide and U.S. territories,,,,,,Public and private nonprofits; federally recognized Tribes,Planning,Loan,housing; site development; infrastructure; self-help housing,Finances the purchase and development of housing sites for low- and moderate-income rural households.,Varies by eligible site-development project,Repayment required,https://www.rd.usda.gov/programs-services/single-family-housing-programs/rural-housing-site-loans,2026-08-10,RERC-FND-USDA-003
Funding,Housing Preservation Grants,USDA Rural Development,Cycle closed,Applications will be accepted after USDA publishes a new funding notice.,Nationwide and U.S. territories,,,,,,State and local governments; nonprofits; federally recognized Tribes,Implementation,Grant,housing; rehabilitation; accessibility; rural development,Supports repair and rehabilitation of housing for low- and very-low-income rural residents.,Varies by funding notice,See current NOFO,https://www.rd.usda.gov/programs-services/single-family-housing-programs/housing-preservation-grants,2026-08-10,RERC-FND-USDA-004
Funding,Multifamily Housing Direct Loans,USDA Rural Development,Cycle closed,Applications will be accepted after USDA publishes a new funding notice.,Nationwide and U.S. territories,,,,,,"Qualified public, nonprofit, Tribal, cooperative, and private applicants that cannot obtain suitable commercial credit",Construction,Direct loan,housing; rental housing; construction; rehabilitation,"Finances affordable rental housing for low-income, elderly, and disabled rural residents.",Competitive financing; amount varies,Repayment required,https://www.rd.usda.gov/programs-services/multifamily-housing-programs/multifamily-housing-direct-loans,2026-08-10,RERC-FND-USDA-005
Funding,Multifamily Housing Loan Guarantees,USDA Rural Development,Open when checked,Applications are accepted from approved lenders; confirm current availability with USDA.,Nationwide and U.S. territories,,,,,,Approved lenders financing eligible rural multifamily housing borrowers,Construction,Loan guarantee,housing; rental housing; construction; rehabilitation,Helps private lenders finance affordable rental housing in eligible rural areas.,Varies by approved loan,Borrower and lender terms apply,https://www.rd.usda.gov/programs-services/multifamily-housing-programs/multifamily-housing-loan-guarantees,2026-08-10,RERC-FND-USDA-006
Funding,Multifamily Preservation and Revitalization Program,USDA Rural Development,Cycle closed,Applications will be accepted after USDA publishes a new funding notice.,Nationwide and U.S. territories,,,,,,Owners or purchasers of eligible USDA-financed rural rental and farm labor housing,Implementation,"Loan, grant, and debt restructuring",housing; preservation; rehabilitation; affordability,Preserves and improves existing USDA-financed rural rental and off-farm labor housing.,Varies by funding notice,See current NOFO,https://www.rd.usda.gov/programs-services/multifamily-housing-programs/multifamily-preservation-and-revitalization-mpr,2026-08-10,RERC-FND-USDA-007
Funding,Multifamily Nonprofit Transfer Technical Assistance Grants,USDA Rural Development,Cycle closed,Applications will be accepted after USDA publishes a new funding notice.,Nationwide and U.S. territories,,,,,,Nonprofits; public housing authorities; Tribal housing nonprofits; Tribally designated housing entities,Planning,Grant,housing; preservation; technical assistance; property transfer,Funds technical help needed to transfer eligible USDA multifamily properties to nonprofit or public ownership.,Competitive; amount varies,No match stated,https://www.rd.usda.gov/programs-services/multifamily-housing-programs/multifamily-housing-non-profit-transfer-technical-assistance-grants,2026-08-10,RERC-FND-USDA-008
Funding,Multifamily Housing Rental Assistance Program,USDA Rural Development,Ongoing,Ongoing for eligible USDA-financed properties; contact the regional Multifamily Housing office.,Nationwide and U.S. territories,,,,,,Owners of eligible USDA-financed rural rental or farm labor housing serving qualifying tenants,Implementation,Rental assistance,housing; rental assistance; affordability,Provides rental assistance payments to owners on behalf of eligible low-income tenants.,Payments vary by eligible tenant and property,Program rules apply,https://www.rd.usda.gov/programs-services/multifamily-housing-programs/multifamily-housing-rental-assistance,2026-08-10,RERC-FND-USDA-009
Funding,On-Farm Labor Housing Loans,USDA Rural Development,Open when checked,"Applications are accepted first-come, first-served until funds are depleted.",Nationwide and U.S. territories,,,,,,Farm owners; family farm partnerships and corporations; associations of farmers,Construction,Direct loan,housing; farm labor; construction; rehabilitation,"Finances construction or rehabilitation of affordable housing for domestic, migrant, and seasonal farmworkers.",Up to 100% of allowable development cost,Repayment required,https://www.rd.usda.gov/programs-services/multifamily-housing-programs/farm-labor-housing-loans,2026-08-10,RERC-FND-USDA-010
Funding,Off-Farm Labor Housing Direct Loans and Grants,USDA Rural Development,Cycle closed,Applications will be accepted after USDA publishes a new funding notice.,Nationwide and U.S. territories,,,,,,Nonprofits; Tribes; community organizations; state and local governments; eligible partnerships,Construction,Loan and grant,housing; farm labor; construction; rehabilitation,"Supports affordable housing for year-round, migrant, and seasonal domestic farmworkers.",Varies by funding notice,Grants may cover up to 90% when eligible,https://www.rd.usda.gov/programs-services/multifamily-housing-programs/farm-labor-housing-direct-loans-grants,2026-08-10,RERC-FND-USDA-011
Funding,Farm Labor Housing Technical Assistance Grants,USDA Rural Development,Cycle closed,Applications will be accepted after USDA publishes a new funding notice.,Nationwide and U.S. territories,,,,,,Qualified nonprofits providing technical assistance to farm labor housing applicants,Planning,Grant,housing; farm labor; technical assistance; applications,Funds technical assistance that helps eligible organizations prepare farm labor housing loan and grant applications.,Varies by funding notice,See current NOFO,https://www.rd.usda.gov/programs-services/multifamily-housing-programs/farm-labor-housing-technical-assistance-grants,2026-08-10,RERC-FND-USDA-012
Funding,"Community Facilities Direct Loan, Grant, and Guaranteed Loan Programs",USDA Rural Development,Open when checked,Direct applications and lender applications are accepted on an ongoing basis from October 1 through September 30.,Nationwide and U.S. territories,,,,,,Public bodies; community nonprofits; federally recognized Tribes; approved lenders,Mixed,"Loan, grant, and loan guarantee",community facilities; public services; health; safety; local food,"Funds essential rural facilities such as community centers, public safety buildings, clinics, libraries, and local food facilities.",Varies; grant share depends on need and community size,Varies,https://www.rd.usda.gov/programs-services/community-facilities/community-facilities-direct-loan-grant-program,2026-08-10,RERC-FND-USDA-013
Funding,Rural Community Development Initiative Grants,USDA Rural Development,Cycle closed,Annual competitive cycle; next deadline will follow a new funding notice.,Nationwide and U.S. territories,,,,,,Public bodies; nonprofits; qualified private organizations; federally recognized Tribes,Planning,Grant,capacity building; housing; community facilities; economic development,"Funds training and technical assistance for rural housing, facilities, and economic development organizations.","$50,000 to $500,000 in recent guidance",Dollar-for-dollar cash match,https://www.rd.usda.gov/programs-services/community-facilities/rural-community-development-initiative-grants,2026-08-10,RERC-FND-USDA-014
Funding,Tribal College Initiative Grants,USDA Rural Development,Cycle closed,Applications will be accepted after USDA publishes a new funding notice.,Nationwide and U.S. territories,,,,,,Eligible 1994 Land Grant Institutions and Tribal Colleges,Construction,Grant,Tribal communities; education; facilities; equipment,"Supports capital improvements, equipment, and essential community facilities at Tribal Colleges.","Up to $250,000 per eligible institution",At least 5%,https://www.rd.usda.gov/programs-services/community-facilities/tribal-college-initiative-grants,2026-08-10,RERC-FND-USDA-015
Funding,Electric Infrastructure Loan and Loan Guarantee Program,USDA Rural Development,Open when checked,Applications are accepted on an ongoing basis from October 1 through September 30.,Nationwide and U.S. territories,,,,,,"Utilities, cooperatives, public bodies, Tribes, nonprofits, and eligible companies serving rural areas",Construction,Loan and loan guarantee,electric infrastructure; energy efficiency; renewable energy; utilities,"Finances rural electric distribution, transmission, generation, efficiency, and renewable-energy improvements.",Varies by approved project,Repayment required,https://www.rd.usda.gov/programs-services/electric-programs/electric-infrastructure-loan-loan-guarantee-program,2026-08-10,RERC-FND-USDA-016
Funding,Community Connect Grants,USDA Rural Development,Cycle closed,"The FY2026 application deadline was June 29, 2026; monitor the program page for the next cycle.",Nationwide and U.S. territories,,,,,,State and local governments; Tribes; nonprofits; cooperatives; eligible businesses and other legal entities,Construction,Grant,broadband; digital access; community facilities; economic development,Supports broadband service and community connectivity in rural areas where adequate service does not exist.,See current NOFO,At least 15% nonfederal match,https://www.rd.usda.gov/programs-services/telecommunications-programs/community-connect-grants,2026-08-10,RERC-FND-USDA-017
Funding,Distance Learning and Telemedicine Grants,USDA Rural Development,Paused,USDA states that applications are not currently being accepted because of funding constraints.,Nationwide and U.S. territories,,,,,,Public bodies; Tribes; nonprofits; eligible businesses and groups that provide education or health care,Implementation,Grant,telehealth; distance learning; broadband; equipment,Funds telecommunications equipment and related support for rural education and health care.,"$50,000 to $750,000 in FY2026 guidance",At least 15% nonfederal match,https://www.rd.usda.gov/programs-services/telecommunications-programs/distance-learning-telemedicine-grants,2026-08-10,RERC-FND-USDA-018
Funding,ReConnect Loan and Grant Program,USDA Rural Development,Cycle closed,No application window was open when checked; monitor the official ReConnect page.,Nationwide and U.S. territories,,,,,,"Eligible rural broadband providers, governments, Tribes, cooperatives, nonprofits, and businesses",Construction,Loan and grant,broadband; digital access; rural infrastructure,Supports broadband deployment in rural areas that lack sufficient access to high-speed internet.,Varies by funding round,Varies by funding category,https://www.usda.gov/reconnect,2026-08-10,RERC-FND-USDA-019
Funding,Rural Broadband Loans and Loan Guarantees,USDA Rural Development,Paused,USDA states that applications are not currently being accepted because of funding constraints.,Nationwide and U.S. territories,,,,,,"Eligible corporations, cooperatives, nonprofits, governments, and Tribal organizations",Construction,Loan,broadband; telecommunications; rural infrastructure,"Finances construction, improvement, or acquisition of rural broadband facilities and equipment.",Varies by approved project,Repayment required,https://www.rd.usda.gov/programs-services/telecommunications-programs/rural-broadband-loans-loangrant-combinations-and-loan-guarantees,2026-08-10,RERC-FND-USDA-020
Funding,Telecommunications Infrastructure Loans and Loan Guarantees,USDA Rural Development,Open when checked,Applications are accepted on an ongoing basis from October 1 through September 30.,Nationwide and U.S. territories,,,,,,Governments; Tribes; nonprofits; cooperatives; eligible telecommunications businesses,Construction,Loan and loan guarantee,telecommunications; broadband; infrastructure,"Finances construction, maintenance, improvement, and expansion of rural telephone and broadband service.",Varies by approved project,Repayment required,https://www.rd.usda.gov/programs-services/telecommunications-programs/telecommunications-infrastructure-loans-loan-guarantees,2026-08-10,RERC-FND-USDA-021
Funding,Circuit Rider Technical Assistance for Rural Water Systems,USDA Rural Development,Open when checked,Available year-round; systems request help through a state rural water association or Rural Development office.,Nationwide and U.S. territories,,,,,,"Rural water systems requesting operational, financial, or managerial assistance",Mixed,Technical assistance,water systems; technical assistance; operations; management,"Provides hands-on help for rural water systems facing operational, financial, or management problems.",No cost stated,None,https://www.rd.usda.gov/programs-services/water-environmental-programs/circuit-rider-program-technical-assistance-rural-water-systems,2026-08-10,RERC-FND-USDA-022
Funding,Emergency Community Water Assistance Grants,USDA Rural Development,Open when checked,Applications are accepted on an ongoing basis from October 1 through September 30.,Nationwide and U.S. territories,,,,,,Rural public bodies; nonprofits; federally recognized Tribes,Implementation,Grant,drinking water; emergency response; drought; disaster recovery,Helps rural communities prepare for or recover from emergencies that threaten safe drinking water.,Varies by emergency and project,No match stated,https://www.rd.usda.gov/programs-services/water-environmental-programs/emergency-community-water-assistance-grants,2026-08-10,RERC-FND-USDA-023
Funding,Grants for Rural and Native Alaskan Villages,USDA Rural Development,Open when checked,Applications are accepted year-round through the Alaska Rural Development office.,Alaska,,,,,,Eligible rural Alaska villages and the State of Alaska for eligible villages or hubs,Construction,Grant,drinking water; wastewater; Alaska Native villages; sanitation,Funds drinking water and waste disposal systems that address severe sanitation needs in remote Alaska villages.,Up to 75% of eligible project cost,At least 25% state or local contribution,https://www.rd.usda.gov/programs-services/water-environmental-programs/grants-rural-and-native-alaskan-villages,2026-08-10,RERC-FND-USDA-024
Funding,Revolving Funds for Financing Water and Wastewater Projects,USDA Rural Development,Cycle closed,"The FY2026 application window closed July 3, 2026; monitor the official page for the next cycle.",Nationwide and U.S. territories,,,,,,Qualified nonprofits with authority and capacity to operate a revolving loan fund,Mixed,Grant to capitalize a revolving loan fund,water; wastewater; revolving loan fund; predevelopment,Helps qualified nonprofits provide small loans for rural water and wastewater predevelopment and capital projects.,"Subloans up to $200,000",At least 20%,https://www.rd.usda.gov/programs-services/water-environmental-programs/revolving-funds-financing-water-and-wastewater-projects,2026-08-10,RERC-FND-USDA-025
Funding,Rural Decentralized Water Systems Grant Program,USDA Rural Development,Cycle closed,Applications were not being accepted when checked; monitor Grants.gov and the official program page.,Nationwide and U.S. territories,,,,,,"Qualified nonprofits, including tribally owned nonprofits",Mixed,Grant,household wells; septic systems; revolving loan fund; rural housing,Helps nonprofits finance household wells and decentralized wastewater systems in eligible rural areas.,"Varies by NOFO; household subloans may be up to $15,000",At least 10%,https://www.rd.usda.gov/programs-services/water-environmental-programs/rural-decentralized-water-systems-grant-program,2026-08-10,RERC-FND-USDA-026
Funding,SEARCH Grants for Rural Communities and Households,USDA Rural Development,Open when checked,Applications are accepted year-round through local Rural Development offices.,Nationwide and U.S. territories,,,,,,"Governments; nonprofits; federally recognized Tribes serving very small, financially distressed rural communities",Planning,Grant,water; wastewater; feasibility; engineering; technical assistance,"Pays for feasibility studies, design, and technical assistance for water and waste projects in very small rural communities.","Up to $30,000 in program guidance",No match stated,https://www.rd.usda.gov/programs-services/water-environmental-programs/search-special-evaluation-assistance-rural-communities-and-households,2026-08-10,RERC-FND-USDA-027
Funding,Solid Waste Management Grants,USDA Rural Development,Recurring,Annual competitive cycle; monitor the official page for the next deadline.,Nationwide and U.S. territories,,,,,,Qualified public or private nonprofits providing solid-waste technical assistance or training,Planning,Grant,solid waste; water quality; technical assistance; training,Funds technical assistance and training that improve rural solid-waste planning and management.,Varies by annual NOFO,No match stated,https://www.rd.usda.gov/programs-services/water-environmental-programs/solid-waste-management-grants,2026-08-10,RERC-FND-USDA-028
Funding,Innovative Regional Wastewater Treatment Solutions Grant Pilot,USDA Rural Development,Cycle closed,The published application window is closed; monitor the official page for any new round.,Nationwide and U.S. territories,,,,,,Eligible regional consortia that include or coordinate with a regional university,Mixed,Grant,wastewater; innovation; persistent poverty; technical assistance; construction,"Supports study, design, and construction of regional wastewater solutions for historically impoverished rural communities.",Varies by NOFO,No match stated,https://www.rd.usda.gov/programs-services/water-environmental-programs/technical-assistance-and-construction-innovative-regional-wastewater-treatment-solutions-tac-rwts,2026-08-10,RERC-FND-USDA-029
Funding,Water and Waste Facility Loans and Grants for Tribal Lands,USDA Rural Development,Open when checked,Applications are accepted on an ongoing basis from October 1 through September 30.,Nationwide and U.S. territories,,,,,,Federally recognized Tribes; eligible governments and nonprofits serving qualifying Tribal areas,Construction,Loan and grant,Tribal communities; drinking water; wastewater; health,"Funds basic drinking water, waste disposal, and stormwater systems where inadequate service creates serious health risks.",Varies by project and need,Usually required; some projects may receive full grant funding,https://www.rd.usda.gov/programs-services/water-environmental-programs/water-and-waste-facility-loans-and-grants-alleviate-health-risks-tribal-lands,2026-08-10,RERC-FND-USDA-030
Funding,Water and Waste Disposal Loans and Grants,USDA Rural Development,Open when checked,Applications are accepted on an ongoing basis from October 1 through September 30.,Nationwide and U.S. territories,,,,,,State and local governments; private nonprofits; federally recognized Tribes serving eligible rural areas,Mixed,Loan and grant,drinking water; wastewater; solid waste; stormwater; infrastructure,"Finances drinking water, sewer, solid-waste, and stormwater infrastructure in eligible rural communities.",Varies by project; long-term low-interest financing,Varies,https://www.rd.usda.gov/programs-services/water-environmental-programs/water-waste-disposal-loan-grant-program,2026-08-10,RERC-FND-USDA-031
Funding,Water and Waste Disposal Loan Guarantees,USDA Rural Development,Open when checked,Applications are accepted from eligible lenders; confirm current availability with USDA.,Nationwide and U.S. territories,,,,,,Approved lenders financing eligible rural water and waste borrowers,Construction,Loan guarantee,drinking water; wastewater; solid waste; stormwater; infrastructure,Helps lenders provide affordable financing for rural water and waste disposal systems.,Varies by approved loan,Borrower and lender terms apply,https://www.rd.usda.gov/programs-services/water-environmental-programs/water-waste-disposal-loan-guarantees,2026-08-10,RERC-FND-USDA-032
Funding,Water and Waste Disposal Predevelopment Planning Grants,USDA Rural Development,Open when checked,Applications are accepted year-round through local Rural Development offices.,Nationwide and U.S. territories,,,,,,State and local governments; nonprofits; federally recognized Tribes serving eligible low-income rural communities,Planning,Grant,water; wastewater; planning; engineering; applications,Helps eligible low-income communities prepare plans and applications for rural water and waste projects.,Varies by project,At least 25% in program guidance,https://www.rd.usda.gov/programs-services/water-environmental-programs/water-waste-disposal-predevelopment-planning-grants,2026-08-10,RERC-FND-USDA-033
Funding,Water and Waste Disposal Technical Assistance and Training Grants,USDA Rural Development,Recurring,The annual application window is October 1 through December 31.,Nationwide and U.S. territories,,,,,,Qualified nonprofits with experience providing water and waste technical assistance or training,Planning,Grant,water; wastewater; technical assistance; training; operations,"Funds technical assistance, training, application help, and operational support for rural water and waste systems.",Varies by annual NOFO,Applicant contributions are used first,https://www.rd.usda.gov/programs-services/water-environmental-programs/water-waste-disposal-technical-assistance-training-grants,2026-08-10,RERC-FND-USDA-034
Funding,Rural Economic Development Loan and Grant Program,USDA Rural Development,Recurring,"Quarterly competitions; the last listed FY2026 deadline was June 30, 2026. Monitor the official page for FY2027 dates.",Nationwide and U.S. territories,,,,,,Current or former Rural Utilities Service borrowers and eligible nonprofit utilities,Mixed,Loan and grant,economic development; revolving loan fund; business; community facilities,Provides zero-interest loans and grants that utilities use to finance rural business and community projects.,Varies by quarterly competition,Program terms apply,https://www.rd.usda.gov/programs-services/business-programs/rural-economic-development-loan-grant-programs,2026-08-10,RERC-FND-USDA-035
Funding,Rural Energy for America Program,USDA Rural Development,Partly open,Grant applications were closed when checked; guaranteed loan applications may be submitted.,Nationwide and U.S. territories,,,,,,Agricultural producers; rural small businesses; approved lenders,Implementation,Grant and guaranteed loan,renewable energy; energy efficiency; agriculture; small business,Supports renewable-energy systems and energy-efficiency improvements for rural small businesses and agricultural producers.,Varies by project and funding type,Varies,https://www.rd.usda.gov/programs-services/energy-programs/rural-energy-america-program-renewable-energy-systems-energy-efficiency-improvement-guaranteed-loans,2026-08-10,RERC-FND-USDA-036
Funding,Rural Business Development Grants,USDA Rural Development,Cycle closed,"The FY2026 deadlines were June 15 and June 30, 2026; monitor the program page for the next cycle.",Nationwide and U.S. territories,,,,,,Public bodies; federally recognized Tribes; nonprofits serving rural areas,Mixed,Grant,business development; jobs; planning; technical assistance,"Funds rural business planning, technical assistance, training, and projects that support job creation.",No fixed maximum; smaller requests receive priority,No match stated,https://www.rd.usda.gov/programs-services/business-programs/rural-business-development-grants,2026-08-10,RERC-FND-USDA-037
Funding,Rural Microentrepreneur Assistance Program,USDA Rural Development,Recurring,"Quarterly competitions; the last listed FY2026 deadline was June 30, 2026. Monitor the official page for FY2027 dates.",Nationwide and U.S. territories,,,,,,Microenterprise development organizations and approved microlenders serving rural businesses,Mixed,Loan and grant,small business; entrepreneurship; microloans; technical assistance,"Helps rural microenterprise organizations provide loans, training, and technical assistance to small businesses.",Varies by quarterly competition,Program terms apply,https://www.rd.usda.gov/programs-services/business-programs/rural-microentrepreneur-assistance-program,2026-08-10,RERC-FND-USDA-038
Funding,Rural Health and Safety Education Competitive Grants,USDA National Institute of Food and Agriculture,Cycle closed,"The FY2026 application deadline was June 23, 2026; monitor the official page for the next cycle.",Nationwide and U.S. territories,,,,,,"Eligible 1862, 1890, and 1994 land-grant institutions",Implementation,Grant,rural health; safety; education; extension,"Funds education programs that improve health, safety, and quality of life in rural communities.","$350,000 per FY2026 award",No match required,https://www.nifa.usda.gov/grants/funding-opportunities/rural-health-safety-education-competitive-grants-program,2026-08-10,RERC-FND-USDA-039
Funding,Timber Production Expansion Guaranteed Loan Program,USDA Rural Development,Open when checked,Applications are accepted through approved lenders while program funds remain available.,Nationwide and U.S. territories,,,,,,Approved lenders financing eligible sawmills and wood-processing businesses,Construction,Loan guarantee,forest products; timber; manufacturing; jobs; wildfire risk,Supports sawmills and wood-processing facilities that use restoration byproducts from National Forest System lands.,Loans up to $25 million; 90% guarantee,Borrower and lender terms apply,https://www.rd.usda.gov/timber-production-expansion-guaranteed-loan-program-tpep,2026-08-10,RERC-FND-USDA-040
Funding,Consolidated Rail Infrastructure and Safety Improvements Program,Federal Railroad Administration,Cycle closed,"The FY2025-2026 deadline was June 25, 2026; monitor the program page for the next round.",United States,,,,,,States; local governments; Tribes; rail carriers; ports; universities; other eligible rail partners,Mixed,Grant,rail; transportation; safety; multimodal connections; infrastructure,"Funds rail safety, reliability, capacity, grade crossings, regional planning, and multimodal connections.",About $2.04 billion available in the FY2025-2026 round,Varies by project,https://railroads.dot.gov/grants-loans/consolidated-rail-infrastructure-and-safety-improvements-crisi-program,2026-08-10,RERC-FND-FRA-2026-001
Funding,Unleashing Tribal Energy Development,U.S. Department of Energy Office of Indian Energy,Cycle closed,"The FY2026 application deadline was July 24, 2026; monitor the Office of Indian Energy for future opportunities.",Nationwide and U.S. territories,,,,,,Indian Tribes; Alaska Native corporations; Tribal organizations; Tribal energy organizations; Tribal colleges and universities,Mixed,Grant and cooperative agreement,Tribal energy; infrastructure; planning; economic development,"Supports affordable, reliable, and secure Tribal energy planning and project development.",$50 million total FY2026 opportunity,0% or 10% depending on project type,https://www.energy.gov/indianenergy/articles/50-million-available-advance-affordable-reliable-and-secure-energy-tribes,2026-08-10,RERC-FND-DOE-2026-001
Funding,Value-Added Producer Grants,USDA Rural Development,Cycle closed,"The FY2026 application deadline was April 22, 2026; monitor the official page for the next cycle.",Nationwide and U.S. territories,,,,,,Independent agricultural producers; producer groups; farmer or rancher cooperatives; eligible majority-controlled producer businesses,Mixed,Grant,agriculture; local food; tourism; business planning; marketing,Funds planning and working capital that help agricultural producers develop and market value-added products.,Varies by planning or working-capital request,Matching funds required,https://www.rd.usda.gov/programs-services/business-programs/value-added-producer-grants,2026-08-10,RERC-FND-USDA-041
Funding,Drinking Water State Revolving Fund Programs,Washington State Department of Health,Recurring,Application windows vary; source-water protection and emergency assistance are ongoing when funds are available.,Washington,,,,,,Eligible public and nonprofit water systems; some programs also serve local health jurisdictions and community organizations,Mixed,Loan and grant,drinking water; planning; construction; lead service lines; emergency response,"Provides planning, consolidation, lead-service-line, construction, and emergency financing for Washington drinking-water systems.",Varies by DWSRF subprogram,Varies,https://doh.wa.gov/community-and-environment/drinking-water/water-system-assistance/drinking-water-state-revolving-fund-dwsrf,2026-08-10,RERC-FND-WA-2026-001
Funding,Source Water Protection Local Assistance Program,Washington State Department of Health,Open when checked,Applications are accepted year-round until available funding is spent.,Washington,,,,,,Water systems; local governments; Tribes; conservation districts; nonprofits; educational institutions working with eligible systems,Mixed,Grant,drinking water; source protection; watershed health; planning,"Funds projects that protect drinking-water sources, improve watershed health, and reduce contamination risks.","Up to $250,000 per project; some applicants may be limited to $40,000",No match stated,https://doh.wa.gov/community-and-environment/drinking-water/source-water/local-assistance-grant-program,2026-08-10,RERC-FND-WA-2026-002
Funding,Water Quality Combined Funding Program,Washington State Department of Ecology,Upcoming cycle,"State fiscal year 2028 applications are scheduled for August 11 through September 30, 2026, at 5 p.m.",Washington,,,,,,Counties; cities; towns; Tribes; special districts; conservation districts; eligible nonprofits,Mixed,Grant and loan,water quality; wastewater; stormwater; nonpoint pollution; onsite sewage,Uses one application for several state and federal water-quality grant and loan programs.,$100 million to $200 million available in a typical annual cycle,Up to 25% depending on source,https://ecology.wa.gov/about-us/payments-contracts-grants/grants-loans/find-a-grant-or-loan/water-quality-combined,2026-08-10,RERC-FND-WA-2026-003
Funding,CERB Planning Program,Washington Community Economic Revitalization Board,Open when checked,Applications are considered on an ongoing basis; contact CERB staff before applying.,Washington,,,,,,Cities; towns; counties; Tribes; municipal and quasi-municipal corporations; ports; special districts,Planning,Grant,economic development; feasibility; site planning; rural broadband,"Funds studies and planning for high-priority economic development, site-readiness, and rural broadband projects.","Up to $100,000 depending on project tier",At least 20% cash match,https://www.commerce.wa.gov/cerb/cerb-pp/,2026-08-10,RERC-FND-WA-2026-004
Funding,Public Works Board Traditional Financing,Washington State Public Works Board,Recurring,Preconstruction and construction cycles vary; emergency assistance may be available when qualifying events occur.,Washington,,,,,,Eligible local governments and special purpose districts,Mixed,Loan and grant,public works; infrastructure; planning; preconstruction; construction; emergency,"Provides financing for planning, preconstruction, construction, and emergency public-works projects.",Varies by funding cycle; up to $20 million noted for FY2027 preconstruction,Varies,https://www.commerce.wa.gov/pwb/pwb-financing/,2026-08-10,RERC-FND-WA-2026-005
Funding,Environmental Infrastructure Loans,Rural Community Assistance Corporation,Open when checked,"Applications are accepted on an ongoing basis, subject to available funds.",Multi-State,Alaska; Arizona; California; Colorado; Hawaii; Idaho; Montana; Nevada; New Mexico; Oregon; Utah; Washington; Wyoming; American Samoa; Guam; Northern Mariana Islands,RCAC environmental loans serve the rural West and listed Pacific jurisdictions.,https://www.rcac.org/lending/environmental-loans/,,,Nonprofits; public agencies; Tribal governments in the rural West,Mixed,Loan,water; wastewater; solid waste; stormwater; feasibility; construction,"Offers feasibility, predevelopment, construction, and intermediate-term loans for rural water and waste projects.","Varies by feasibility, predevelopment, construction, or intermediate-term product",Repayment required,https://www.rcac.org/lending/environmental-loans/,2026-08-10,RERC-FND-RCAC-2026-001
Funding,Energy Grants and Incentives for Public Buildings,Washington State Department of Commerce,Recurring,"Cycles vary for energy-efficiency, solar, storage, and block-grant programs; review current solicitations.",Washington,,,,,,"Eligible public entities, local governments, Tribes, schools, colleges, and other public-facility owners",Implementation,Grant and incentive,energy efficiency; solar; resilience; public buildings,"Collects funding opportunities for energy efficiency, solar, resilience, and related public-building improvements.",Varies by program and solicitation,Varies,https://www.commerce.wa.gov/energy-incentives/,2026-08-10,RERC-FND-WA-2026-006
Funding,Rural Water Loan Fund,National Rural Water Association,Open when checked,Applications are accepted on an ongoing basis; emergency loans have expedited review.,United States,,,,,,"Public water and wastewater systems, Tribes, nonprofits, cooperatives, counties, and special districts serving small or rural communities",Mixed,Loan,water; wastewater; emergency repair; predevelopment; equipment,"Provides low-cost loans for small water and wastewater projects, predevelopment, repairs, and emergencies.","Up to $200,000 or 75% of project cost",At least 25% of project cost,https://nrwa.org/members/products-services-portfolio/rural-water-loan-fund/,2026-08-10,RERC-FND-NRWA-2026-001
Funding,Connecting Housing to Infrastructure Program,Washington State Department of Commerce,Open when checked,"Applications are due September 30, 2026.",Washington,,,,,,Cities; counties; public utility districts partnering with affordable-housing developers,Construction,Grant,housing; water; sewer; stormwater; infrastructure,Pays for utility connections and infrastructure needed to bring eligible affordable housing projects online.,Up to $2 million,Program conditions apply,https://www.commerce.wa.gov/funding/apply-now-connecting-housing-to-infrastructure-program-chip-accepting-applications-for-up-to-31-million-in-grant-funding/,2026-08-10,RERC-FND-WA-2026-007
Funding,Hazard Mitigation Grant Program,Washington Emergency Management Division and FEMA,Disaster-triggered,Becomes available after eligible presidential disaster declarations; state notices set project deadlines.,Washington,,,,,,"Eligible state, local, and Tribal governments; qualifying projects are submitted through the state",Planning,Grant,hazard mitigation; resilience; disaster recovery; infrastructure,Funds plans and cost-effective projects that reduce future disaster damage.,Varies by disaster declaration,Typically 25% nonfederal share,https://mil.wa.gov/recovery,2026-08-10,RERC-FND-WA-2026-008
Funding,FEMA Public Assistance Program,Washington Emergency Management Division and FEMA,Disaster-triggered,Available after eligible presidential disaster declarations; incident-specific deadlines apply.,Washington,,,,,,"Eligible state, local, and Tribal governments; certain private nonprofits",Implementation,Grant,disaster recovery; debris removal; emergency work; public infrastructure,"Helps eligible communities remove debris, perform emergency work, and repair disaster-damaged public facilities.",Varies by declared disaster and eligible costs,Typically 25% nonfederal share,https://mil.wa.gov/recovery,2026-08-10,RERC-FND-WA-2026-009
Funding,Emergency Rapid Response Grants Program,Washington State Department of Commerce,Open when checked,Requests are considered on an ongoing basis until annual funds are exhausted.,Washington,,,,,,Local and Tribal governments responding to declared emergencies or disasters,Implementation,Grant,emergency response; essential services; utilities; transportation; shelter,Restores essential community services and lifelines after declared emergencies or disasters.,$3 million available per state fiscal year,No match stated,https://www.commerce.wa.gov/err/,2026-08-10,RERC-FND-WA-2026-010
Resource,Targeted Technical Assistance for Rural Hospitals,Health Resources and Services Administration,Available when checked,Available online,Nationwide and U.S. territories,,,,,,Rural communities; local and Tribal governments; nonprofits; community partners,Mixed,Technical assistance,rural development; planning; eligibility; technical assistance,"Provides targeted technical help to rural hospitals working on financial, operational, and quality-improvement needs.",Free public resource,None,https://www.hrsa.gov/rural-health/grants/rural-hospitals/ttap,2026-08-10,RERC-RES-USDA-2026-001
Resource,USDA Rural Development Tribal Relations,USDA Rural Development,Available when checked,Available online,Nationwide and U.S. territories,,,,,,Rural communities; local and Tribal governments; nonprofits; community partners,Mixed,Program directory and contacts,rural development; planning; eligibility; technical assistance,"Connects Tribal communities with Rural Development programs, contacts, and information organized for Tribal needs.",Free public resource,None,https://www.rd.usda.gov/about-rd/tribal-relations,2026-08-10,RERC-RES-USDA-2026-002
Resource,Rural Development Rural Philanthropy Project,USDA Rural Development,Available when checked,Available online,Nationwide and U.S. territories,,,,,,Rural communities; local and Tribal governments; nonprofits; community partners,Mixed,Research report,rural development; planning; eligibility; technical assistance,"Explains how rural philanthropy can support local capacity, partnerships, and long-term community investment.",Free public resource,None,https://www.rd.usda.gov/media/file/download/usda-rd-rural-philanthropy-report-03122026.pdf,2026-08-10,RERC-RES-USDA-2026-003
Resource,Rural Philanthropy Project StoryMap,USDA Rural Development,Available when checked,Available online,Nationwide and U.S. territories,,,,,,Rural communities; local and Tribal governments; nonprofits; community partners,Mixed,Interactive map and examples,rural development; planning; eligibility; technical assistance,Maps rural philanthropy examples and helps communities explore partnership approaches in different places.,Free public resource,None,https://storymaps.arcgis.com/stories/d498f6bbff054f26b1d94d556832bd27,2026-08-10,RERC-RES-USDA-2026-004
Resource,Rural Data Gateway Lender Lens,USDA Rural Development,Available when checked,Available online,Nationwide and U.S. territories,,,,,,Rural communities; local and Tribal governments; nonprofits; community partners,Mixed,Data tool,rural development; planning; eligibility; technical assistance,Lets users explore USDA guaranteed-loan activity and participating lenders by program and geography.,Free public resource,None,https://www.rd.usda.gov/rural-data-gateway/onerd-investments,2026-08-10,RERC-RES-USDA-2026-005
Resource,USDA Income and Property Eligibility Site,USDA Rural Development,Available when checked,Available online,Nationwide and U.S. territories,,,,,,Rural communities; local and Tribal governments; nonprofits; community partners,Mixed,Eligibility tool,rural development; planning; eligibility; technical assistance,Checks whether a location and household income may meet geographic and income rules for selected USDA programs.,Free public resource,None,https://eligibility.sc.egov.usda.gov/eligibility/welcomeAction.do,2026-08-10,RERC-RES-USDA-2026-006
Resource,USDA Rural Development Eligibility Lookup Tool,USDA Rural Development,Available when checked,Available online,Nationwide and U.S. territories,,,,,,Rural communities; local and Tribal governments; nonprofits; community partners,Mixed,Interactive eligibility map,rural development; planning; eligibility; technical assistance,Provides a map-based way to review potential Rural Development program eligibility before contacting USDA.,Free public resource,None,https://experience.arcgis.com/experience/3c2f6c9581bb4f06a4ab68df8f34b0be,2026-08-10,RERC-RES-USDA-2026-007
Resource,2026 Rural Rental Housing Preservation Academy,Enterprise Community Partners,Available when checked,Available online,Nationwide and U.S. territories,,,,,,Rural communities; local and Tribal governments; nonprofits; community partners,Mixed,Training program and materials,rural development; planning; eligibility; technical assistance,Offers training and resources for organizations working to preserve affordable rural rental housing.,Free public resource,None,https://www.enterprisecommunity.org/learning-center/resources/2026-rural-rental-housing-preservation-academy,2026-08-10,RERC-RES-USDA-2026-008
Resource,Indigenous-Led Tourism Partnership Toolkit,American Indigenous Tourism Association and partners,Available,Available online,Nationwide and U.S. territories,,,,,,Local governments; Tribal governments and organizations; nonprofits; community groups; businesses; planners; economic development partners,Planning,Resource hub,community engagement; equity; inclusion; outdoor access; planning; local capacity,"Connects Native Nations, communities, and Indigenous-owned enterprises with cultural tourism training, technical assistance, and educational resources.",Free public resource,None,https://americanindigenoustourism.org/,2026-08-14,RERC-RES-R2-003
Resource,"Together Outdoors: Together Outdoors is an initiative of the Outdoor Recreation Roundtable and is a coalition of under-represented individuals and diversity, equity, and inclusion",Public resource provider,Available,Available online,Nationwide and U.S. territories,,,,,,Local governments; Tribal governments and organizations; nonprofits; community groups; businesses; planners; economic development partners,Planning,Resource hub,community engagement; equity; inclusion; outdoor access; planning; local capacity,Provides an inclusive outdoor recreation resource library developed with Together Outdoors and the Recreate Responsibly Coalition.,Free public resource,None,https://www.inclusiveoutdoors.org/,2026-08-14,RERC-RES-R2-007
Resource,Travel Oregon Outdoor Recreation Development Resources,Travel Oregon,Available,Available online,Nationwide and U.S. territories,,,,,,Local governments; Tribal governments and organizations; nonprofits; community groups; businesses; planners; economic development partners,Planning,Resource hub,outdoor recreation; planning; case studies; economic development; local capacity,Offers guides and examples for planning outdoor recreation and tourism projects in Oregon.,Free public resource,None,https://industry.traveloregon.com/programs/outdoor-recreation/outdoor-recreation-development/,2026-08-14,RERC-RES-R2-008
Resource,Pennsylvania Outdoor Recreation Plan,Pennsylvania Department of Conservation and Natural Resources,Available,Available online,Pennsylvania,,,,,,Local governments; Tribal governments and organizations; nonprofits; community groups; businesses; planners; economic development partners,Planning,Webinar or video,outdoor recreation; planning; case studies; economic development; local capacity,Pennsylvania Department of Conservation and Natural Resources. Outdoor Recreation Plan Webinar Series.,Free public resource,None,https://www.pa.gov/agencies/dcnr/recreation/pa-outdoor-rec-plan,2026-08-14,RERC-RES-R2-009
Resource,Pennsylvania Outdoor Recreation Plan Webinar: Community Engagement,Pennsylvania Department of Conservation and Natural Resources,Available,Available online,Pennsylvania,,,,,,Local governments; Tribal governments and organizations; nonprofits; community groups; businesses; planners; economic development partners,Planning,Webinar or video,outdoor recreation; planning; case studies; economic development; local capacity,Pennsylvania Department of Conservation and Natural Resources. Outdoor Recreation Plan Webinar Series.,Free public resource,None,https://www.youtube.com/watch?v=P6Ubw9yrbjE&feature=youtu.be,2026-08-14,RERC-RES-R2-010
Resource,Pennsylvania Outdoor Recreation Plan Webinar: Implementation,Pennsylvania Department of Conservation and Natural Resources,Available,Available online,Pennsylvania,,,,,,Local governments; Tribal governments and organizations; nonprofits; community groups; businesses; planners; economic development partners,Planning,Webinar or video,outdoor recreation; planning; case studies; economic development; local capacity,"Explains how Pennsylvania communities can plan outdoor recreation systems that are sustainable, connected, and responsive to local needs.",Free public resource,None,https://www.youtube.com/watch?v=ORTzpvo9VcA&feature=youtu.be,2026-08-14,RERC-RES-R2-011
Resource,"Pennsylvania Outdoor Recreation Webinar: Funding and Economic Development, Part 1",Pennsylvania Department of Conservation and Natural Resources,Available,Available online,Pennsylvania,,,,,,Local governments; Tribal governments and organizations; nonprofits; community groups; businesses; planners; economic development partners,Planning,Webinar or video,outdoor recreation; planning; case studies; economic development; local capacity,Explains how outdoor recreation supports local economies and introduces funding and economic development considerations for Pennsylvania communities.,Free public resource,None,https://www.youtube.com/watch?v=HYid2q9Ay-Q&feature=youtu.be,2026-08-14,RERC-RES-R2-012
Resource,"Pennsylvania Outdoor Recreation Webinar: Funding and Economic Development, Part 2",Pennsylvania Department of Conservation and Natural Resources,Available,Available online,Pennsylvania,,,,,,Local governments; Tribal governments and organizations; nonprofits; community groups; businesses; planners; economic development partners,Planning,Webinar or video,outdoor recreation; planning; case studies; economic development; local capacity,Continues the Pennsylvania webinar series with practical funding approaches and economic development strategies for outdoor recreation projects.,Free public resource,None,https://www.youtube.com/watch?v=BSquMY-Kde4&feature=youtu.be,2026-08-14,RERC-RES-R2-013
Resource,"Pennsylvania Outdoor Recreation Webinar: Funding and Economic Development, Part 3",Pennsylvania Department of Conservation and Natural Resources,Available,Available online,Pennsylvania,,,,,,Local governments; Tribal governments and organizations; nonprofits; community groups; businesses; planners; economic development partners,Planning,Webinar or video,outdoor recreation; planning; case studies; economic development; local capacity,"Concludes the Pennsylvania series with partnership, funding, and implementation considerations for community outdoor recreation work.",Free public resource,None,https://www.youtube.com/watch?v=StUz6s2J8pc&feature=youtu.be,2026-08-14,RERC-RES-R2-014
Resource,Colorado Statewide Comprehensive Outdoor Recreation Plan,Colorado Parks and Wildlife,Available,Available online,Colorado,,,,,,Local governments; Tribal governments and organizations; nonprofits; community groups; businesses; planners; economic development partners,Planning,Plan and data,outdoor recreation; conservation; parks; trails; planning; public lands,Provides Colorado's current statewide outdoor recreation plan and supporting conservation planning resources.,Free public resource,None,https://cpw.state.co.us/conservation-plans,2026-08-14,RERC-RES-R2-017
Resource,The Conservation Fund Project Library,The Conservation Fund,Available,Available online,Nationwide and U.S. territories,,,,,,Local governments; Tribal governments and organizations; nonprofits; community groups; businesses; planners; economic development partners,Planning,Case-study collection,conservation; land; public access; outdoor recreation; case studies,"Offers searchable conservation project examples, including work that protects outdoor access and supports rural economies.",Free public resource,None,https://www.conservationfund.org/our-impact/projects/,2026-08-14,RERC-RES-R2-018
Resource,"Tompkins County, New York","Tompkins County, New York",Available,Available online,New York,,,,,,Local governments; Tribal governments and organizations; nonprofits; community groups; businesses; planners; economic development partners,Planning,Plan,outdoor recreation; tourism; planning; trails; economic development,Provides Tompkins County's adopted outdoor recreation tourism plan and related tourism planning resources.,Free public resource,None,https://www.tompkinscountyny.gov/All-Departments/Planning-and-Sustainability/Tourism/Tourism-Plans,2026-08-14,RERC-RES-R2-019
Resource,Town Forest Recreation Planning Toolkit,Vermont Urban and Community Forestry,Available,Available online,Vermont,,,,,,Local governments; Tribal governments and organizations; nonprofits; community groups; businesses; planners; economic development partners,Planning,Webinar or video,outdoor recreation; planning; case studies; economic development; local capacity,Provides a step-by-step process and webinar series for planning public recreation in Vermont town forests.,Free public resource,None,https://vtcommunityforestry.org/projects/town-forests/town-forest-recreation-planning-toolkit,2026-08-14,RERC-RES-R2-020
Resource,New Tools for Sustainable Forest Based Recreation Webinar,Vermont Urban and Community Forestry,Available,Available online,Vermont,,,,,,Local governments; Tribal governments and organizations; nonprofits; community groups; businesses; planners; economic development partners,Planning,Webinar or video,outdoor recreation; planning; case studies; economic development; local capacity,Provides public information and examples related to new tools for sustainable forest based recreation webinar.,Free public resource,None,https://www.youtube.com/watch?v=UTHEj0AC3pE&feature=youtu.be,2026-08-14,RERC-RES-R2-021
Resource,Connecting Downtowns w/Trails for Economic Vibrancy Webinar,Vermont Urban and Community Forestry,Available,Available online,Vermont,,,,,,Local governments; Tribal governments and organizations; nonprofits; community groups; businesses; planners; economic development partners,Planning,Webinar or video,outdoor recreation; planning; case studies; economic development; local capacity,Provides public information and examples related to connecting downtowns w/trails for economic vibrancy webinar.,Free public resource,None,https://www.youtube.com/watch?v=s1SQoUqN22s&feature=youtu.be,2026-08-14,RERC-RES-R2-022
Resource,Trails for People and Wildlife Webinar,Vermont Urban and Community Forestry,Available,Available online,Vermont,,,,,,Local governments; Tribal governments and organizations; nonprofits; community groups; businesses; planners; economic development partners,Planning,Webinar or video,outdoor recreation; planning; case studies; economic development; local capacity,Provides public information and examples related to trails for people and wildlife webinar.,Free public resource,None,https://www.youtube.com/watch?v=uhbYUMrgLqU&feature=youtu.be,2026-08-14,RERC-RES-R2-023
Resource,Mountain Biking Trails 101 Webinar,Vermont Urban and Community Forestry,Available,Available online,Vermont,,,,,,Local governments; Tribal governments and organizations; nonprofits; community groups; businesses; planners; economic development partners,Planning,Webinar or video,outdoor recreation; planning; case studies; economic development; local capacity,Provides public information and examples related to mountain biking trails 101 webinar.,Free public resource,None,https://www.youtube.com/watch?v=zCmco-WDrPM&feature=youtu.be,2026-08-14,RERC-RES-R2-024
Resource,Trail Building & Maintenance Webinar,Vermont Urban and Community Forestry,Available,Available online,Vermont,,,,,,Local governments; Tribal governments and organizations; nonprofits; community groups; businesses; planners; economic development partners,Planning,Webinar or video,outdoor recreation; planning; case studies; economic development; local capacity,Provides public information and examples related to trail building & maintenance webinar.,Free public resource,None,https://www.youtube.com/watch?v=Irv9eqoUQNE&feature=youtu.be,2026-08-14,RERC-RES-R2-025
Resource,The Trust for Public Land and the City Parks Alliance,The Trust for Public Land and the City Parks Alliance,Available,Available online,Nationwide and U.S. territories,,,,,,Local governments; Tribal governments and organizations; nonprofits; community groups; businesses; planners; economic development partners,Planning,Guide and case studies,parks; placemaking; arts; community engagement; conservation; case studies,Offers a field guide and eleven case studies showing how creative placemaking can strengthen parks and communities.,Free public resource,None,https://www.tpl.org/resource/field-guide-creative-placemaking-and-parks,2026-08-14,RERC-RES-R2-027
Resource,Main Street America Resource Center,Main Street America,Available,Available online,Nationwide and U.S. territories,,,,,,Local governments; Tribal governments and organizations; nonprofits; community groups; businesses; planners; economic development partners,Planning,Toolkit or guide,downtown; main street; placemaking; economic development; business; planning,"Offers guides, toolkits, articles, and some free resources for Main Street work. Some materials require membership.",Free public resource,None,https://mainstreet.org/resources,2026-08-14,RERC-RES-R2-030
Resource,Resources for Transitioning Economies,National Association of Counties and partners,Available,Available online,Nationwide and U.S. territories,,,,,,Local governments; Tribal governments and organizations; nonprofits; community groups; businesses; planners; economic development partners,Planning,Report,downtown; main street; placemaking; economic development; business; planning,Offers tools and examples to help counties and regions diversify economies affected by industry change.,Free public resource,None,https://diversifyeconomies.org/,2026-08-14,RERC-RES-R2-032
Resource,How to Do Creative Placemaking,National Endowment for the Arts,Available,Available online,Nationwide and U.S. territories,,,,,,Local governments; Tribal governments and organizations; nonprofits; community groups; businesses; planners; economic development partners,Planning,Case-study collection,downtown; main street; placemaking; economic development; business; planning,National Endowment for the Arts. How To Do Creative Placemaking: An Action-Oriented Guide to Arts in Community Development.,Free public resource,None,https://www.arts.gov/about/publications/how-do-creative-placemaking,2026-08-14,RERC-RES-R2-035
Resource,Rebuilding Downtown: A Guidebook for Revitalization,Smart Growth America,Available,Available online,Nationwide and U.S. territories,,,,,,Local governments; Tribal governments and organizations; nonprofits; community groups; businesses; planners; economic development partners,Planning,Toolkit or guide,downtown; main street; placemaking; economic development; business; planning,Provides practical steps and examples for rebuilding and revitalizing downtowns.,Free public resource,None,https://www.smartgrowthamerica.org/knowledge-hub/news/introducing-rebuilding-downtown-a-guidebook-for-revitalization/,2026-08-14,RERC-RES-R2-037
Resource,Community Wealth Building Action Guide,The Democracy Collaborative,Available,Available online,Nationwide and U.S. territories,,,,,,Local governments; Tribal governments and organizations; nonprofits; community groups; businesses; planners; economic development partners,Planning,Guide and case studies,downtown; main street; placemaking; economic development; business; planning,"Explains community wealth building and provides an action guide, practical tools, and community examples.",Free public resource,None,https://www.democracycollaborative.org/community-wealth-building,2026-08-14,RERC-RES-R2-038
Resource,USDA Rural Community Development Resources,USDA National Agricultural Library,Available,Available online,Nationwide and U.S. territories,,,,,,Local governments; Tribal governments and organizations; nonprofits; community groups; businesses; planners; economic development partners,Planning,Case-study collection,downtown; main street; placemaking; economic development; business; planning,Collects USDA programs and information for rural community development.,Free public resource,None,https://www.nal.usda.gov/rural-development-communities,2026-08-14,RERC-RES-R2-039
Resource,USDA Downtown Revitalization Resources,USDA National Agricultural Library,Available,Available online,Nationwide and U.S. territories,,,,,,Local governments; Tribal governments and organizations; nonprofits; community groups; businesses; planners; economic development partners,Planning,Case-study collection,downtown; main street; placemaking; economic development; business; planning,Collects USDA guides and examples for downtown and Main Street revitalization.,Free public resource,None,https://www.nal.usda.gov/rural-development-communities/downtown-revitalization,2026-08-14,RERC-RES-R2-040
Resource,EDA Tools for Economic Development,U.S. Economic Development Administration,Available,Available online,Nationwide and U.S. territories,,,,,,Local governments; Tribal governments and organizations; nonprofits; community groups; businesses; planners; economic development partners,Planning,Resource hub,downtown; main street; placemaking; economic development; business; planning,"Collects federal tools for economic development planning, data analysis, project development, and local capacity building.",Free public resource,None,https://www.eda.gov/resources/tools,2026-08-14,RERC-RES-R2-042
Resource,Growing Rural Equitable Outdoor Recreation Economies,Aspen Institute Community Strategies Group,Available,Available online,Nationwide and U.S. territories,,,,,,Local governments; Tribal governments and organizations; nonprofits; community groups; businesses; planners; economic development partners,Planning,Resource hub,outdoor recreation; tourism; recreation economy; workforce; economic development; data,"Aspen Institute Community Strategies Group, Growing Rural Equitable Outdoor Recreation Economies. The Aspen Institute has several resources on the topic of making outdoor recreation economies more equitable for rural communities.",Free public resource,None,https://www.aspencsg.org/learning-to-grow-equitable-outdoor-recreation-economies/,2026-08-14,RERC-RES-R2-046
Resource,How Outdoor Recreation Supports Rural Economic Development,The Daily Yonder,Available,Available online,Nationwide and U.S. territories,,,,,,Local governments; Tribal governments and organizations; nonprofits; community groups; businesses; planners; economic development partners,Planning,Report,outdoor recreation; tourism; recreation economy; workforce; economic development; data,"Explains how outdoor recreation can create jobs, attract visitors, and support rural economic development.",Free public resource,None,https://dailyyonder.com/speak-piece-outdoor-recreation-supports-rural-economic-development/2019/02/25/,2026-08-14,RERC-RES-R2-048
Resource,Recreation Is a Bigger Share of the U.S. Economy Than Agriculture or Mining,The Daily Yonder,Available,Available online,Nationwide and U.S. territories,,,,,,Local governments; Tribal governments and organizations; nonprofits; community groups; businesses; planners; economic development partners,Planning,Report,outdoor recreation; tourism; recreation economy; workforce; economic development; data,Summarizes federal data showing outdoor recreation's share of the U.S. economy.,Free public resource,None,https://dailyyonder.com/recreation-bigger-share-u-s-economy-ag-mining-report-says/2018/05/10/,2026-08-14,RERC-RES-R2-049
Resource,Rural Recreation Counties Show More Population Resilience,The Daily Yonder,Available,Available online,Nationwide and U.S. territories,,,,,,Local governments; Tribal governments and organizations; nonprofits; community groups; businesses; planners; economic development partners,Planning,Report,outdoor recreation; tourism; recreation economy; workforce; economic development; data,Reviews research showing that many rural recreation counties have retained or gained population better than similar places.,Free public resource,None,https://dailyyonder.com/rural-recreation-counties-show-population-resilience/2019/02/11/,2026-08-14,RERC-RES-R2-050
Resource,Economic Profile System,Headwaters Economics,Available,Available online,Nationwide and U.S. territories,,,,,,Local governments; Tribal governments and organizations; nonprofits; community groups; businesses; planners; economic development partners,Planning,Data and analysis tool,outdoor recreation; tourism; recreation economy; workforce; economic development; data,"Creates free reports about people, jobs, land, and major industries for a community, county, or state.",Free public resource,None,https://headwaterseconomics.org/tools/economic-profile-system/about-eps/,2026-08-14,RERC-RES-R2-054
Resource,National Forest Socioeconomic Indicators Tool,Headwaters Economics,Available,Available online,Nationwide and U.S. territories,,,,,,Local governments; Tribal governments and organizations; nonprofits; community groups; businesses; planners; economic development partners,Planning,Data and analysis tool,land use; conservation; outdoor recreation; economic development; planning,"Tool allowing users to run free, easy-to-use reports detailing economics, demographics, land use, business sectors, and other topics for communities near every National Forest.",Free public resource,None,https://apps.headwaterseconomics.org/eps-usfs,2026-08-14,RERC-RES-R2-056
Resource,National Governors Association Outdoor Recreation Learning Network,National Governors Association,Available,Available online,Nationwide and U.S. territories,,,,,,Local governments; Tribal governments and organizations; nonprofits; community groups; businesses; planners; economic development partners,Planning,Resource hub,outdoor recreation; tourism; recreation economy; workforce; economic development; data,"Connects states with peer learning, policy examples, and resources for growing outdoor recreation economies.",Free public resource,None,https://www.nga.org/issues/outdoor-recreation/,2026-08-14,RERC-RES-R2-058
Resource,Outdoor Participation Report,Outdoor Industry Association,Available,Available online,Nationwide and U.S. territories,,,,,,Local governments; Tribal governments and organizations; nonprofits; community groups; businesses; planners; economic development partners,Planning,Report,outdoor recreation; tourism; recreation economy; workforce; economic development; data,(2023). Study showing levels of participation in outdoor activities.,Free public resource,None,https://outdoorindustry.org/resource/2024-outdoor-retail-trends-report/,2026-08-14,RERC-RES-R2-062
Resource,Rural Economic Development Toolkit,Outdoor Recreation Roundtable,Available,Available online,Nationwide and U.S. territories,,,,,,Local governments; Tribal governments and organizations; nonprofits; community groups; businesses; planners; economic development partners,Planning,Toolkit or guide,outdoor recreation; tourism; recreation economy; workforce; economic development; data,Provides practical steps for rural communities to use outdoor recreation in economic development.,Free public resource,None,https://recreationroundtable.org/programs/rural-development/,2026-08-14,RERC-RES-R2-072
Resource,Work in the Outdoors: Resources to Support the Outdoor Workforce and Career Paths in the Rec Economy (2022),Outdoor Recreation Roundtable,Available,Available online,Nationwide and U.S. territories,,,,,,Local governments; Tribal governments and organizations; nonprofits; community groups; businesses; planners; economic development partners,Planning,Webinar or video,outdoor recreation; tourism; recreation economy; workforce; economic development; data,"To release the “Outdoor Rec Drives Jobs” report, ORR used this webinar to feature several of the outdoor professionals featured in the report and to share about their connection to the outdoor workforce.",Free public resource,None,https://www.youtube.com/watch?v=UOYCPtKIJkk,2026-08-14,RERC-RES-R2-073
Resource,Elevating Outdoor Recreation Together,Utah State University Institute of Outdoor Recreation and Tourism,Available,Available online,Nationwide and U.S. territories,,,,,,Local governments; Tribal governments and organizations; nonprofits; community groups; businesses; planners; economic development partners,Planning,Report,outdoor recreation; tourism; recreation economy; workforce; economic development; data,"Reviews state outdoor recreation offices and offers lessons for governments, nonprofits, and recreation partners.",Free public resource,None,https://digitalcommons.usu.edu/extension_curall/1897/,2026-08-14,RERC-RES-R2-074
Resource,Federal Outdoor Recreation Trends and Economic Opportunities,USDA Forest Service Research and Development,Available,Available online,Nationwide and U.S. territories,,,,,,Local governments; Tribal governments and organizations; nonprofits; community groups; businesses; planners; economic development partners,Planning,Research report,outdoor recreation; tourism; recreation economy; workforce; economic development; data,Summarizes participation trends and the economic activity supported by outdoor recreation on federal lands.,Free public resource,None,https://research.fs.usda.gov/treesearch/53247,2026-08-14,RERC-RES-R2-076
Resource,Recreation Economy at USDA: Resources for Rural Communities,USDA Rural Development,Available,Available online,Nationwide and U.S. territories,,,,,,Local governments; Tribal governments and organizations; nonprofits; community groups; businesses; planners; economic development partners,Planning,Guide,outdoor recreation; recreation economy; rural development; infrastructure; business; conservation; planning,"Explains USDA programs and practical steps for rural communities building recreation economies through planning, business support, infrastructure, and conservation.",Free public resource,None,https://www.rd.usda.gov/sites/default/files/usdard_recreational_economy508.pdf,2026-08-14,RERC-RES-R2-077
Resource,Recreation Economic Values for the National Forest System,USDA Forest Service Research and Development,Available,Available online,Nationwide and U.S. territories,,,,,,Local governments; Tribal governments and organizations; nonprofits; community groups; businesses; planners; economic development partners,Planning,Data and analysis tool,national forests; conservation; outdoor recreation; economic data,Estimates the economic value of recreation across the National Forest System.,Free public resource,None,https://research.fs.usda.gov/treesearch/54602,2026-08-14,RERC-RES-R2-078
Resource,Gateway and Natural Amenity Region Community Toolkit,Utah State University,Available,Available online,Nationwide and U.S. territories,,,,,,Local governments; Tribal governments and organizations; nonprofits; community groups; businesses; planners; economic development partners,Planning,Case-study collection,gateway communities; public lands; conservation; planning; outdoor recreation,Provides planning tools and examples for gateway communities near public lands and natural amenities.,Free public resource,None,https://extension.usu.edu/gnar/tools/,2026-08-14,RERC-RES-R2-079
Resource,American Trails,American Trails,Available,Available online,Nationwide and U.S. territories,,,,,,Local governments; Tribal governments and organizations; nonprofits; community groups; businesses; planners; economic development partners,Planning,Resource library,trails; planning; design; conservation; funding; management; maintenance,"Provides a searchable library for trail planning, design, conservation, funding, management, and maintenance.",Free public resource,None,https://www.americantrails.org/resource-library,2026-08-14,RERC-RES-R2-080
Resource,Centers for Disease Control and Prevention,Centers for Disease Control and Prevention,Available,Available online,Nationwide and U.S. territories,,,,,,Local governments; Tribal governments and organizations; nonprofits; community groups; businesses; planners; economic development partners,Planning,Visual guide,transportation; bike; pedestrian; transit; parks; health; safe access,"Shows how communities can connect activity-friendly routes with everyday destinations such as parks, schools, shops, and transit.",Free public resource,None,https://www.cdc.gov/physical-activity/php/community-design-visual-guide/index.html,2026-08-14,RERC-RES-R2-081
Resource,Navigating Main Streets as Places,Main Street America and Project for Public Spaces,Available,Available online,Nationwide and U.S. territories,,,,,,Local governments; Tribal governments and organizations; nonprofits; community groups; businesses; planners; economic development partners,Planning,Toolkit or guide,trails; transportation; bike; pedestrian; mobility; planning; funding,Shows how transportation projects can make Main Streets safer and more welcoming.,Free public resource,None,https://mainstreet.org/resources/knowledge-hub/publication/navigating-main-streets,2026-08-14,RERC-RES-R2-086
Resource,Trail-Building Toolbox,Rails-to-Trails Conservancy,Available,Available online,Nationwide and U.S. territories,,,,,,Local governments; Tribal governments and organizations; nonprofits; community groups; businesses; planners; economic development partners,Planning,Toolkit or guide,trails; transportation; bike; pedestrian; mobility; planning; funding,"Provides tools for planning, building, and managing trails.",Free public resource,None,https://www.railstotrails.org/trail-building-toolbox/,2026-08-14,RERC-RES-R2-087
Resource,Trail Towns Resources,Rails-to-Trails Conservancy,Available,Available online,Nationwide and U.S. territories,,,,,,Local governments; Tribal governments and organizations; nonprofits; community groups; businesses; planners; economic development partners,Planning,Toolkit or guide,trails; transportation; bike; pedestrian; mobility; planning; funding,"Helps communities connect trails with downtown businesses, visitors, and local plans.",Free public resource,None,https://www.railstotrails.org/trail-building-toolbox/trail-towns/,2026-08-14,RERC-RES-R2-088
Resource,Transportation Alternatives Program: Dollars and Deadlines,Safe Routes Partnership,Available,Available online,Nationwide and U.S. territories,,,,,,Local governments; Tribal governments and organizations; nonprofits; community groups; businesses; planners; economic development partners,Planning,Resource hub,trails; transportation; bike; pedestrian; mobility; planning; funding,Shows Transportation Alternatives Program funding and deadlines for each state.,Free public resource,None,https://saferoutespartnership.org/dollars-and-deadlines-state-state-look-transportation-alternatives-program/,2026-08-14,RERC-RES-R2-089
Resource,The Scenic Route: Creative Placemaking and Transportation,Transportation for America,Available,Available online,Nationwide and U.S. territories,,,,,,Local governments; Tribal governments and organizations; nonprofits; community groups; businesses; planners; economic development partners,Planning,Guide and case studies,trails; transportation; bike; pedestrian; mobility; planning; funding,"Shows eight ways to use arts and culture in transportation planning, with local examples and supporting resources.",Free public resource,None,https://transportation.art/,2026-08-14,RERC-RES-R2-091
Resource,River Town Review Toolkit,"National Park Service Rivers, Trails, and Conservation Assistance Program",Available,Available online,Nationwide and U.S. territories,,,,,,Local governments; Tribal governments; nonprofits; community groups; planners; tourism and business partners,Planning,Toolkit,river; trails; outdoor recreation; tourism; downtown; planning; community engagement; accessibility,"Guides communities through a local review of river access, trails, visitor services, downtown connections, and recreation businesses.",Free,None,https://www.nps.gov/orgs/rtca/river-town-review-toolkit.htm,2026-08-14,RERC-RES-NEW-2026-001
Resource,"Local Foods, Local Places Toolkit",U.S. Environmental Protection Agency,Available,Available online,Nationwide and U.S. territories,,,,,,Local governments; Tribal governments; nonprofits; community groups; food-system partners; planners,Planning,Toolkit,downtown; main street; food; economic development; planning; community engagement; action plan,Gives step-by-step workshop instructions and templates for local food and downtown projects.,Free,None,https://www.epa.gov/smartgrowth/local-foods-local-places-toolkit,2026-08-14,RERC-RES-NEW-2026-002
Resource,Equitable Engagement Toolkit,Oregon Department of Land Conservation and Development,Available,Available online,Nationwide and U.S. territories,,,,,,Local governments; Tribal governments; nonprofits; community groups; planners; consultants,Planning,Toolkit and mapping tools,community engagement; equity; planning; data; mapping; local capacity,"Provides worksheets, checklists, training, and mapping tools for reaching people who are often left out of planning.",Free,None,https://www.oregon.gov/lcd/About/Pages/Equitable-Engagement-Toolkit.aspx,2026-08-14,RERC-RES-NEW-2026-003
Resource,2026 Oregon Recreational Trails Plan and Technical Toolkit,Oregon Parks and Recreation Department,Available,Available online,Oregon,,,,,,Local governments; Tribal governments; state agencies; nonprofits; trail managers; planners,Planning,Plan and toolkit,trails; outdoor recreation; planning; funding; accessibility; stewardship; case studies,"Pairs Oregon's trail plan with guides, case studies, and public input.",Free,None,https://www.oregon.gov/oprd/prp/pages/pla-statewide-trails.aspx,2026-08-14,RERC-RES-NEW-2026-004
Funding,FEMA Hazard Mitigation Grant Program,Federal Emergency Management Agency,Disaster-triggered,"Available after qualifying presidential major-disaster declarations; applicant deadlines are set by the state, territory, or Tribe",Nationwide and U.S. territories,,,,,,"States, territories, federally recognized Tribes, and local governments or eligible nonprofits applying as subapplicants through them",Mixed,Grant,disaster resilience; hazard mitigation; emergency preparedness; infrastructure,"Transportation projects must reduce a documented natural-hazard risk and meet mitigation-plan, feasibility, cost-effectiveness, and environmental requirements.","Varies by allocation, declaration, or selected project",Generally 75% federal and 25% nonfederal,https://www.fema.gov/grants/mitigation/hazard-mitigation,2026-08-17,RERC-FND-2026-NAT-HMGP
Funding,Flood Mitigation Assistance Grant Program,Federal Emergency Management Agency,Recurring,Annual federal and applicant-level cycles; use the applicable state or territorial notice,Nationwide and U.S. territories,,,,,,"States, territories, federally recognized Tribes, and NFIP-participating communities applying through them",Mixed,Grant,disaster resilience; hazard mitigation; emergency preparedness; infrastructure,Funding addresses long-term flood risk to NFIP-insured structures and communities; it is not a general transportation grant.,"Varies by allocation, declaration, or selected project",Generally 75% federal; enhanced shares may apply to repetitive-loss properties and qualifying communities,https://www.fema.gov/grants/mitigation/flood-mitigation-assistance,2026-08-17,RERC-FND-2026-NAT-FMA
Funding,Hazard Mitigation Grant Program Post Fire,Federal Emergency Management Agency,Fire-declaration-triggered,The application period opens with the first qualifying declaration of the fiscal year and generally closes six months after that fiscal year ends,Nationwide and U.S. territories,,,,,,"States, territories, and federally recognized Tribes affected by a qualifying Fire Management Assistance Grant declaration; local entities apply through them",Mixed,Grant,disaster resilience; hazard mitigation; emergency preparedness; infrastructure,"Road, culvert, drainage, and slope projects may fit when they reduce documented post-wildfire hazard risk.","Varies by allocation, declaration, or selected project",Generally 75% federal and 25% nonfederal,https://www.fema.gov/grants/mitigation/post-fire,2026-08-17,RERC-FND-2026-NAT-POSTFIRE
Funding,Safeguarding Tomorrow Revolving Loan Fund,Federal Emergency Management Agency,Recurring,FEMA capitalization-grant cycles and local revolving-loan availability vary,Nationwide and U.S. territories,,,,,,"States, eligible territories, the District of Columbia, and federally recognized Tribes establish revolving funds that make loans to local governments",Mixed,Capitalization grant and local low-interest loan,disaster resilience; hazard mitigation; emergency preparedness; infrastructure,Local projects must reduce natural-hazard and disaster risk under an approved loan-fund project list.,"Varies by allocation, declaration, or selected project",Applicant and loan terms vary,https://www.fema.gov/grants/mitigation/storm-rlf,2026-08-17,RERC-FND-2026-NAT-STORM
Funding,Highway Safety Improvement Program,Federal Highway Administration,Ongoing formula program,Continuous state programming with state-specific calls where offered,Nationwide and U.S. territories,,,,,,State and territorial transportation agencies; local and Tribal projects generally enter through the applicable state or territorial process,Mixed,Formula funding and project delivery,disaster resilience; hazard mitigation; emergency preparedness; infrastructure; transportation; roadway safety; guardrails; barriers,"Guardrails, barriers, end treatments, and related roadside work can qualify when crash or risk analysis supports a fatal- or serious-injury reduction benefit.","Varies by allocation, declaration, or selected project",Generally 90% federal; certain safety devices and treatments may qualify for 100% federal share,https://highways.dot.gov/safety/hsip,2026-08-17,RERC-FND-2026-NAT-HSIP
Funding,PROTECT Formula Program,Federal Highway Administration,Ongoing formula program,Continuous state transportation programming,Multi-State,Alabama; Alaska; Arizona; Arkansas; California; Colorado; Connecticut; Delaware; District of Columbia; Florida; Georgia; Hawaii; Idaho; Illinois; Indiana; Iowa; Kansas; Kentucky; Louisiana; Maine; Maryland; Massachusetts; Michigan; Minnesota; Mississippi; Missouri; Montana; Nebraska; Nevada; New Hampshire; New Jersey; New Mexico; New York; North Carolina; North Dakota; Ohio; Oklahoma; Oregon; Pennsylvania; Puerto Rico; Rhode Island; South Carolina; South Dakota; Tennessee; Texas; Utah; Vermont; Virginia; Washington; West Virginia; Wisconsin; Wyoming,"PROTECT formula funding is apportioned to the 50 states, District of Columbia, and Puerto Rico.",https://www.fhwa.dot.gov/infrastructure-investment-and-jobs-act/protect_formula.cfm,,,"States, the District of Columbia, Puerto Rico, and eligible transportation partners through state programming",Mixed,Formula funding,disaster resilience; hazard mitigation; emergency preparedness; infrastructure,"Supports transportation resilience planning and improvements for natural hazards, evacuation routes, and vulnerable infrastructure.","Varies by allocation, declaration, or selected project","Generally 80% federal, with planning and incentive exceptions",https://www.fhwa.dot.gov/infrastructure-investment-and-jobs-act/protect_formula.cfm,2026-08-17,RERC-FND-2026-NAT-PROTECT
Funding,Emergency Relief Program,Federal Highway Administration,Disaster-triggered,Available after qualifying natural disasters or catastrophic failures and an approved request,Nationwide and U.S. territories,,,,,,State transportation departments and federal land-management agencies; local road agencies coordinate through the state,Mixed,Reimbursement and repair funding,disaster resilience; hazard mitigation; emergency preparedness; infrastructure,Restores eligible Federal-aid and federal-lands highways after serious damage; resilience improvements must meet Emergency Relief rules.,"Varies by allocation, declaration, or selected project",Normal federal-aid share generally applies; qualifying emergency work may receive a higher share,https://www.fhwa.dot.gov/programadmin/erelief.cfm,2026-08-17,RERC-FND-2026-NAT-ER
Funding,Territorial Highway Program,Federal Highway Administration,Ongoing formula program,Continuous territorial transportation programming,Multi-State,American Samoa; Guam; Northern Mariana Islands; U.S. Virgin Islands,The Territorial Highway Program serves the four listed territories.,https://www.fhwa.dot.gov/pgc/index.cfm?ddisc=84&dsub=969,,,"American Samoa, Guam, Northern Mariana Islands, and U.S. Virgin Islands transportation agencies",Mixed,Formula funding and project delivery,disaster resilience; hazard mitigation; emergency preparedness; infrastructure; transportation; roadway safety; guardrails; barriers,Territories program eligible highway and safety projects; this is not a direct grant application for individuals.,"Varies by allocation, declaration, or selected project",Program-specific federal share,https://www.fhwa.dot.gov/pgc/index.cfm?ddisc=84&dsub=969,2026-08-17,RERC-FND-2026-NAT-THP
Funding,Alabama Hazard Mitigation Assistance Funding Route,Alabama Emergency Management Agency,Program active; current cycle uncertain,Disaster-triggered or annual by program; confirm with AEMA,Alabama,,,,,,"Local governments, Tribes, and eligible nonprofits coordinate with the AEMA Hazard Mitigation Branch",Mixed,State-administered federal grant route,disaster resilience; hazard mitigation; flood; wildfire; emergency preparedness; infrastructure,The official overview is not a current NOFO; do not treat it as an open call. Transportation work must have a documented natural-hazard mitigation purpose.,"Varies by allocation, declaration, or selected project",Generally 75% federal and 25% nonfederal; exceptions may apply,https://ema.alabama.gov/about/agency-divisions/,2026-08-17,RERC-FND-2026-HMA-ALABAMA
Funding,Alaska Hazard Mitigation Assistance Funding Route,Alaska Division of Homeland Security and Emergency Management,No HMGP disaster intake open when checked,Disaster-triggered; monitor state notices,Alaska,,,,,,"State, local, Tribal, Alaska Native village, and eligible nonprofit subapplicants submit through the state",Mixed,State-administered federal grant route,disaster resilience; hazard mitigation; flood; wildfire; emergency preparedness; infrastructure,An approved mitigation plan and state prioritization are required. Transportation work must have a documented natural-hazard mitigation purpose.,"Varies by allocation, declaration, or selected project",Generally 75% federal and 25% nonfederal; exceptions may apply,https://ready.alaska.gov/Mitigation/HMGP,2026-08-17,RERC-FND-2026-HMA-ALASKA
Funding,American Samoa Hazard Mitigation Assistance Funding Route,American Samoa Office of Disaster Assistance and Petroleum Management,Disaster-triggered,Cycle depends on a qualifying declaration,American Samoa,,,,,,Territorial agencies and eligible local entities coordinate with ODAPM,Mixed,State-administered federal grant route,disaster resilience; hazard mitigation; flood; wildfire; emergency preparedness; infrastructure,The territorial page describes HMGP and the usual 75% federal share. Transportation work must have a documented natural-hazard mitigation purpose.,"Varies by allocation, declaration, or selected project",Generally 75% federal and 25% nonfederal; exceptions may apply,https://odapm.as.gov/hazardmitigation,2026-08-17,RERC-FND-2026-HMA-AMERICAN-SAMOA
Funding,Arizona Hazard Mitigation Assistance Funding Route,Arizona Department of Emergency and Military Affairs,Recurring and disaster-triggered,Program-specific state notices,Arizona,,,,,,"State and local governments, special districts, and Tribes apply through Arizona DEMA",Mixed,State-administered federal grant route,disaster resilience; hazard mitigation; flood; wildfire; emergency preparedness; infrastructure,Ordinary road-safety work is not eligible without a natural-hazard mitigation purpose. Transportation work must have a documented natural-hazard mitigation purpose.,"Varies by allocation, declaration, or selected project",Generally 75% federal and 25% nonfederal; exceptions may apply,https://dema.az.gov/emergency-management-landing-page/infrastructure-and-grant-administration/mitigation/mitigation_grant_programs,2026-08-17,RERC-FND-2026-HMA-ARIZONA
Funding,Arkansas Hazard Mitigation Assistance Funding Route,Arkansas Division of Emergency Management,Current cycle uncertain,Contact ADEM for a current state deadline,Arkansas,,,,,,Eligible local governments and other subapplicants apply through ADEM,Mixed,State-administered federal grant route,disaster resilience; hazard mitigation; flood; wildfire; emergency preparedness; infrastructure,"The state portal is authoritative, but a current public deadline was not verified. Transportation work must have a documented natural-hazard mitigation purpose.","Varies by allocation, declaration, or selected project",Generally 75% federal and 25% nonfederal; exceptions may apply,https://adem.arkansas.gov/hazard-mitigation-grants,2026-08-17,RERC-FND-2026-HMA-ARKANSAS
Funding,California Hazard Mitigation Assistance Funding Route,California Governor's Office of Emergency Services,Recurring and disaster-triggered,State notices of interest and subapplication deadlines vary,California,,,,,,"Local and state agencies, Tribes, special districts, and eligible nonprofits submit through Cal OES",Mixed,State-administered federal grant route,disaster resilience; hazard mitigation; flood; wildfire; emergency preparedness; infrastructure,State selection and FEMA eligibility review apply. Transportation work must have a documented natural-hazard mitigation purpose.,"Varies by allocation, declaration, or selected project",Generally 75% federal and 25% nonfederal; exceptions may apply,https://www.caloes.ca.gov/office-of-the-director/operations/recovery-directorate/hazard-mitigation/hm-grant-opportunities/hma-hmgp/,2026-08-17,RERC-FND-2026-HMA-CALIFORNIA
Funding,Colorado Hazard Mitigation Assistance Funding Route,Colorado Division of Homeland Security and Emergency Management,Recurring and disaster-triggered,Program-specific state notices,Colorado,,,,,,Eligible local governments and partners coordinate with Colorado DHSEM,Mixed,State-administered federal grant route,disaster resilience; hazard mitigation; flood; wildfire; emergency preparedness; infrastructure,The umbrella page lists mitigation grant programs but does not establish a current open deadline. Transportation work must have a documented natural-hazard mitigation purpose.,"Varies by allocation, declaration, or selected project",Generally 75% federal and 25% nonfederal; exceptions may apply,https://dhsem.colorado.gov/grants,2026-08-17,RERC-FND-2026-HMA-COLORADO
Funding,Connecticut Hazard Mitigation Assistance Funding Route,Connecticut Division of Emergency Management and Homeland Security,Portal accepts applications or letters of intent; cycle deadline not stated,Confirm the applicable cycle with DEMHS,Connecticut,,,,,,"State and local agencies, Tribes, and program-eligible nonprofits submit through DEMHS",Mixed,State-administered federal grant route,disaster resilience; hazard mitigation; flood; wildfire; emergency preparedness; infrastructure,Portal availability does not guarantee that every FEMA program has an open award cycle. Transportation work must have a documented natural-hazard mitigation purpose.,"Varies by allocation, declaration, or selected project",Generally 75% federal and 25% nonfederal; exceptions may apply,https://portal.ct.gov/demhs/emergency-management/draft---recovery-and-hazard-mitigation-resilience-unit/disaster-recovery-and-hazard-mitigation-resilience-home/copy-of-hazard-mitigation-and-resiliency/copy-of-building-resilient-infrastructure-and-communities/copy-of-apply_bric,2026-08-17,RERC-FND-2026-HMA-CONNECTICUT
Funding,Delaware Hazard Mitigation Assistance Funding Route,Delaware Emergency Management Agency,Current cycle uncertain,No current deadline posted,Delaware,,,,,,Government officials and eligible entities coordinate directly with DEMA,Mixed,State-administered federal grant route,disaster resilience; hazard mitigation; flood; wildfire; emergency preparedness; infrastructure,"The page is a program gateway, not a current NOFO. Transportation work must have a documented natural-hazard mitigation purpose.","Varies by allocation, declaration, or selected project",Generally 75% federal and 25% nonfederal; exceptions may apply,https://www.dema.delaware.gov/recovery/,2026-08-17,RERC-FND-2026-HMA-DELAWARE
Funding,District of Columbia Hazard Mitigation Assistance Funding Route,DC Homeland Security and Emergency Management Agency,FY2024/25 BRIC round closed,Future project-idea and federal deadlines will be posted by HSEMA,District of Columbia,,,,,,"DC agency partners submit ideas to HSEMA, which applies to FEMA",Mixed,State-administered federal grant route,disaster resilience; hazard mitigation; flood; wildfire; emergency preparedness; infrastructure,Individuals and businesses cannot apply directly. Transportation work must have a documented natural-hazard mitigation purpose.,"Varies by allocation, declaration, or selected project",Generally 75% federal and 25% nonfederal; exceptions may apply,https://hsema.dc.gov/page/building-resilient-infrastructure-and-communities-program,2026-08-17,RERC-FND-2026-HMA-DISTRICT-OF-COLUMBIA
Funding,Florida Hazard Mitigation Assistance Funding Route,Florida Division of Emergency Management,FY2026 notice-of-interest period closed,Closed 2026-08-14; future formal dates depend on FEMA and FDEM,Florida,,,,,,"State agencies, Tribes, and local governments submit an NOI to FDEM before an invited FEMA GO subapplication",Mixed,State-administered federal grant route,disaster resilience; hazard mitigation; flood; wildfire; emergency preparedness; infrastructure,The state NOI deadline passed three days before this review. Transportation work must have a documented natural-hazard mitigation purpose.,"Varies by allocation, declaration, or selected project",Generally 75% federal and 25% nonfederal; exceptions may apply,https://www.floridadisaster.org/dem/mitigation/builing-resilient-infrastructure-and-communities-bric-grant-program/,2026-08-17,RERC-FND-2026-HMA-FLORIDA
Funding,Georgia Hazard Mitigation Assistance Funding Route,Georgia Emergency Management and Homeland Security Agency,Rolling preapplications,Rolling; federal cycles still control award timing,Georgia,,,,,,Public agencies submit a GEMA/HS preapplication and invited applications proceed in FEMA GO,Mixed,State-administered federal grant route,disaster resilience; hazard mitigation; flood; wildfire; emergency preparedness; infrastructure,A preapplication is not an award guarantee. Transportation work must have a documented natural-hazard mitigation purpose.,"Varies by allocation, declaration, or selected project",Generally 75% federal and 25% nonfederal; exceptions may apply,https://gema.georgia.gov/bric,2026-08-17,RERC-FND-2026-HMA-GEORGIA
Funding,Guam Hazard Mitigation Assistance Funding Route,Guam Homeland Security Office of Civil Defense,Disaster-triggered and recurring,Program-specific territorial notices,Guam,,,,,,Government entities and eligible nonprofits coordinate through Guam HSOCD,Mixed,State-administered federal grant route,disaster resilience; hazard mitigation; flood; wildfire; emergency preparedness; infrastructure,Territorial prioritization and FEMA review apply. Transportation work must have a documented natural-hazard mitigation purpose.,"Varies by allocation, declaration, or selected project",Generally 75% federal and 25% nonfederal; exceptions may apply,https://ghs.guam.gov/programs/hazard-mitigation-program,2026-08-17,RERC-FND-2026-HMA-GUAM
Funding,Hawaii Hazard Mitigation Assistance Funding Route,Hawaii Emergency Management Agency,Recurring and disaster-triggered,Program-specific state notices,Hawaii,,,,,,State and county agencies and qualifying nonprofits coordinate through HI-EMA,Mixed,State-administered federal grant route,disaster resilience; hazard mitigation; flood; wildfire; emergency preparedness; infrastructure,The umbrella page does not establish a single standing deadline. Transportation work must have a documented natural-hazard mitigation purpose.,"Varies by allocation, declaration, or selected project",Generally 75% federal and 25% nonfederal; exceptions may apply,https://dod.hawaii.gov/hiema/hazard-mitigation/,2026-08-17,RERC-FND-2026-HMA-HAWAII
Funding,Idaho Hazard Mitigation Assistance Funding Route,Idaho Office of Emergency Management,Disaster-triggered,State notices follow qualifying declarations,Idaho,,,,,,"State and local governments, Tribes, and eligible nonprofits submit through IOEM",Mixed,State-administered federal grant route,disaster resilience; hazard mitigation; flood; wildfire; emergency preparedness; infrastructure,An approved mitigation plan and state selection are required. Transportation work must have a documented natural-hazard mitigation purpose.,"Varies by allocation, declaration, or selected project",Generally 75% federal and 25% nonfederal; exceptions may apply,https://ioem.idaho.gov/grants/disaster-grants/hazard-mitigation-grant-program-hmgp/,2026-08-17,RERC-FND-2026-HMA-IDAHO
Funding,Kentucky Hazard Mitigation Assistance Funding Route,Kentucky Emergency Management,Program active; current cycle uncertain,Declaration-specific or annual by program,Kentucky,,,,,,Communities work with KYEM and the State Hazard Mitigation Officer,Mixed,State-administered federal grant route,disaster resilience; hazard mitigation; flood; wildfire; emergency preparedness; infrastructure,The page offers program support but is not a current NOFO. Transportation work must have a documented natural-hazard mitigation purpose.,"Varies by allocation, declaration, or selected project",Generally 75% federal and 25% nonfederal; exceptions may apply,https://www.kyem.ky.gov/recover-and-mitigate/disaster-mitigation,2026-08-17,RERC-FND-2026-HMA-KENTUCKY
Funding,Louisiana Hazard Mitigation Assistance Funding Route,Louisiana Governor's Office of Homeland Security and Emergency Preparedness,Program active; current cycle uncertain,Annual or declaration-specific,Louisiana,,,,,,Eligible subapplicants submit through GOHSEP and use FEMA GO when directed,Mixed,State-administered federal grant route,disaster resilience; hazard mitigation; flood; wildfire; emergency preparedness; infrastructure,Historical notices must not be carried forward as current deadlines. Transportation work must have a documented natural-hazard mitigation purpose.,"Varies by allocation, declaration, or selected project",Generally 75% federal and 25% nonfederal; exceptions may apply,https://gohsep.la.gov/recovery/hazard-mitigation/,2026-08-17,RERC-FND-2026-HMA-LOUISIANA
Funding,Maine Hazard Mitigation Assistance Funding Route,Maine Emergency Management Agency,FY2024/25 state rounds closed,BRIC closed 2026-06-18; FMA closed 2026-07-06,Maine,,,,,,"Communities, counties, Tribes, and eligible entities submit through MEMA and FEMA GO",Mixed,State-administered federal grant route,disaster resilience; hazard mitigation; flood; wildfire; emergency preparedness; infrastructure,Monitor MEMA for the next cycle. Transportation work must have a documented natural-hazard mitigation purpose.,"Varies by allocation, declaration, or selected project",Generally 75% federal and 25% nonfederal; exceptions may apply,https://www.maine.gov/mema/grants/mitigation-grants,2026-08-17,RERC-FND-2026-HMA-MAINE
Funding,Maryland Hazard Mitigation Assistance Funding Route,Maryland Department of Emergency Management,Program active; current deadline uncertain,Cycle- or disaster-specific,Maryland,,,,,,Local jurisdictions prepare applications with MDEM; households usually proceed through a locality,Mixed,State-administered federal grant route,disaster resilience; hazard mitigation; flood; wildfire; emergency preparedness; infrastructure,The page describes the route but not a current open deadline. Transportation work must have a documented natural-hazard mitigation purpose.,"Varies by allocation, declaration, or selected project",Generally 75% federal and 25% nonfederal; exceptions may apply,https://mdem.maryland.gov/community/Pages/LocalJurisdictionHazardMitigation.aspx,2026-08-17,RERC-FND-2026-HMA-MARYLAND
Funding,Massachusetts Hazard Mitigation Assistance Funding Route,Massachusetts Emergency Management Agency,FY2024/25 BRIC round closed; rolling statements of interest accepted,BRIC closed 2026-06-08; statements of interest are rolling,Massachusetts,,,,,,"Eligible municipalities, state agencies, and other subapplicants file a MEMA Statement of Interest",Mixed,State-administered federal grant route,disaster resilience; hazard mitigation; flood; wildfire; emergency preparedness; infrastructure,"A rolling statement of interest is an eligibility screen, not an open award cycle. Transportation work must have a documented natural-hazard mitigation purpose.","Varies by allocation, declaration, or selected project",Generally 75% federal and 25% nonfederal; exceptions may apply,https://www.mass.gov/hazard-mitigation-assistance-hma-grant-programs,2026-08-17,RERC-FND-2026-HMA-MASSACHUSETTS
Funding,Mississippi Hazard Mitigation Assistance Funding Route,Mississippi Emergency Management Agency,FY2024/25 BRIC round closed,Closed 2026-06-12,Mississippi,,,,,,"Local governments, Tribes, and eligible entities submit through MEMA",Mixed,State-administered federal grant route,disaster resilience; hazard mitigation; flood; wildfire; emergency preparedness; infrastructure,Local entities do not apply directly to FEMA. Transportation work must have a documented natural-hazard mitigation purpose.,"Varies by allocation, declaration, or selected project",Generally 75% federal and 25% nonfederal; exceptions may apply,https://msema.org/about/about-mema/mitigation/grant-funding/building-resilient-infrastructure-and-communities,2026-08-17,RERC-FND-2026-HMA-MISSISSIPPI
Funding,Montana Hazard Mitigation Assistance Funding Route,Montana Disaster and Emergency Services,Disaster-triggered,State schedule generally follows a declaration,Montana,,,,,,"State, local, Tribal, and eligible nonprofit subapplicants submit through Montana DES",Mixed,State-administered federal grant route,disaster resilience; hazard mitigation; flood; wildfire; emergency preparedness; infrastructure,The normal federal share is 75% with a 25% nonfederal share. Transportation work must have a documented natural-hazard mitigation purpose.,"Varies by allocation, declaration, or selected project",Generally 75% federal and 25% nonfederal; exceptions may apply,https://des.mt.gov/Grant-Programs/HMGP,2026-08-17,RERC-FND-2026-HMA-MONTANA
Funding,Nevada Hazard Mitigation Assistance Funding Route,Nevada Division of Emergency Management,Recurring and disaster-triggered,Program-specific state notices,Nevada,,,,,,"Eligible state, local, Tribal, and nonprofit subapplicants coordinate through Nevada DEM",Mixed,State-administered federal grant route,disaster resilience; hazard mitigation; flood; wildfire; emergency preparedness; infrastructure,Annual and disaster-triggered programs have separate cycles. Transportation work must have a documented natural-hazard mitigation purpose.,"Varies by allocation, declaration, or selected project",Generally 75% federal and 25% nonfederal; exceptions may apply,https://www.oem.nv.gov/grants-management/recovery-and-mitigation-grants/,2026-08-17,RERC-FND-2026-HMA-NEVADA
Funding,New Hampshire Hazard Mitigation Assistance Funding Route,New Hampshire Homeland Security and Emergency Management,Current cycle uncertain,No verified current deadline,New Hampshire,,,,,,Municipalities and eligible governmental entities submit a letter of intent to HSEM,Mixed,State-administered federal grant route,disaster resilience; hazard mitigation; flood; wildfire; emergency preparedness; infrastructure,The official agency surface confirms administration but not a current cycle. Transportation work must have a documented natural-hazard mitigation purpose.,"Varies by allocation, declaration, or selected project",Generally 75% federal and 25% nonfederal; exceptions may apply,https://www.dos.nh.gov/divisions/homeland-security-and-emergency-management,2026-08-17,RERC-FND-2026-HMA-NEW-HAMPSHIRE
Funding,New Jersey Hazard Mitigation Assistance Funding Route,New Jersey Office of Emergency Management,Official page is stale,No verified 2026 deadline,New Jersey,,,,,,Local governments and eligible subapplicants coordinate through NJOEM and applicable grant systems,Mixed,State-administered federal grant route,disaster resilience; hazard mitigation; flood; wildfire; emergency preparedness; infrastructure,Do not infer current availability from the page's older deadlines. Transportation work must have a documented natural-hazard mitigation purpose.,"Varies by allocation, declaration, or selected project",Generally 75% federal and 25% nonfederal; exceptions may apply,https://www.nj.gov/njoem/mitigation/index.shtml,2026-08-17,RERC-FND-2026-HMA-NEW-JERSEY
Funding,New Mexico Hazard Mitigation Assistance Funding Route,New Mexico Department of Homeland Security and Emergency Management,Disaster-triggered,State notices follow qualifying declarations,New Mexico,,,,,,"Local, municipal, Tribal, state, quasi-governmental, and eligible nonprofit applicants submit through DHSEM",Mixed,State-administered federal grant route,disaster resilience; hazard mitigation; flood; wildfire; emergency preparedness; infrastructure,Projects must meet state and FEMA eligibility requirements. Transportation work must have a documented natural-hazard mitigation purpose.,"Varies by allocation, declaration, or selected project",Generally 75% federal and 25% nonfederal; exceptions may apply,https://www.dhsem.nm.gov/recovery/hazard-mitigation-grant-program-hmgp/,2026-08-17,RERC-FND-2026-HMA-NEW-MEXICO
Funding,New York Hazard Mitigation Assistance Funding Route,New York State Division of Homeland Security and Emergency Services,Current opportunities page is incomplete or stale,No reliable general 2026 deadline posted,New York,,,,,,Eligible governmental and Tribal subapplicants work through DHSES,Mixed,State-administered federal grant route,disaster resilience; hazard mitigation; flood; wildfire; emergency preparedness; infrastructure,Contact DHSES before relying on availability. Transportation work must have a documented natural-hazard mitigation purpose.,"Varies by allocation, declaration, or selected project",Generally 75% federal and 25% nonfederal; exceptions may apply,https://www.dhses.ny.gov/current-hazard-mitigation-funding-opportunities,2026-08-17,RERC-FND-2026-HMA-NEW-YORK
Funding,North Carolina Hazard Mitigation Assistance Funding Route,North Carolina Emergency Management,FY2024/25 BRIC round closed,LOI closed 2026-06-12; subapplication closed 2026-07-10,North Carolina,,,,,,Local governments and Tribal Nations submit through NC Emergency Management,Mixed,State-administered federal grant route,disaster resilience; hazard mitigation; flood; wildfire; emergency preparedness; infrastructure,The state round is closed. Transportation work must have a documented natural-hazard mitigation purpose.,"Varies by allocation, declaration, or selected project",Generally 75% federal and 25% nonfederal; exceptions may apply,https://www.ncdps.gov/our-organization/emergency-management/hazard-mitigation/non-disaster-grants/notice-funding-availability-bric-fy24-25,2026-08-17,RERC-FND-2026-HMA-NORTH-CAROLINA
Funding,Northern Mariana Islands Hazard Mitigation Assistance Funding Route,CNMI Hazard Mitigation Grant Program,Disaster-triggered and active program administration,Declaration- and program-specific,Northern Mariana Islands,,,,,,CNMI agencies and eligible subapplicants coordinate through the territorial HMGP office,Mixed,State-administered federal grant route,disaster resilience; hazard mitigation; flood; wildfire; emergency preparedness; infrastructure,"The official library and FY2025 reporting establish program administration, not a standing open call. Transportation work must have a documented natural-hazard mitigation purpose.","Varies by allocation, declaration, or selected project",Generally 75% federal and 25% nonfederal; exceptions may apply,https://opd.gov.mp/library/agency/hazard-mitigation-grant-program.html,2026-08-17,RERC-FND-2026-HMA-NORTHERN-MARIANA-ISLANDS
Funding,Oklahoma Hazard Mitigation Assistance Funding Route,Oklahoma Department of Emergency Management,HMGP and FMA rounds closed,HMGP: no open opportunities; FMA closed 2026-07-24,Oklahoma,,,,,,Local governments and Tribal Nations submit through OEM,Mixed,State-administered federal grant route,disaster resilience; hazard mitigation; flood; wildfire; emergency preparedness; infrastructure,Portal registration is not an open funding call. Transportation work must have a documented natural-hazard mitigation purpose.,"Varies by allocation, declaration, or selected project",Generally 75% federal and 25% nonfederal; exceptions may apply,https://oklahoma.gov/oem/programs-and-services/mitigation.html,2026-08-17,RERC-FND-2026-HMA-OKLAHOMA
Funding,Oregon Hazard Mitigation Assistance Funding Route,Oregon Department of Emergency Management,FY2024 FMA preapplication round closed,Preapplications closed 2026-06-12,Oregon,,,,,,"Local governments, special districts, and Tribal governments submit through Oregon OEM",Mixed,State-administered federal grant route,disaster resilience; hazard mitigation; flood; wildfire; emergency preparedness; infrastructure,Approved mitigation-plan requirements apply. Transportation work must have a documented natural-hazard mitigation purpose.,"Varies by allocation, declaration, or selected project",Generally 75% federal and 25% nonfederal; exceptions may apply,https://www.oregon.gov/oem/emresources/grants/pages/hma.aspx,2026-08-17,RERC-FND-2026-HMA-OREGON
Funding,Pennsylvania Hazard Mitigation Assistance Funding Route,Pennsylvania Emergency Management Agency,FY2024/25 BRIC round closed,LOI closed 2026-04-24; state application closed 2026-06-19,Pennsylvania,,,,,,Local governments and eligible organizations submit through PEMA,Mixed,State-administered federal grant route,disaster resilience; hazard mitigation; flood; wildfire; emergency preparedness; infrastructure,Year-round idea intake is not an open award cycle. Transportation work must have a documented natural-hazard mitigation purpose.,"Varies by allocation, declaration, or selected project",Generally 75% federal and 25% nonfederal; exceptions may apply,https://www.pa.gov/services/pema/resilient-infrastructure-grant,2026-08-17,RERC-FND-2026-HMA-PENNSYLVANIA
Funding,Puerto Rico Hazard Mitigation Assistance Funding Route,Puerto Rico Department of Housing and FEMA,Active match support for eligible HMGP projects,Disaster- and project-specific,Puerto Rico,,,,,,"Municipalities, Puerto Rico agencies, and eligible community or nonprofit partners coordinate through Puerto Rico's recovery programs",Mixed,State-administered federal grant route,disaster resilience; hazard mitigation; flood; wildfire; emergency preparedness; infrastructure,CDBG-MIT may provide the nonfederal share for eligible HMGP projects. Transportation work must have a documented natural-hazard mitigation purpose.,"Varies by allocation, declaration, or selected project",Generally 75% federal and 25% nonfederal; exceptions may apply,https://recuperacion.pr.gov/en/hazard-mitigation-grant-program/,2026-08-17,RERC-FND-2026-HMA-PUERTO-RICO
Funding,Rhode Island Hazard Mitigation Assistance Funding Route,Rhode Island Emergency Management Agency,FY2024/25 BRIC round closed,Project notice closed 2026-06-01; FEMA GO subapplication closed 2026-06-15,Rhode Island,,,,,,Municipalities and eligible subapplicants submit through RIEMA,Mixed,State-administered federal grant route,disaster resilience; hazard mitigation; flood; wildfire; emergency preparedness; infrastructure,"The official page includes hazard-resilient road, bridge, and evacuation-route work. Transportation work must have a documented natural-hazard mitigation purpose.","Varies by allocation, declaration, or selected project",Generally 75% federal and 25% nonfederal; exceptions may apply,https://riema.ri.gov/planning-branch/hazard-mitigation/building-resilient-infrastructure-and-communities-bric-grant,2026-08-17,RERC-FND-2026-HMA-RHODE-ISLAND
Funding,South Carolina Hazard Mitigation Assistance Funding Route,South Carolina Emergency Management Division,Disaster-specific opportunities; current closing dates uncertain,Declaration-specific,South Carolina,,,,,,"State and local governments, Tribes, and eligible nonprofits submit through SCEMD",Mixed,State-administered federal grant route,disaster resilience; hazard mitigation; flood; wildfire; emergency preparedness; infrastructure,Do not infer that every listed disaster intake remains open. Transportation work must have a documented natural-hazard mitigation purpose.,"Varies by allocation, declaration, or selected project",Generally 75% federal and 25% nonfederal; exceptions may apply,https://www.scemd.org/recover/mitigation/,2026-08-17,RERC-FND-2026-HMA-SOUTH-CAROLINA
Funding,Tennessee Hazard Mitigation Assistance Funding Route,Tennessee Emergency Management Agency,Program active; current deadline uncertain,Annual or declaration-specific,Tennessee,,,,,,Eligible subapplicants use the state preapplication or State Hazard Mitigation Office route,Mixed,State-administered federal grant route,disaster resilience; hazard mitigation; flood; wildfire; emergency preparedness; infrastructure,The umbrella page does not publish a 2026 deadline. Transportation work must have a documented natural-hazard mitigation purpose.,"Varies by allocation, declaration, or selected project",Generally 75% federal and 25% nonfederal; exceptions may apply,https://www.tn.gov/tema/emergency-community/mitigation/mitigation-grant-programs.html,2026-08-17,RERC-FND-2026-HMA-TENNESSEE
Funding,Texas Hazard Mitigation Assistance Funding Route,Texas Division of Emergency Management and Texas Water Development Board,Opportunity-specific; FY2024 FMA closed,FMA closed 2026-06-25; other deadlines vary,Texas,,,,,,Local jurisdictions work through TDEM; FMA is administered through TWDB,Mixed,State-administered federal grant route,disaster resilience; hazard mitigation; flood; wildfire; emergency preparedness; infrastructure,There is no standing direct-grant window. Transportation work must have a documented natural-hazard mitigation purpose.,"Varies by allocation, declaration, or selected project",Generally 75% federal and 25% nonfederal; exceptions may apply,https://www.tdem.texas.gov/mitigation/hazard-mitigation-section,2026-08-17,RERC-FND-2026-HMA-TEXAS
Funding,U.S. Virgin Islands Hazard Mitigation Assistance Funding Route,Virgin Islands Territorial Emergency Management Agency,Program administration active; current cycle uncertain,Disaster- and program-specific,U.S. Virgin Islands,,,,,,Territorial agencies and eligible subapplicants coordinate with VITEMA Grants Management,Mixed,State-administered federal grant route,disaster resilience; hazard mitigation; flood; wildfire; emergency preparedness; infrastructure,The current agency page confirms grant administration but not an open HMGP deadline. Transportation work must have a documented natural-hazard mitigation purpose.,"Varies by allocation, declaration, or selected project",Generally 75% federal and 25% nonfederal; exceptions may apply,https://vitema.vi.gov/about-us/divisions/,2026-08-17,RERC-FND-2026-HMA-US-VIRGIN-ISLANDS
Funding,Utah Hazard Mitigation Assistance Funding Route,Utah Division of Emergency Management,Disaster-triggered and recurring,Program-specific state notices,Utah,,,,,,"State and local governments, Tribes, and eligible nonprofits coordinate through Utah DEM",Mixed,State-administered federal grant route,disaster resilience; hazard mitigation; flood; wildfire; emergency preparedness; infrastructure,Utah administers FEMA HMA but does not provide a standing state mitigation fund. Transportation work must have a documented natural-hazard mitigation purpose.,"Varies by allocation, declaration, or selected project",Generally 75% federal and 25% nonfederal; exceptions may apply,https://hazards.utah.gov/services/,2026-08-17,RERC-FND-2026-HMA-UTAH
Funding,Vermont Hazard Mitigation Assistance Funding Route,Vermont Emergency Management,Official page may be stale; future ideas accepted,No verified current award deadline,Vermont,,,,,,"Municipalities, state agencies, regional planning commissions, and eligible public entities submit a VEM preapplication",Mixed,State-administered federal grant route,disaster resilience; hazard mitigation; flood; wildfire; emergency preparedness; infrastructure,Confirm current federal program status with VEM. Transportation work must have a documented natural-hazard mitigation purpose.,"Varies by allocation, declaration, or selected project",Generally 75% federal and 25% nonfederal; exceptions may apply,https://vem.vermont.gov/funding/mitigation,2026-08-17,RERC-FND-2026-HMA-VERMONT
Funding,Virginia Hazard Mitigation Assistance Funding Route,Virginia Department of Emergency Management,Open-opportunities page lists HMGP and FMA; deadline not shown,Confirm deadline with VDEM,Virginia,,,,,,"Cities, counties, towns, planning districts, state agencies, and Tribal governments apply through VDEM",Mixed,State-administered federal grant route,disaster resilience; hazard mitigation; flood; wildfire; emergency preparedness; infrastructure,The official page supports availability but omits the closing date. Transportation work must have a documented natural-hazard mitigation purpose.,"Varies by allocation, declaration, or selected project",Generally 75% federal and 25% nonfederal; exceptions may apply,https://vdem.virginia.gov/divisions/finance/grants/hazard-mitigation-assistance-grant-programs/,2026-08-17,RERC-FND-2026-HMA-VIRGINIA
Funding,West Virginia Hazard Mitigation Assistance Funding Route,West Virginia Emergency Management Division,Current cycle uncertain,No current deadline posted,West Virginia,,,,,,Local jurisdictions coordinate with WVEMD Recovery Grants,Mixed,State-administered federal grant route,disaster resilience; hazard mitigation; flood; wildfire; emergency preparedness; infrastructure,Do not assume a current competitive cycle or state match without confirmation. Transportation work must have a documented natural-hazard mitigation purpose.,"Varies by allocation, declaration, or selected project",Generally 75% federal and 25% nonfederal; exceptions may apply,https://emd.wv.gov/,2026-08-17,RERC-FND-2026-HMA-WEST-VIRGINIA
Funding,Wyoming Hazard Mitigation Assistance Funding Route,Wyoming Office of Homeland Security,Most recent extension closed; notices of interest accepted,Extension closed 2026-06-23; future ideas may be submitted,Wyoming,,,,,,"Eligible state, local, Tribal, and nonprofit subapplicants coordinate through Wyoming HLS",Mixed,State-administered federal grant route,disaster resilience; hazard mitigation; flood; wildfire; emergency preparedness; infrastructure,A notice of interest does not guarantee an open award cycle. Transportation work must have a documented natural-hazard mitigation purpose.,"Varies by allocation, declaration, or selected project",Generally 75% federal and 25% nonfederal; exceptions may apply,https://hls.wyo.gov/grants/hma,2026-08-17,RERC-FND-2026-HMA-WYOMING
Funding,Alabama Highway Safety Improvement Program and Local Road Safety Route,Alabama Department of Transportation,Active; application materials published,Deadline not stated,Alabama,,,,,,Counties and cities use ALDOT's HSIP application and safety portal,Mixed,State-administered formula funding and project delivery,transportation; roadway safety; guardrails; barriers; rural roads; traffic safety,Guardrail must respond to a qualifying safety problem supported by analysis. Guardrail fit: Yes - conditional.,"Varies by allocation, declaration, or selected project",Generally 90% federal; exceptions and state or local shares vary,https://www.dot.state.al.us/programs/HSIP.html,2026-08-17,RERC-FND-2026-HSIP-ALABAMA
Funding,Alaska Highway Safety Improvement Program and Local Road Safety Route,Alaska Department of Transportation and Public Facilities,Ongoing state program,Continuous programming,Alaska,,,,,,DOT regions identify and program data-driven safety projects,Mixed,State-administered formula funding and project delivery,transportation; roadway safety; guardrails; barriers; rural roads; traffic safety,Alaska DOT also publishes a Central Region guardrail inventory and upgrade program. Guardrail fit: Yes.,"Varies by allocation, declaration, or selected project",Generally 90% federal; exceptions and state or local shares vary,https://dot.alaska.gov/stwddes/dcstraffic/hsip.shtml,2026-08-17,RERC-FND-2026-HSIP-ALASKA
Funding,Arizona Highway Safety Improvement Program and Local Road Safety Route,Arizona Department of Transportation,Ongoing state program,Continuous programming,Arizona,,,,,,State and local partners coordinate through ADOT safety planning,Mixed,State-administered formula funding and project delivery,transportation; roadway safety; guardrails; barriers; rural roads; traffic safety,The state plan includes guardrail and cable-barrier countermeasures. Guardrail fit: Yes - conditional.,"Varies by allocation, declaration, or selected project",Generally 90% federal; exceptions and state or local shares vary,https://azdot.gov/planning/traffic-safety/strategic-highway-safety-plan,2026-08-17,RERC-FND-2026-HSIP-ARIZONA
Funding,Arkansas Highway Safety Improvement Program and Local Road Safety Route,Arkansas Department of Transportation,Current local HSIP intake uncertain,No verified current deadline,Arkansas,,,,,,Local agencies should confirm the HSIP route with ARDOT Local Programs,Mixed,State-administered formula funding and project delivery,transportation; roadway safety; guardrails; barriers; rural roads; traffic safety,An official federal report documented guardrail work but not a current local call. Guardrail fit: Conditional.,"Varies by allocation, declaration, or selected project",Generally 90% federal; exceptions and state or local shares vary,https://ardot.gov/divisions/local-programs/,2026-08-17,RERC-FND-2026-HSIP-ARKANSAS
Funding,California Highway Safety Improvement Program and Local Road Safety Route,California Department of Transportation,Cycle 13 open,Due 2026-11-02,California,,,,,,Eligible local agencies apply through Caltrans Local Assistance; an LRSP is required,Mixed,State-administered formula funding and project delivery,transportation; roadway safety; guardrails; barriers; rural roads; traffic safety,Projects must meet the active call's safety and eligibility criteria. Guardrail fit: Yes - conditional.,"Varies by allocation, declaration, or selected project",Generally 90% federal; exceptions and state or local shares vary,https://dot.ca.gov/programs/local-assistance/fed-and-state-programs/highway-safety-improvement-program/apply-now,2026-08-17,RERC-FND-2026-HSIP-CALIFORNIA
Funding,Colorado Highway Safety Improvement Program and Local Road Safety Route,Colorado Department of Transportation,FY2029 review complete; next cycle upcoming,FY2030 local-agency cycle expected to begin in December 2026,Colorado,,,,,,Eligible local and Tribal public-road agencies submit under CDOT's call,Mixed,State-administered formula funding and project delivery,transportation; roadway safety; guardrails; barriers; rural roads; traffic safety,The current program page covers all public roads and announces the next local-agency cycle. Guardrail fit: Yes - conditional.,"Varies by allocation, declaration, or selected project",Generally 90% federal; exceptions and state or local shares vary,https://www.codot.gov/safety/traffic-safety/data-analysis/hsip,2026-08-17,RERC-FND-2026-HSIP-COLORADO
Funding,Connecticut Highway Safety Improvement Program and Local Road Safety Route,Connecticut Department of Transportation,Active FFY2026 program,Continuous programming; no statewide call located,Connecticut,,,,,,Municipalities coordinate with CTDOT Safety Engineering and may request a road-safety audit,Mixed,State-administered formula funding and project delivery,transportation; roadway safety; guardrails; barriers; rural roads; traffic safety,CTDOT selects projects on state and local public roads. Guardrail fit: Yes - conditional.,"Varies by allocation, declaration, or selected project",Generally 90% federal; exceptions and state or local shares vary,https://portal.ct.gov/dot/traffic-engineering/traffic-and-safety-engineering,2026-08-17,RERC-FND-2026-HSIP-CONNECTICUT
Funding,Delaware Highway Safety Improvement Program and Local Road Safety Route,Delaware Department of Transportation,Program documented; current cycle uncertain,Annual internal programming,Delaware,,,,,,DelDOT Traffic Engineering screens and programs projects,Mixed,State-administered formula funding and project delivery,transportation; roadway safety; guardrails; barriers; rural roads; traffic safety,The official manual expressly lists guardrail installation or enhancement. Guardrail fit: Yes.,"Varies by allocation, declaration, or selected project",Generally 90% federal; exceptions and state or local shares vary,https://projectdevelopmentmanualtest.deldot.gov/index.php/Chapter_2_-_Project_Origination_and_Planning,2026-08-17,RERC-FND-2026-HSIP-DELAWARE
Funding,District of Columbia Highway Safety Improvement Program and Local Road Safety Route,District Department of Transportation,Active internal capital program,Continuous internal programming,District of Columbia,,,,,,DDOT identifies and programs projects; public safety reports are not grant applications,Mixed,State-administered formula funding and project delivery,transportation; roadway safety; guardrails; barriers; rural roads; traffic safety,No direct external infrastructure-grant path was found. Guardrail fit: Yes - conditional.,"Varies by allocation, declaration, or selected project",Generally 90% federal; exceptions and state or local shares vary,https://ddot.dc.gov/page/traffic-safety-ddot,2026-08-17,RERC-FND-2026-HSIP-DISTRICT-OF-COLUMBIA
Funding,Florida Highway Safety Improvement Program and Local Road Safety Route,Florida Department of Transportation,Active through Florida GAP,District and program cycles vary,Florida,,,,,,Eligible local agencies register and apply through Florida GAP,Mixed,State-administered formula funding and project delivery,transportation; roadway safety; guardrails; barriers; rural roads; traffic safety,Guardrail needs crash or risk support and district coordination. Guardrail fit: Yes - conditional.,"Varies by allocation, declaration, or selected project",Generally 90% federal; exceptions and state or local shares vary,https://www.fdot.gov/fpo/lp/flgap/home,2026-08-17,RERC-FND-2026-HSIP-FLORIDA
Funding,Georgia Highway Safety Improvement Program and Local Road Safety Route,Georgia Department of Transportation,Ongoing subject to annual availability,Timing varies,Georgia,,,,,,Local governments coordinate with GDOT district Off-System Coordinators,Mixed,State-administered formula funding and project delivery,transportation; roadway safety; guardrails; barriers; rural roads; traffic safety,GDOT invests HSIP funds on local roads through state-local agreements. Guardrail fit: Yes - conditional.,"Varies by allocation, declaration, or selected project",Generally 90% federal; exceptions and state or local shares vary,https://www.dot.ga.gov/PartnerSmart/Public/Documents/LocalGovernmentManual.pdf,2026-08-17,RERC-FND-2026-HSIP-GEORGIA
Funding,Hawaii Highway Safety Improvement Program and Local Road Safety Route,Hawaii Department of Transportation,Ongoing state program,Continuous STIP programming,Hawaii,,,,,,HDOT programs safety improvements on public roads,Mixed,State-administered formula funding and project delivery,transportation; roadway safety; guardrails; barriers; rural roads; traffic safety,"Guardrail projects appear in state programming, but no direct local grant call was found. Guardrail fit: Yes - conditional.","Varies by allocation, declaration, or selected project",Generally 90% federal; exceptions and state or local shares vary,https://hidot.hawaii.gov/highways/shsp/,2026-08-17,RERC-FND-2026-HSIP-HAWAII
Funding,Idaho Highway Safety Improvement Program and Local Road Safety Route,Idaho Transportation Department,Program documented; current cycle uncertain,Continuous ITIP programming,Idaho,,,,,,Local agencies coordinate through ITD and Local Highway Technical Assistance Council,Mixed,State-administered formula funding and project delivery,transportation; roadway safety; guardrails; barriers; rural roads; traffic safety,Official programming includes local HSIP and guardrail projects. Guardrail fit: Yes.,"Varies by allocation, declaration, or selected project",Generally 90% federal; exceptions and state or local shares vary,https://apps.itd.idaho.gov/Apps/Fund/itip2024/FY24-ITIP.pdf,2026-08-17,RERC-FND-2026-HSIP-IDAHO
Funding,Kentucky Highway Safety Improvement Program and Local Road Safety Route,Kentucky Transportation Cabinet,Ongoing state program,Continuous programming,Kentucky,,,,,,Local agencies coordinate with KYTC districts and Traffic Operations,Mixed,State-administered formula funding and project delivery,transportation; roadway safety; guardrails; barriers; rural roads; traffic safety,Roadway departure is an explicit HSIP investment category. Guardrail fit: Yes - conditional.,"Varies by allocation, declaration, or selected project",Generally 90% federal; exceptions and state or local shares vary,https://transportation.ky.gov/TrafficOperations/Pages/Highway-Safety-Improvement-Program.aspx,2026-08-17,RERC-FND-2026-HSIP-KENTUCKY
Funding,Louisiana Highway Safety Improvement Program and Local Road Safety Route,Louisiana Department of Transportation and Development,Active program,Ongoing as funding becomes available,Louisiana,,,,,,Local agencies initiate proposals through DOTD districts or Regional Safety Coalitions,Mixed,State-administered formula funding and project delivery,transportation; roadway safety; guardrails; barriers; rural roads; traffic safety,Lane departure is an explicit emphasis area. Guardrail fit: Yes - conditional.,"Varies by allocation, declaration, or selected project",Generally 90% federal; exceptions and state or local shares vary,https://dotd.la.gov/about/office-of-project-delivery/planning/highway-safety/highway-safety-improvement-program/,2026-08-17,RERC-FND-2026-HSIP-LOUISIANA
Funding,Maine Highway Safety Improvement Program and Local Road Safety Route,Maine Department of Transportation,Ongoing through STIP,Project-specific availability,Maine,,,,,,Projects are programmed through MaineDOT and regional or local transportation processes,Mixed,State-administered formula funding and project delivery,transportation; roadway safety; guardrails; barriers; rural roads; traffic safety,The official STIP includes obsolete cable guardrail replacement with HSIP funds. Guardrail fit: Yes.,"Varies by allocation, declaration, or selected project",Generally 90% federal; exceptions and state or local shares vary,https://www.maine.gov/dot/sites/maine.gov.dot/files/inline-files/2024-2027%20Statewide%20Transportation%20Improvement%20Program.pdf,2026-08-17,RERC-FND-2026-HSIP-MAINE
Funding,Maryland Highway Safety Improvement Program and Local Road Safety Route,Maryland Department of Transportation State Highway Administration,Local fund documented; current 2026 solicitation uncertain,Historically annual; confirm current date,Maryland,,,,,,Counties with a Local Road Safety Plan submit systemic projects to MDOT SHA,Mixed,State-administered formula funding and project delivery,transportation; roadway safety; guardrails; barriers; rural roads; traffic safety,"The located state notice is older, so current timing requires confirmation. Guardrail fit: Yes - conditional.","Varies by allocation, declaration, or selected project",Generally 90% federal; exceptions and state or local shares vary,https://roads.maryland.gov/mdotsha/pages/pressreleasedetails.aspx?PageId=818&newsId=4157,2026-08-17,RERC-FND-2026-HSIP-MARYLAND
Funding,Massachusetts Highway Safety Improvement Program and Local Road Safety Route,Massachusetts Department of Transportation,Active and programmed,Continuous TIP and STIP programming,Massachusetts,,,,,,Municipal projects advance through MPO prioritization and MassDOT safety review,Mixed,State-administered formula funding and project delivery,transportation; roadway safety; guardrails; barriers; rural roads; traffic safety,Routine replacement alone may not meet HSIP's data-driven criteria. Guardrail fit: Yes - conditional.,"Varies by allocation, declaration, or selected project",Generally 90% federal; exceptions and state or local shares vary,https://www.mass.gov/info-details/highway-safety-improvement-program,2026-08-17,RERC-FND-2026-HSIP-MASSACHUSETTS
Funding,Mississippi Highway Safety Improvement Program and Local Road Safety Route,Mississippi Department of Transportation,Current application path uncertain,No verified current deadline,Mississippi,,,,,,Local agencies should confirm the current route with MDOT Planning or Traffic Engineering,Mixed,State-administered formula funding and project delivery,transportation; roadway safety; guardrails; barriers; rural roads; traffic safety,The official manual is older and does not prove a current local call. Guardrail fit: Conditional.,"Varies by allocation, declaration, or selected project",Generally 90% federal; exceptions and state or local shares vary,https://mdot.ms.gov/documents/Planning/Manuals/LTAP/Highway%20Safety%20Improvement%20Program.pdf,2026-08-17,RERC-FND-2026-HSIP-MISSISSIPPI
Funding,Montana Highway Safety Improvement Program and Local Road Safety Route,Montana Department of Transportation,Ongoing state and local program,Continuous programming,Montana,,,,,,Local road agencies coordinate applications with MDT,Mixed,State-administered formula funding and project delivery,transportation; roadway safety; guardrails; barriers; rural roads; traffic safety,Official guidance identifies HSIP on any public road and includes guardrail. Guardrail fit: Yes.,"Varies by allocation, declaration, or selected project",Generally 90% federal; exceptions and state or local shares vary,https://www.mdt.mt.gov/pubinvolve/us191/docs/US191-Appendix5-Funding.pdf,2026-08-17,RERC-FND-2026-HSIP-MONTANA
Funding,Nevada Highway Safety Improvement Program and Local Road Safety Route,Nevada Department of Transportation,2025 local cycle closed,Monitor for the next cycle,Nevada,,,,,,"Local governments, counties, Tribes, and planning agencies use the state local-safety process",Mixed,State-administered formula funding and project delivery,transportation; roadway safety; guardrails; barriers; rural roads; traffic safety,The official page expressly includes guardrails and barriers. Guardrail fit: Yes.,"Varies by allocation, declaration, or selected project",Generally 90% federal; exceptions and state or local shares vary,https://www.dot.nv.gov/safety/traffic-safety-engineering/highways-safety-improvement-program-hsip/hsip-local-infrastructure-safety-program,2026-08-17,RERC-FND-2026-HSIP-NEVADA
Funding,New Hampshire Highway Safety Improvement Program and Local Road Safety Route,New Hampshire Department of Transportation,Ongoing; current schedule uncertain,Road-safety-audit requests may be accepted outside a formal call; confirm with NHDOT,New Hampshire,,,,,,Local agencies coordinate with NHDOT Safety and regional planning commissions,Mixed,State-administered formula funding and project delivery,transportation; roadway safety; guardrails; barriers; rural roads; traffic safety,The page was access-restricted during review; direct availability needs confirmation. Guardrail fit: Yes - conditional.,"Varies by allocation, declaration, or selected project",Generally 90% federal; exceptions and state or local shares vary,https://www.dot.nh.gov/about-nh-dot/divisions-bureaus-districts/highway-design/safety-section/highway-safety-improvement,2026-08-17,RERC-FND-2026-HSIP-NEW-HAMPSHIRE
Funding,New Jersey Highway Safety Improvement Program and Local Road Safety Route,New Jersey Department of Transportation,Active annual program,Dates vary by MPO,New Jersey,,,,,,Counties and municipalities submit candidate projects through their MPO,Mixed,State-administered formula funding and project delivery,transportation; roadway safety; guardrails; barriers; rural roads; traffic safety,The official program provides a direct local-government pathway. Guardrail fit: Yes - conditional.,"Varies by allocation, declaration, or selected project",Generally 90% federal; exceptions and state or local shares vary,https://nj.gov/transportation/about/safety/hsip.shtm,2026-08-17,RERC-FND-2026-HSIP-NEW-JERSEY
Funding,New Mexico Highway Safety Improvement Program and Local Road Safety Route,New Mexico Department of Transportation,Ongoing state program,Continuous programming,New Mexico,,,,,,Local partners coordinate safety projects through NMDOT and regional planning channels,Mixed,State-administered formula funding and project delivery,transportation; roadway safety; guardrails; barriers; rural roads; traffic safety,The public page does not provide a direct local application deadline. Guardrail fit: Yes - conditional.,"Varies by allocation, declaration, or selected project",Generally 90% federal; exceptions and state or local shares vary,https://www.dot.nm.gov/target-zero/,2026-08-17,RERC-FND-2026-HSIP-NEW-MEXICO
Funding,New York Highway Safety Improvement Program and Local Road Safety Route,New York State Department of Transportation,Active state-administered program,Continuous TIP and STIP programming,New York,,,,,,Local sponsors coordinate with NYSDOT regions and MPOs,Mixed,State-administered formula funding and project delivery,transportation; roadway safety; guardrails; barriers; rural roads; traffic safety,The official Red Book discusses guardrail and appropriate funding use. Guardrail fit: Yes.,"Varies by allocation, declaration, or selected project",Generally 90% federal; exceptions and state or local shares vary,https://www.dot.ny.gov/divisions/operating/osss/highway-repository/RedBook.pdf,2026-08-17,RERC-FND-2026-HSIP-NEW-YORK
Funding,North Carolina Highway Safety Improvement Program and Local Road Safety Route,North Carolina Department of Transportation,Ongoing data-driven program,Continuous; no direct local grant deadline located,North Carolina,,,,,,Local agencies submit safety concerns and coordinate with NCDOT divisions,Mixed,State-administered formula funding and project delivery,transportation; roadway safety; guardrails; barriers; rural roads; traffic safety,Engineering review must support a fatal- or serious-injury reduction benefit. Guardrail fit: Yes - conditional.,"Varies by allocation, declaration, or selected project",Generally 90% federal; exceptions and state or local shares vary,https://www.ncdot.gov/initiatives-policies/safety/traffic-safety/Pages/identifying-areas-improvements.aspx,2026-08-17,RERC-FND-2026-HSIP-NORTH-CAROLINA
Funding,Oklahoma Highway Safety Improvement Program and Local Road Safety Route,Oklahoma Department of Transportation,Current public application path uncertain,No verified current deadline,Oklahoma,,,,,,Projects enter through ODOT and MPO planning channels,Mixed,State-administered formula funding and project delivery,transportation; roadway safety; guardrails; barriers; rural roads; traffic safety,The official safety plan is not an application page. Guardrail fit: Conditional.,"Varies by allocation, declaration, or selected project",Generally 90% federal; exceptions and state or local shares vary,https://oklahoma.gov/odot/programs-and-projects/programs/transportation-programs/shsp.html,2026-08-17,RERC-FND-2026-HSIP-OKLAHOMA
Funding,Oregon Highway Safety Improvement Program and Local Road Safety Route,Oregon Department of Transportation,Active All Roads Transportation Safety program,Program cycles and state programming vary,Oregon,,,,,,State and local public-road projects enter through ODOT's all-roads safety process,Mixed,State-administered formula funding and project delivery,transportation; roadway safety; guardrails; barriers; rural roads; traffic safety,Guardrail must be supported by crash or risk analysis. Guardrail fit: Yes - conditional.,"Varies by allocation, declaration, or selected project",Generally 90% federal; exceptions and state or local shares vary,https://www.oregon.gov/odot/Engineering/Pages/Highway-Safety.aspx,2026-08-17,RERC-FND-2026-HSIP-OREGON
Funding,Pennsylvania Highway Safety Improvement Program and Local Road Safety Route,Pennsylvania Department of Transportation,Active; approximately $132 million annually,Annual and continuous regional programming,Pennsylvania,,,,,,Projects originate through PennDOT districts and MPO/RPO planning partners,Mixed,State-administered formula funding and project delivery,transportation; roadway safety; guardrails; barriers; rural roads; traffic safety,PennDOT specifically funds cable median barriers and other roadway-departure countermeasures. Guardrail fit: Yes.,"Varies by allocation, declaration, or selected project",Generally 90% federal; exceptions and state or local shares vary,https://www.pa.gov/agencies/penndot/about-penndot/strategic-planning-and-operations/safety-infrastructure-improvement-programs,2026-08-17,RERC-FND-2026-HSIP-PENNSYLVANIA
Funding,Puerto Rico Highway Safety Improvement Program and Local Road Safety Route,Puerto Rico Highways and Transportation Authority,Ongoing federally aided safety programming,Continuous STIP programming,Puerto Rico,,,,,,PRHTA programs islandwide safety projects through the STIP,Mixed,State-administered formula funding and project delivery,transportation; roadway safety; guardrails; barriers; rural roads; traffic safety,"This is state-programmed funding, not a direct public grant. Guardrail fit: Yes - conditional.","Varies by allocation, declaration, or selected project",Generally 90% federal; exceptions and state or local shares vary,https://act.dtop.pr.gov/oficinas/ingenieria-de-transito/plan-estrategico-de-seguridad-vial,2026-08-17,RERC-FND-2026-HSIP-PUERTO-RICO
Funding,Rhode Island Highway Safety Improvement Program and Local Road Safety Route,Rhode Island Department of Transportation,Active state program,Ongoing programming,Rhode Island,,,,,,RIDOT identifies and programs projects; local governments coordinate with the Office of Safety,Mixed,State-administered formula funding and project delivery,transportation; roadway safety; guardrails; barriers; rural roads; traffic safety,The current report expressly lists guardrail among safety countermeasures. Guardrail fit: Yes.,"Varies by allocation, declaration, or selected project",Generally 90% federal; exceptions and state or local shares vary,https://www.dot.ri.gov/safety/reports/docs/Highway_Safety_Improvement_Program.pdf,2026-08-17,RERC-FND-2026-HSIP-RHODE-ISLAND
Funding,South Carolina Highway Safety Improvement Program and Local Road Safety Route,South Carolina Department of Transportation,Program documented; current local intake uncertain,No verified current local deadline,South Carolina,,,,,,Projects are developed through SCDOT Traffic Engineering,Mixed,State-administered formula funding and project delivery,transportation; roadway safety; guardrails; barriers; rural roads; traffic safety,"The official manual includes obsolete guardrail and bridge-rail work, but the application route is uncertain. Guardrail fit: Yes.","Varies by allocation, declaration, or selected project",Generally 90% federal; exceptions and state or local shares vary,https://www.scdot.org/content/dam/scdot-legacy/business/pdf/roadway/2017_SCDOT_Roadway_Design_Manual.pdf,2026-08-17,RERC-FND-2026-HSIP-SOUTH-CAROLINA
Funding,Tennessee Highway Safety Improvement Program and Local Road Safety Route,Tennessee Department of Transportation,Program available to local governments,Current solicitation timing not stated,Tennessee,,,,,,Local governments coordinate through TDOT Local Programs and planning channels,Mixed,State-administered formula funding and project delivery,transportation; roadway safety; guardrails; barriers; rural roads; traffic safety,TDOT guidance says qualifying guardrail installation may receive 100% federal funding. Guardrail fit: Yes.,"Varies by allocation, declaration, or selected project",Generally 90% federal; exceptions and state or local shares vary,https://www.tn.gov/content/dam/tn/tdot/programdevelopment/LGG_Manual.pdf,2026-08-17,RERC-FND-2026-HSIP-TENNESSEE
Funding,Texas Highway Safety Improvement Program and Local Road Safety Route,Texas Department of Transportation,2026 call complete,2027 call planned but not issued,Texas,,,,,,"TxDOT districts, MPOs, and local governments submit during the annual call",Mixed,State-administered formula funding and project delivery,transportation; roadway safety; guardrails; barriers; rural roads; traffic safety,"TxDOT identifies barriers, fixed-object treatment, and off-system improvements as uses. Guardrail fit: Yes.","Varies by allocation, declaration, or selected project",Generally 90% federal; exceptions and state or local shares vary,https://www.txdot.gov/about/programs/highway-safety-engineering.html,2026-08-17,RERC-FND-2026-HSIP-TEXAS
Funding,Utah Highway Safety Improvement Program and Local Road Safety Route,Utah Department of Transportation,Active all-public-roads program,Continuous programming,Utah,,,,,,Local and Tribal road agencies coordinate through UDOT's HSIP process,Mixed,State-administered formula funding and project delivery,transportation; roadway safety; guardrails; barriers; rural roads; traffic safety,UDOT materials include barrier and guardrail safety work. Guardrail fit: Yes.,"Varies by allocation, declaration, or selected project",Generally 90% federal; exceptions and state or local shares vary,https://connect.udot.utah.gov/docs/highway-safety-improvement-program-manual/,2026-08-17,RERC-FND-2026-HSIP-UTAH
Funding,Vermont Highway Safety Improvement Program and Local Road Safety Route,Vermont Agency of Transportation,Ongoing state program,Continuous programming,Vermont,,,,,,Municipalities coordinate through VTrans Municipal Assistance and safety staff,Mixed,State-administered formula funding and project delivery,transportation; roadway safety; guardrails; barriers; rural roads; traffic safety,Official materials support all-public-road safety work but do not show a direct open call. Guardrail fit: Yes - conditional.,"Varies by allocation, declaration, or selected project",Generally 90% federal; exceptions and state or local shares vary,https://vtrans.vermont.gov/highway,2026-08-17,RERC-FND-2026-HSIP-VERMONT
Funding,Virginia Highway Safety Improvement Program and Local Road Safety Route,Virginia Department of Transportation,2026 fall intake suspended,No 2026 applications accepted,Virginia,,,,,,Localities normally submit through the SMART Portal during the annual intake,Mixed,State-administered formula funding and project delivery,transportation; roadway safety; guardrails; barriers; rural roads; traffic safety,The 2026 intake is closed by policy. Guardrail fit: Yes - conditional.,"Varies by allocation, declaration, or selected project",Generally 90% federal; exceptions and state or local shares vary,https://www.vdot.virginia.gov/doing-business/technical-guidance-and-support/traffic-operations/vhsip/,2026-08-17,RERC-FND-2026-HSIP-VIRGINIA
Funding,Washington Highway Safety Improvement Program and Local Road Safety Route,Washington State Department of Transportation,County and city cycles closed,City cycle closed 2026-03-06; monitor future calls,Washington,,,,,,Eligible counties and cities use WSDOT Local Programs calls,Mixed,State-administered formula funding and project delivery,transportation; roadway safety; guardrails; barriers; rural roads; traffic safety,WSDOT programs guardrail work when safety criteria are met. Guardrail fit: Yes.,"Varies by allocation, declaration, or selected project",Generally 90% federal; exceptions and state or local shares vary,https://wsdot.wa.gov/business-wsdot/support-local-programs/funding-programs/highway-safety-improvement-program,2026-08-17,RERC-FND-2026-HSIP-WASHINGTON
Funding,West Virginia Highway Safety Improvement Program and Local Road Safety Route,West Virginia Division of Highways,Active state-managed program,Continuous internal programming,West Virginia,,,,,,WVDOT districts identify projects through crash and risk data,Mixed,State-administered formula funding and project delivery,transportation; roadway safety; guardrails; barriers; rural roads; traffic safety,The official STIP includes districtwide HSIP guardrail upgrades. Guardrail fit: Yes.,"Varies by allocation, declaration, or selected project",Generally 90% federal; exceptions and state or local shares vary,https://transportation.wv.gov/traffic-engineering-division,2026-08-17,RERC-FND-2026-HSIP-WEST-VIRGINIA
Funding,Wyoming Highway Safety Improvement Program and Local Road Safety Route,Wyoming Department of Transportation,Active FY2026 program,Continuous state programming,Wyoming,,,,,,WYDOT programs projects through its HSIP implementation plan,Mixed,State-administered formula funding and project delivery,transportation; roadway safety; guardrails; barriers; rural roads; traffic safety,The FY2026 plan expressly includes guardrail upgrades. Guardrail fit: Yes.,"Varies by allocation, declaration, or selected project",Generally 90% federal; exceptions and state or local shares vary,https://www.dot.state.wy.us/home/dot_safety/safety-management-system.html,2026-08-17,RERC-FND-2026-HSIP-WYOMING
Funding,Ohio Hazard Mitigation Assistance Funding Route,Ohio Emergency Management Agency,Official preapplication is stale,No verified 2026 deadline,Ohio,,,,,,Governmental subapplicants submit an Ohio EMA preapplication; selected projects advance to FEMA,Mixed,State-administered federal grant route,disaster resilience; hazard mitigation; flood; wildfire; emergency preparedness; infrastructure,"Requires technical feasibility, benefit-cost support, engineering evidence, and an identified local match. Transportation work must have a documented natural-hazard mitigation purpose.","Varies by allocation, declaration, or selected project",Generally 75% federal and 25% nonfederal; exceptions may apply,https://dam.assets.ohio.gov/image/upload/ema.ohio.gov/mip/links/HMA-Pre-Application.pdf,2026-08-17,RERC-FND-2026-HMA-OHIO
Funding,Ohio Highway Safety Improvement Program and Local Road Safety Route,Ohio Department of Transportation,Recurring cycle,Next published deadline 2026-08-31; district coordination is requested six to eight weeks earlier,Ohio,,,,,,Local governments and public-road sponsors coordinate through an ODOT District Safety Review Team,Mixed,State-administered formula funding and project delivery,transportation; roadway safety; guardrails; barriers; rural roads; traffic safety,Any public road may qualify; qualifying guardrail construction may receive a 100% federal share. Guardrail fit: Yes.,"Varies by allocation, declaration, or selected project",Generally 90% federal; exceptions and state or local shares vary,https://dam.assets.ohio.gov/image/upload/transportation.ohio.gov/local-programs/ODOT-Pocket-Resource-Guide-Fall-2025-11-4-25-Web.pdf,2026-08-17,RERC-FND-2026-HSIP-OHIO
Funding,Michigan Hazard Mitigation Assistance Funding Route,Michigan State Police Emergency Management and Homeland Security Division,FY2025 BRIC round closed,NOI closed 2026-04-29; state application closed 2026-07-08; federal deadline was 2026-07-23,Michigan,,,,,,"State agencies, Tribal Nations, and local governments submitted notices of intent and invited applications through FEMA GO",Mixed,State-administered federal grant route,disaster resilience; hazard mitigation; flood; wildfire; emergency preparedness; infrastructure,"Projects required an approved mitigation plan, measurable natural-hazard risk reduction, and cost effectiveness. Transportation work must have a documented natural-hazard mitigation purpose.","Varies by allocation, declaration, or selected project",Generally 75% federal and 25% nonfederal; exceptions may apply,https://www.michigan.gov/msp/-/media/Project/Websites/msp/EMHSD/grants2/Informational-Bulletin---26-01-HMA-BRIC-FY25-Requests-for-NOIs.pdf,2026-08-17,RERC-FND-2026-HMA-MICHIGAN
Funding,Michigan Highway Safety Improvement Program and Local Road Safety Route,Michigan Department of Transportation,FY2028 solicitation closed,Annual; exact deadline is not displayed on the current landing page,Michigan,,,,,,Local road agencies apply through MDOT Local Agency Programs,Mixed,State-administered formula funding and project delivery,transportation; roadway safety; guardrails; barriers; rural roads; traffic safety,The current eligibility materials address guardrail standards for local public-road projects. Guardrail fit: Yes.,"Varies by allocation, declaration, or selected project",Generally 90% federal; exceptions and state or local shares vary,https://www.michigan.gov/mdot/business/local-government/local-agency-program/special-funding-program,2026-08-17,RERC-FND-2026-HSIP-MICHIGAN
Funding,Indiana Hazard Mitigation Assistance Funding Route,Indiana Department of Homeland Security,BRIC and HMGP rounds closed or disaster-dependent,Next deadline not posted,Indiana,,,,,,Communities submit an IDHS preapplication; approved subapplicants develop FEMA GO applications,Mixed,State-administered federal grant route,disaster resilience; hazard mitigation; flood; wildfire; emergency preparedness; infrastructure,The community must participate in an approved county mitigation plan and address documented natural-hazard risk. Transportation work must have a documented natural-hazard mitigation purpose.,"Varies by allocation, declaration, or selected project",Generally 75% federal and 25% nonfederal; exceptions may apply,https://www.in.gov/dhs/emergency-management-and-preparedness/mitigation-and-recovery/,2026-08-17,RERC-FND-2026-HMA-INDIANA
Funding,Indiana Highway Safety Improvement Program and Local Road Safety Route,Indiana Department of Transportation,Standing program; current NOFA date not displayed,Controlled by the current INDOT NOFA,Indiana,,,,,,Local public agencies apply through INDOT's NOFA process and coordinate with an MPO where applicable,Mixed,State-administered formula funding and project delivery,transportation; roadway safety; guardrails; barriers; rural roads; traffic safety,"INDOT guidance expressly lists new guardrails, barriers, and crash attenuators. Guardrail fit: Yes.","Varies by allocation, declaration, or selected project",Generally 90% federal; exceptions and state or local shares vary,https://www.in.gov/indot/doing-business-with-indot/local-public-agency-programs/federal-grant-opportunities/,2026-08-17,RERC-FND-2026-HSIP-INDIANA
Funding,Illinois Hazard Mitigation Assistance Funding Route,Illinois Emergency Management Agency and Office of Homeland Security,Official portal appears stale,HMGP is disaster-dependent; no current BRIC or FMA deadline verified,Illinois,,,,,,State and local governments and eligible private nonprofits apply through IEMA-OHS,Mixed,State-administered federal grant route,disaster resilience; hazard mitigation; flood; wildfire; emergency preparedness; infrastructure,Do not treat older cycle material as a current open call. Transportation work must have a documented natural-hazard mitigation purpose.,"Varies by allocation, declaration, or selected project",Generally 75% federal and 25% nonfederal; exceptions may apply,https://iemaohs.illinois.gov/recovery/mitigation/mitigationprograms.html,2026-08-17,RERC-FND-2026-HMA-ILLINOIS
Funding,Illinois Highway Safety Improvement Program and Local Road Safety Route,Illinois Department of Transportation,FY2028 solicitation closed,Closed 2026-08-14,Illinois,,,,,,"Counties, municipalities, townships, and other local public agencies submit through IDOT",Mixed,State-administered formula funding and project delivery,transportation; roadway safety; guardrails; barriers; rural roads; traffic safety,Applications require crash data and benefit-cost support; systematic local guardrail projects have been funded. Guardrail fit: Yes.,"Varies by allocation, declaration, or selected project",Generally 90% federal; exceptions and state or local shares vary,https://idot.illinois.gov/programs-and-projects/safety-programs/highway-safety/highway-safety-improvement-program.html,2026-08-17,RERC-FND-2026-HSIP-ILLINOIS
Funding,Wisconsin Hazard Mitigation Assistance Funding Route,Wisconsin Emergency Management,No current HMA opportunity posted,HMGP remains disaster-dependent; monitor WEM,Wisconsin,,,,,,State and local governments and Tribal Nations submit through WEM,Mixed,State-administered federal grant route,disaster resilience; hazard mitigation; flood; wildfire; emergency preparedness; infrastructure,"Approved-plan, benefit-cost, and environmental requirements apply. Transportation work must have a documented natural-hazard mitigation purpose.","Varies by allocation, declaration, or selected project",Generally 75% federal and 25% nonfederal; exceptions may apply,https://wem.wi.gov/tag/mitigation-grants/,2026-08-17,RERC-FND-2026-HMA-WISCONSIN
Funding,Wisconsin Highway Safety Improvement Program and Local Road Safety Route,Wisconsin Department of Transportation,August 2026 cycle closed,Standard cycle closed 2026-08-15; mid-cycle deadline was 2026-02-15,Wisconsin,,,,,,Local public agencies and regional safety partners submit to a WisDOT regional coordinator,Mixed,State-administered formula funding and project delivery,transportation; roadway safety; guardrails; barriers; rural roads; traffic safety,"All public roads are eligible, but projects must respond to documented crash or systemic risk. Guardrail fit: Conditional.","Varies by allocation, declaration, or selected project",Generally 90% federal; exceptions and state or local shares vary,https://wisconsindot.gov/pages/doing-bus/local-gov/astnce-pgms/highway/hsip.aspx,2026-08-17,RERC-FND-2026-HSIP-WISCONSIN
Funding,Minnesota Hazard Mitigation Assistance Funding Route,Minnesota Department of Public Safety Homeland Security and Emergency Management,Standing notice-of-interest intake,Exact current award-cycle deadline not shown,Minnesota,,,,,,Subapplicants register in EM Grants Pro and submit a program-specific notice of interest,Mixed,State-administered federal grant route,disaster resilience; hazard mitigation; flood; wildfire; emergency preparedness; infrastructure,A notice of interest is not an application or funding guarantee. Transportation work must have a documented natural-hazard mitigation purpose.,"Varies by allocation, declaration, or selected project",Generally 75% federal and 25% nonfederal; exceptions may apply,https://dps.mn.gov/divisions/hsem/programs/hazard-mitigation/current-funding-opportunities,2026-08-17,RERC-FND-2026-HMA-MINNESOTA
Funding,Minnesota Highway Safety Improvement Program and Local Road Safety Route,Minnesota Department of Transportation,2027-2030 solicitation closed,Closed 2025-11-26; no newer solicitation posted,Minnesota,,,,,,City and county transportation agencies apply through MnDOT; MPO support is required within MPO boundaries,Mixed,State-administered formula funding and project delivery,transportation; roadway safety; guardrails; barriers; rural roads; traffic safety,Guardrail may fit documented roadway-departure risk but is not automatically eligible. Guardrail fit: Conditional.,"Varies by allocation, declaration, or selected project",Generally 90% federal; exceptions and state or local shares vary,https://www.dot.state.mn.us/stateaid/trafficsafety.html,2026-08-17,RERC-FND-2026-HSIP-MINNESOTA
Funding,Iowa Hazard Mitigation Assistance Funding Route,Iowa Department of Homeland Security and Emergency Management,Standing notice-of-interest portal,Annual and disaster-specific; current deadline uncertain,Iowa,,,,,,Local jurisdictions submit through EMGrantsPro and may be invited to complete an application,Mixed,State-administered federal grant route,disaster resilience; hazard mitigation; flood; wildfire; emergency preparedness; infrastructure,HSEM selects and prioritizes local subapplications. Transportation work must have a documented natural-hazard mitigation purpose.,"Varies by allocation, declaration, or selected project",Generally 75% federal and 25% nonfederal; exceptions may apply,https://homelandsecurity.iowa.gov/grants/hazard-mitigation-assistance-hma-grant-programs,2026-08-17,RERC-FND-2026-HMA-IOWA
Funding,Iowa Highway Safety Improvement Program and Local Road Safety Route,Iowa Department of Transportation,Annual rule posted; future authorization should be confirmed,Normally November 15; confirm FY2028 continuation,Iowa,,,,,,Cities and counties submit an HSIP-Local application; joint regional projects are allowed,Mixed,State-administered formula funding and project delivery,transportation; roadway safety; guardrails; barriers; rural roads; traffic safety,Guardrail is expressly listed as a common systemic project. Guardrail fit: Yes.,"Varies by allocation, declaration, or selected project",Generally 90% federal; exceptions and state or local shares vary,https://iowadot.gov/consultants-contractors/traffic-safety/traffic-safety-resource-guide/local-highway-safety-improvement-program-hsip-local,2026-08-17,RERC-FND-2026-HSIP-IOWA
Funding,Missouri Hazard Mitigation Assistance Funding Route,Missouri State Emergency Management Agency,Standing notice-of-interest process,FMA notices may be accepted anytime and retained for two years; federal cycles still control,Missouri,,,,,,Eligible public entities submit an NOI to SEMA; selected applicants develop FEMA GO applications,Mixed,State-administered federal grant route,disaster resilience; hazard mitigation; flood; wildfire; emergency preparedness; infrastructure,A notice of interest is not an award guarantee. Transportation work must have a documented natural-hazard mitigation purpose.,"Varies by allocation, declaration, or selected project",Generally 75% federal and 25% nonfederal; exceptions may apply,https://sema.dps.mo.gov/programs/mitigation_management.php,2026-08-17,RERC-FND-2026-HMA-MISSOURI
Funding,Missouri Highway Safety Improvement Program and Local Road Safety Route,Missouri Department of Transportation,Annual district programming,Typical identification occurs in summer and fall; no direct statewide call found,Missouri,,,,,,Local owners work through MoDOT districts and regional planning partners,Mixed,State-administered formula funding and project delivery,transportation; roadway safety; guardrails; barriers; rural roads; traffic safety,Local-road safety benefits must compare favorably with other project alternatives. Guardrail fit: Conditional.,"Varies by allocation, declaration, or selected project",Generally 90% federal; exceptions and state or local shares vary,https://epg.modot.org/index.php?title=907.1_Safety_Program_Guidelines,2026-08-17,RERC-FND-2026-HSIP-MISSOURI
Funding,North Dakota Hazard Mitigation Assistance Funding Route,North Dakota Department of Emergency Services,Disaster-triggered; no open cycle stated,The state sets declaration-specific deadlines,North Dakota,,,,,,"State, local, and Tribal governments coordinate through NDDES",Mixed,State-administered federal grant route,disaster resilience; hazard mitigation; flood; wildfire; emergency preparedness; infrastructure,"The current official FAQ confirms HMGP eligibility, the local-government application route, and declaration-specific timing. Transportation work must have a documented natural-hazard mitigation purpose.","Varies by allocation, declaration, or selected project",Generally 75% federal and 25% nonfederal; exceptions may apply,https://www.des.nd.gov/recovery-mitigation/faq-hazard-mitigation,2026-08-17,RERC-FND-2026-HMA-NORTH-DAKOTA
Funding,North Dakota Highway Safety Improvement Program and Local Road Safety Route,North Dakota Department of Transportation,Annual solicitation,Application form revised 2026-04-15; exact closing date not found,North Dakota,,,,,,"Counties, cities, and Tribal governments respond to the annual NDDOT solicitation",Mixed,State-administered formula funding and project delivery,transportation; roadway safety; guardrails; barriers; rural roads; traffic safety,The current page confirms applicants and an annual process; guardrail eligibility remains project-specific. Guardrail fit: Conditional.,"Varies by allocation, declaration, or selected project",Generally 90% federal; exceptions and state or local shares vary,https://www.dot.nd.gov/construction-and-planning/grant-and-funding-programs/state-funding-programs-0,2026-08-17,RERC-FND-2026-HSIP-NORTH-DAKOTA
Funding,South Dakota Hazard Mitigation Assistance Funding Route,South Dakota Office of Emergency Management,HMGP disaster-dependent and FMA annual,FMA is typically due near the beginning of December; confirm the current HMA guide,South Dakota,,,,,,"State, local, and Tribal governments and eligible nonprofits develop applications with SD OEM",Mixed,State-administered federal grant route,disaster resilience; hazard mitigation; flood; wildfire; emergency preparedness; infrastructure,Individuals and businesses do not apply directly. Transportation work must have a documented natural-hazard mitigation purpose.,"Varies by allocation, declaration, or selected project",Generally 75% federal and 25% nonfederal; exceptions may apply,https://www.sd.gov/cs?id=kb_article_view&sys_kb_id=6bf29f251b82aa50df4edb1de54bcb14,2026-08-17,RERC-FND-2026-HMA-SOUTH-DAKOTA
Funding,South Dakota Highway Safety Improvement Program and Local Road Safety Route,South Dakota Department of Transportation,Ongoing project-identification program,No fixed application deadline identified,South Dakota,,,,,,"SDDOT works with cities, counties, Tribes, and other local entities to identify projects",Mixed,State-administered formula funding and project delivery,transportation; roadway safety; guardrails; barriers; rural roads; traffic safety,The page does not present an open competitive grant application. Guardrail fit: Conditional.,"Varies by allocation, declaration, or selected project",Generally 90% federal; exceptions and state or local shares vary,https://dot.sd.gov/transportation/highways/highway-safety,2026-08-17,RERC-FND-2026-HSIP-SOUTH-DAKOTA
Funding,Nebraska Hazard Mitigation Assistance Funding Route,Nebraska Emergency Management Agency,FY2024/25 BRIC round closed despite stale open label,NOI closed 2026-05-01; federal deadline was 2026-07-23,Nebraska,,,,,,"State, local, and Tribal governments submit a NEMA HMA notice of intent",Mixed,State-administered federal grant route,disaster resilience; hazard mitigation; flood; wildfire; emergency preparedness; infrastructure,Treat the page's open label as stale as of 2026-08-17. Transportation work must have a documented natural-hazard mitigation purpose.,"Varies by allocation, declaration, or selected project",Generally 75% federal and 25% nonfederal; exceptions may apply,https://nema.nebraska.gov/hazard-mitigation-assistance-grants.php,2026-08-17,RERC-FND-2026-HMA-NEBRASKA
Funding,Nebraska Highway Safety Improvement Program and Local Road Safety Route,Nebraska Department of Transportation,Annual cycle closed,January 31 annually,Nebraska,,,,,,Local public agencies email an application package to NDOT Local Assistance and Highway Safety,Mixed,State-administered formula funding and project delivery,transportation; roadway safety; guardrails; barriers; rural roads; traffic safety,Nebraska has used HSIP for local cable-guardrail replacement. Guardrail fit: Yes.,"Varies by allocation, declaration, or selected project",Generally 90% federal; exceptions and state or local shares vary,https://dot.nebraska.gov/business-center/local-public-assistance/projects/programs/hsip/,2026-08-17,RERC-FND-2026-HSIP-NEBRASKA
Funding,Kansas Hazard Mitigation Assistance Funding Route,Kansas Division of Emergency Management,Limited BRIC notice-of-interest opportunity; allocation uncertain,No fixed date; availability ends when the allocation is committed,Kansas,,,,,,Governmental subapplicants submit a KDEM notice of interest,Mixed,State-administered federal grant route,disaster resilience; hazard mitigation; flood; wildfire; emergency preparedness; infrastructure,Confirm remaining allocation with KDEM before treating the opportunity as available. Transportation work must have a documented natural-hazard mitigation purpose.,"Varies by allocation, declaration, or selected project",Generally 75% federal and 25% nonfederal; exceptions may apply,https://www.kansastag.gov/535/Hazard-Mitigation-Assistance,2026-08-17,RERC-FND-2026-HMA-KANSAS
Funding,Kansas Highway Safety Improvement Program and Local Road Safety Route,Kansas Department of Transportation,Annual program; solicitation dates vary,Application accompanies the current solicitation memo,Kansas,,,,,,Counties and Tribes apply when KDOT issues a solicitation,Mixed,State-administered formula funding and project delivery,transportation; roadway safety; guardrails; barriers; rural roads; traffic safety,"KDOT expressly lists roadside barriers, including guardrails and culvert headwalls. Guardrail fit: Yes.","Varies by allocation, declaration, or selected project",Generally 90% federal; exceptions and state or local shares vary,https://www.ksdot.gov/programs/safety-programs/highway-safety-improvement-program-high-risk-rural-roads-program,2026-08-17,RERC-FND-2026-HSIP-KANSAS
Community Example,Washington Coast Resilience Action Demonstration Project,U.S. Climate Resilience Toolkit Action Plan,Published public precedent,2024,Washington,,,,Washington Coast,county_or_region,Communities looking for comparable examples,Planning,Independent case study,Coastal resilience; flooding; landslides; fisheries; natural areas,"Washington coastal partners assembled a resilience action plan that addresses coastal flooding, landslides, natural areas, marine resources, agriculture, and community needs. The action-plan page links directly to the completed plan and its state partners.",,,https://toolkit.climate.gov/action-plan/washington-coast-resilience-action-demonstration-project,2026-08-20,RERC-CASE-INDEPENDENT-WASHINGTON-COAST-RESILIENCE
Community Example,Larsen Bay Trail Access and Workforce Project,USDA Natural Resources Conservation Service,Published public precedent,2022,Alaska,,,,"Larsen Bay, Kodiak Island",tribal_community,Communities looking for comparable examples,Implementation,Independent case study,River access; trail construction; subsistence access; workforce,"Koniag and NRCS used phased boardwalk construction to reduce erosion and restore access to historic fishing sites near Larsen Bay. Koniag's in-house crews completed two phases, trained local workers, and used about $4 million in NRCS Environmental Quality Incentives Program support.",,,https://www.nrcs.usda.gov/state-offices/alaska/news/larsen-bay-trail-preserves-access-to,2026-08-20,RERC-CASE-INDEPENDENT-LARSEN-BAY-TRAIL
Community Example,Entiat Ranger District Sustainable Recreation Strategy,USDA Forest Service Research and Development,Published public precedent,2022,Washington,,,,Entiat Ranger District,county_or_region,Communities looking for comparable examples,Planning,Independent case study,Recreation management; wildfire resilience; trail assessment; maintenance,"After wildfires damaged recreation infrastructure and maintenance capacity remained limited, the Entiat Ranger District combined social and biophysical assessments to develop site-specific and districtwide recreation recommendations. The report offers a local-scale model for resilient recreation planning.",,,https://research.fs.usda.gov/treesearch/64420,2026-08-20,RERC-CASE-INDEPENDENT-ENTIAT-SUSTAINABLE-RECREATION
Community Example,Haxton Way Rural Tribal Complete Streets Project,Federal Highway Administration,Published public precedent,2022,Washington,,,,Lummi Reservation,tribal_community,Communities looking for comparable examples,Implementation,Independent case study,Safe access; trails; active transportation; wetlands; public health,"The Lummi Reservation converted a high-speed rural road corridor into separated walking and bicycling facilities using an asphalt path, boardwalk, sidewalk, and solar lighting. Follow-up crash data showed no pedestrian or bicycle deaths in the project limits after construction.",,,https://highways.dot.gov/safety/learn-safety/complete-streets-look-different-different-contexts-major-undertaking-tribe,2026-08-20,RERC-CASE-INDEPENDENT-LUMMI-HAXTON-WAY
Community Example,Kansas River Trail Wayfinding and Water-Trail Strategy,"National Park Service Rivers, Trails, and Conservation Assistance",Published public precedent,2015,Kansas,,,,Kansas River corridor,county_or_region,Communities looking for comparable examples,Implementation,Independent case study,River access; wayfinding; water trails; tourism; rural economy,"Kansas partners used a river-trail plan to connect 21 communities, strengthen wayfinding, and increase public awareness of recreation along the Kansas River. Partners leveraged more than $100,000 for signs and media materials after the river received National Water Trail designation.",,,https://www.nps.gov/articles/cor-ks.htm,2026-08-20,RERC-CASE-INDEPENDENT-KANSAS-RIVER-TRAIL
Community Example,Flint Hills Regional Trail Partnership,"National Park Service Rivers, Trails, and Conservation Assistance",Published public precedent,2015,Kansas,,,,Flint Hills region,county_or_region,Communities looking for comparable examples,Planning,Independent case study,Regional trails; conservation; tourism; coalition building,"Kansas partners set out to expand a Flint Hills trail system by at least 500 miles while protecting tallgrass prairie. National Park Service assistance focused on coalition building, trail-tourism planning, and an action-oriented organization across communities and landowners.",,,https://www.nps.gov/articles/cor-ks.htm,2026-08-20,RERC-CASE-INDEPENDENT-FLINT-HILLS-TRAILS
Community Example,N Street Protected Bikeway Funding Package,Federal Highway Administration,Published public precedent,2019,Nebraska,,,,Lincoln,town_or_city,Communities looking for comparable examples,Implementation,Independent case study,Bicycle access; downtown revitalization; tax increment financing; maintenance,"Lincoln used four tax increment financing districts, local fundraising, transportation funds, and business improvement districts to build and maintain a protected bikeway that connects downtown activity centers to a regional trail system. The case explains how a funding gap was closed and how long-term maintenance was shared.",,,https://www.fhwa.dot.gov/ipd/value_capture/case_studies/lincoln_nebraska_protected_bikeway.aspx,2026-08-20,RERC-CASE-INDEPENDENT-N-STREET-BIKEWAY
Community Example,Virginia Creeper Rail Trail Economic Impact Assessment,USDA Forest Service Research and Development,Published public precedent,2007,Virginia,,,,Virginia Creeper Rail Trail communities,county_or_region,Communities looking for comparable examples,Implementation,Independent case study,Rail trails; recreation economy; tourism spending; economic analysis,A Forest Service-supported study estimated the recreational value and local economic impacts of the Virginia Creeper Rail Trail. It shows how trail-user surveys and visitor spending can help communities document recreation benefits and local business impacts.,,,https://research.fs.usda.gov/treesearch/27561,2026-08-20,RERC-CASE-INDEPENDENT-VIRGINIA-CREEPER-ECONOMIC-IMPACTS
Community Example,Obed Wild and Scenic River Recreation Economy Feasibility Assessment,USDA Forest Service Research and Development,Published public precedent,2004,Tennessee,,,,Obed Wild and Scenic River region,county_or_region,Communities looking for comparable examples,Planning,Independent case study,Outdoor recreation; tourism; rural economy; feasibility,"A Forest Service feasibility assessment examined how outdoor recreation and tourism at the Obed Wild and Scenic River could support rural economic transition. The study frames visitor spending, local services, jobs, and income as factors communities can evaluate when planning around natural assets.",,,https://research.fs.usda.gov/treesearch/23144,2026-08-20,RERC-CASE-INDEPENDENT-OBED-RECREATION-ECONOMY
Community Example,Route of the Olympian Rails-to-Trails Investment,USDA Forest Service Pacific Northwest Research Station,Published public precedent,2011,Montana,,,,Mineral County,county_or_region,Communities looking for comparable examples,Implementation,Independent case study,Rails to trails; tourism; rural economic transition; partnerships,"A Recovery Act project funded engineering, trestle and tunnel repairs, and rail-grade restoration to advance a 30-mile multiuse trail in Mineral County. The Forest Service report documents how the project built on land-trust, state, and local partnerships to support recreation-based economic diversification.",,,https://www.fs.usda.gov/pnw/pubs/pnw_gtr832.pdf,2026-08-20,RERC-CASE-INDEPENDENT-ROUTE-OLYMPIAN
